product_id,product_name,median_value_score,mean_value_score,markets_evaluated,median_weighted_rating,median_price_usd,max_review_count
28508,LEN,0.7097457627118644,0.6069753307388757,25,4.596070710694419,5.044474956719002,645.0
31841,EDSVIK,-0.11670761670761665,-0.11007227842770069,17,4.494805685099355,63.218390804597696,137.0
57256,BLANDA BLANK,0.011904761904761862,0.026666882566778998,3,4.6979811554493125,13.503155996393147,2164.0
69768,OMAR,0.23113207547169812,0.22724081482628586,19,4.591596390936774,34.27368008619845,292.0
81534,KONCIS,-0.5032,-0.48128008512828735,27,3.724233299804635,5.9990770650669125,543.0
89163,KONCIS,0.08074534161490676,0.006160830383206693,29,4.598297307967582,5.145977735769796,1724.0
100467,PAPPIS,0.8748385012919897,0.830676729674664,10,4.692352224288889,1.1642296874367424,558.0
102065,LYCKSELE LÖVÅS,0.2641203703703704,0.2183564344794583,16,4.497659538344187,137.9310344827586,326.0
102452,MYDAL,-0.2788697788697788,-0.2803796606558693,23,4.49856228784,263.2183908045977,542.0
102975,SAMLA,0.5576875788483332,0.49654220171138963,36,4.599620411072475,10.499649551049469,6845.0
103343,MALM,0.19703389830508466,0.15870975344379862,7,4.599013959572445,57.45977011494253,2624.0
104291,LACK,0.13910482721162334,0.0947966936521376,16,4.499272702069016,50.76533218785796,1089.0
110640,LERSTA,0.09428907365415304,0.044472873790359455,20,4.499435400554278,22.97701149425287,1408.0
111994,ALBERT,-0.20854922279792748,-0.2718932747926656,11,4.213357212762791,25.40216086434574,326.0
118523,PACHIRA AQUATICA,-0.6390579220193824,-0.6448398695762639,12,4.403338527484564,52.867816091954026,280.0
130129,SAMLA,0.5726444759749971,0.5543489259393531,34,4.599620411072475,9.189655172413794,6845.0
130167,DUKTIG,0.17159763313609466,0.13903295751499917,25,4.792432781939512,11.956782713085234,802.0
132798,GOSIG GOLDEN,0.39160839160839167,0.3764183555981772,31,4.896158772164299,10.798016230838593,2066.0
138432,BRANÄS,-0.6362126245847175,-0.6343177789070291,27,4.302098259151952,18.601234205113137,1314.0
141401,FABLER BJÖRN,0.8230839416058394,0.8172540158158037,30,4.795983741870809,1.9118915030487624,1527.0
146776,FORSÅ,0.45061728395061734,0.4131902560677842,7,4.6977467422968795,22.97701149425287,1937.0
152159,IKEA 365+ VÄRDEFULL,-0.009554140127388533,-0.07950514623559195,17,4.498684446389542,4.586206896551724,594.0
159014,BYHOLMA,-0.007204610951008661,-0.0706076375188465,9,4.672294850254088,11.44902634593356,141.0
160215,LURÖY,-0.5607386432834003,-0.5468181794313688,4,3.7048397583447494,42.03497084280907,2791.0
165213,URBAN,0.5170278637770898,0.4110846084329816,25,4.695406549729301,51.712643678160916,941.0
177225,STÖDJA,0.5284974093264249,0.3805752692762102,11,4.4992613588902755,3.850516387081368,1072.0
185287,OLEBY,-0.4090380952380952,-0.3885156361516236,6,4.567838039387655,17.474564072560668,89.0
186041,LÄMPLIG,0.10312499999999997,0.09879751755753359,19,4.58793926477037,3.4367816091954024,630.0
186395,SKUBB,-0.22911963882618502,-0.25215609740783806,19,4.597518934467047,17.879529580323563,1032.0
190689,DUKTIG,0.5259259259259259,0.5253880833658195,21,4.780111798687179,4.586206896551724,294.0
204672,UTRUSTA,-0.3308693223118651,-0.31307043240127164,18,3.8322264513398903,22.514667969656337,348.0
205501,BODBYN,-0.24026912712151768,-0.20393153851018497,6,4.226870650236258,44.990186066387096,153.0
208670,TORKAD,-0.12738853503184713,-0.11575268673047585,23,4.306469632385186,3.4367816091954024,414.0
211088,STEFAN,-0.06645569620253164,-0.07237226712470521,21,4.400802971097982,34.47126436781609,1221.0
214505,KOMPLEMENT,-0.1093169614018088,-0.08378185290666072,28,4.203586948626386,13.456079438142522,1263.0
215307,HEKTAR,-0.3271276595744681,-0.3443311380494016,23,4.49863770082978,74.71264367816092,573.0
217165,RÄCKA,0.5984895464209781,0.5673806147040382,6,4.497699660544001,3.0631845298561218,332.0
217194,VÄSENTLIG,0.7913385826771653,0.7645489292490737,11,4.5794872534677165,4.540229885057471,109.0
217797,GUNDE,0.11650851423371897,0.08186575628097616,26,4.400889875841146,11.482758620689655,1100.0
219763,PLANERA,0.28723404255319146,0.28826758560418436,3,4.674388844130234,4.011494252873563,154.0
221596,KNUBBIG,0.47098487286771806,0.40390156275287764,8,4.67988530223927,14.918580945930831,407.0
222671,VARDÖ,0.18077803203661336,0.24725725606196675,11,4.587994844195392,34.47126436781609,199.0
226315,VARIERA,0.3555045871559633,0.3253324652591644,23,4.3047775746844446,1.3119055428009183,567.0
228705,BRIMNES,-0.3763440860215054,-0.4261423649133875,31,4.006180151727301,274.6042670337233,1308.0
233429,APTITLIG,-0.3119266055045872,-0.3600590759844057,23,4.595554404761774,17.229885057471265,568.0
236239,LÄTTAD,0.015331409235668836,0.04166307648411896,24,4.595075389773913,4.950038333452264,511.0
239233,TUFFING,-0.7261904761904762,-0.726648962109791,27,3.9088372070648982,171.26436781609195,1113.0
241815,DRUVFLÄDER,-0.28571428571428575,-0.3477014967543831,5,4.495624354295653,11.482758620689655,166.0
242278,FABRIKÖR,-0.1490395832334564,-0.16397360449062418,16,4.592743401644569,181.4379217064146,341.0
245842,BESTÅ,-0.5258425283854744,-0.5511921798933643,14,4.101419822644405,70.96216486265267,4486.0
245880,SKUBB,0.13832853025936598,0.02536503583447606,29,4.697784145468009,11.909736732135395,1970.0
245917,BESTÅ,-0.06563485716824383,-0.07164487395291312,6,4.40164443171967,26.85707835102842,587.0
246417,KOMPLEMENT,-0.15363875620696926,-0.15587064916425147,8,4.407209283988406,45.97701149425287,120.0
248567,SUNDVIK,-0.38606847697756796,-0.4615004945621478,18,4.401946929922506,171.26436781609195,493.0
249487,MALM,-0.4685468988205087,-0.44281685135700466,18,4.304422280364557,145.951312065955,614.0
250249,VITTSJÖ,0.48000000000000004,0.4098444650572507,25,4.598430651319518,26.964910009063836,1642.0
251135,LINNMON,0.5515811011904762,0.5223112512523836,24,4.499396009895274,18.24528266802801,1315.0
257255,KOMPLEMENT,0.2790502237761849,0.2884348790469885,4,4.497029081883395,12.171964521143323,253.0
257298,KOMPLEMENT,0.5751173708920188,0.5709688636529552,15,4.695902215060838,19.99692355022304,1057.0
257302,KOMPLEMENT,0.5710594315245479,0.543589053989284,3,4.695902215060838,7.202881152460985,1057.0
257463,KOMPLEMENT,-0.40796239374620524,-0.34129164936309303,14,3.818400750687051,39.705499880092276,623.0
258882,KLIPSK,-0.5904761904761905,-0.46701751404046,29,4.301064311192079,11.482758620689655,2608.0
259914,KRUSNING,0.7160493827160495,0.6648771025122415,9,4.772784566624561,11.482758620689655,229.0
260451,LILLEPLUTT,0.42592592592592593,0.42039892941619894,31,4.794991833083453,6.740306582506762,1221.0
262879,EKERÖ,-0.21853146853146854,-0.020987036519678075,3,4.587229809756862,235.43290931473123,186.0
263850,BILLY,0.1863768742657156,0.12628425859729006,22,4.599007195575609,63.43895345891556,2606.0
275848,KALLAX,0.36940581461107397,0.2926415623557026,32,4.698758421981511,57.27832512315271,3530.0
277357,VÄRDERA,0.2258581392794376,0.20654691933539251,20,4.682991819267954,4.197169818070143,241.0
278333,LEIRSUND,-0.5892592331050067,-0.5689462343682291,4,4.123086213683754,91.95402298850574,259.0
278465,RÖRT,0.14410828025477704,0.14940199614795988,11,4.496753553187097,2.2988505747126435,230.0
278578,HYLLIS,-0.2791263464874616,-0.32051922280999756,22,4.101439640069879,22.97701149425287,4424.0
280208,KUGGIS,-0.02803738317757004,-0.04239685871326943,21,4.594606379276191,11.482758620689655,465.0
283527,IKEA 365+,-0.6276150627615062,-0.6278297663925844,3,4.489543911563637,19.612987864873727,59.0
284386,BEPRÖVAD,0.6819597122302159,0.6061007256310194,8,4.801171372720988,2.2595483142107935,329.0
285908,FEJKA,-0.04601990049751248,-0.059253632562547336,19,4.591402248153135,9.183908045977011,285.0
286677,HEJNE,0.30844907407407407,0.3073612800503717,17,4.496110537151691,6.273132174894925,189.0
286917,VARDAGEN,-0.16165413533834588,-0.11170485488905012,15,4.499592138394327,6.885057471264368,1956.0
287295,SNITTA,-0.2842356687898089,-0.23878251899531963,21,4.400840271275676,5.735632183908046,1166.0
287808,HEJNE,0.09725092238895479,0.08948463432109238,4,4.402420635499757,10.64476577462077,393.0
289261,VARDAGEN,0.6743119266055045,0.6247753663273969,9,4.6939155817546965,1.3844023996308261,716.0
290622,HOPPVALS,-0.18110236220472442,-0.1741262534833716,23,4.300990039387319,41.90296156269691,2805.0
290778,FLISAT,0.546767537826685,0.2556638541082971,15,4.691593284714504,19.528735632183906,506.0
290783,FLISAT,0.24735249621785171,0.22910241394684092,7,4.585686160386813,28.72413793103448,164.0
291419,STAJLIG,0.40857787810383744,0.34605016425512913,25,4.694786841645445,5.735632183908046,827.0
291674,LAPPVIKEN,-0.019125683060109283,-0.018297294361935477,7,4.303088266508729,11.27141568981064,887.0
291787,SILVERHÖJDEN,-0.5323383084577115,-0.5140777925368002,5,4.401715312397242,14.93103448275862,562.0
291848,HANVIKEN,0.16527382645803698,0.1617594827589225,4,4.49582839995026,15.473377749081767,175.0
291928,VARDAGEN,-0.4649702598642773,-0.4617864475574667,30,4.301873244765684,6.063929533309252,1474.0
292094,SILVERHÖJDEN,-0.18627450980392157,-0.2035132462851413,3,4.403871133036577,5.9990770650669125,562.0
294979,KARMSUND,-0.21376811594202894,-0.18428510880684296,23,4.591909568914286,17.17640320733104,304.0
295304,BESTÅ,-0.3448275862068966,-0.3363156909435054,9,4.160329067833962,45.97701149425287,88.0
295530,BESTÅ,0.1924798304738562,0.19107038907429966,6,4.4029434354745565,6.462938667062735,320.0
295549,BESTÅ,0.014492753623188415,-0.024638751130156594,3,4.490415252266668,8.357709987463435,1536.0
295554,BESTÅ,0.13251366120218577,0.12087557106037178,23,4.400640206686229,8.034279592929835,1536.0
295813,VARIERA,-0.7158736683451512,-0.7188128681931815,8,4.3111795247616005,15.0103138960143,232.0
296172,ELVARLI,0.24056681774791233,0.2167666862148439,14,4.490181477931708,9.725897920604915,70.0
296214,ELVARLI,0.4078947368421052,0.3722115137797648,11,4.568613026390362,9.195402298850574,65.0
297553,VILBORG,-0.2876184438809555,-0.3284457331083177,22,4.400923752265925,61.654551425356445,1059.0
297850,UPPHETTA,-0.25757575757575757,-0.28924797331698265,7,4.4997450542084865,9.183908045977011,3140.0
298128,TYSSEDAL,-0.3419618528610354,-0.3432544735505588,11,4.584400486170059,409.8276569552729,149.0
299689,BRENNÅSEN,0.15591366055588413,0.15843956685083208,4,4.585764378089618,37.35632183908046,165.0
299825,KRAGSTA,0.18281249999999993,0.19156780725254027,13,4.685651078796091,113.79310344827586,289.0
300664,BRIMNES,0.1062291434927698,0.08759938863282103,7,4.683186569429008,114.9310344827586,244.0
301908,BUSBASSE,0.21951219512195125,0.2279305931174965,13,4.682588463203162,5.735632183908046,432.0
306920,IKORNNES,-0.7716535433070866,-0.7384485036614481,19,4.307533372480862,34.27368008619845,353.0
307552,BESTÅ,0.45385263480392163,0.4252062644847947,16,4.59110880952355,11.482758620689655,275.0
309198,VIDJA,-0.19183568489124042,-0.24904240437600425,26,4.499081962588826,45.96551724137931,859.0
309594,ELVARLI,0.013751078515962037,-0.014464441630181315,10,4.036916180690412,4.059454810960071,55.0
309829,LÄMPLIG,-0.26494285714285715,-0.28064894188024286,32,4.5990781603646145,17.229885057471265,2808.0
310960,CACTACEAE,0.3717532467532467,0.331499380101011,15,4.680679303466667,5.735632183908046,210.0
314468,SKOGSKLÖVER,-0.11387942178869437,-0.09890355777425827,8,4.2027481346832545,30.06255205730468,1654.0
315726,PERSILLADE,0.4666666666666666,0.49389050182833605,7,4.730279563937079,3.4367816091954024,1169.0
316047,BORGHAMN,0.827572601010101,0.8143125991832025,18,4.777435931601455,6.909281861146031,257.0
317527,ELVARLI,0.26839237057220705,0.2656828767706147,3,4.490181477931708,6.856695072974826,64.0
318942,OFTAST,0.921106392669596,0.8412270411972169,32,4.797584617045699,0.7406818912810316,2551.0
319017,OFANTLIGT,-0.13057324840764328,-0.13931365902783116,13,4.577922721952542,8.034482758620689,100.0
319022,OFANTLIGT,0.09920634920634919,0.0951925816998757,21,4.685016602688436,5.735632183908046,276.0
320054,LILLABO,-0.29268292682926833,-0.2545246230799022,29,4.598044205097898,13.387787895018748,1314.0
320134,FLEKKE,-0.49781586021505375,-0.4363050055087372,22,4.211544927614071,412.0076110278936,380.0
320723,IDÅSEN,-0.09734513274336276,-0.0946211059112812,17,4.656812560690197,543.7026841018582,84.0
320799,SKÅDIS,0.495253164556962,0.47248027273627785,22,4.692633580585953,3.5778205805648833,580.0
320803,SKÅDIS,-0.0993788819875776,-0.08697608508739949,7,4.599165828110919,14.829461196243203,3105.0
321015,KRUMMELUR,-0.03438280859570214,-0.052516077703402,6,4.578990977341936,70.01182843610499,106.0
321317,ÅRSTID,0.1470588235294118,0.08758522360897855,29,4.795288444335915,57.45977011494253,1299.0
321614,SKÅDIS,0.3414985590778098,0.3269184184240955,19,4.594361214697835,3.097040605643496,444.0
324518,KALLAX,0.2282608695652174,0.218394128146608,3,4.862766889257675,75.52117052958695,962.0
328540,BROGRUND,-0.12017650779936123,-0.08235726885468214,24,4.401763973741844,6.865978632781758,546.0
329040,BERÄKNA,-0.2676767676767676,-0.2717039634035406,15,4.494036156965927,8.940123881624226,117.0
329790,PINNIG,-0.27888418079096045,-0.22604829853987168,16,4.496129236492308,22.719919693287114,190.0
330944,PLATSA,-0.22119520149003244,-0.2245968027766264,6,4.404829520341749,59.181321115934345,188.0
330982,HJÄLPA,-0.3183325674019608,-0.3147303208645459,12,3.6457193321220345,22.988505747126435,100.0
331057,FONNES,-0.10731132075471697,-0.14291567621918108,11,4.3085732551852765,20.689655172413794,308.0
331161,HJÄLPA,0.366599199464798,0.36783613034507784,6,4.4979141999751295,8.1263943325834,368.0
331873,ASKERSUND,0.5591110408098703,0.5516020365269028,8,4.713817794311112,23.043550688423903,54.0
333947,EKET,-0.620954824790795,-0.6325784479252305,4,4.020284359382178,100.92059578606892,386.0
334305,BILLSBRO,0.40968899521531094,0.35855733456394256,7,4.597478103766117,18.39080459770115,1015.0
334918,KUNGSFORS,0.2830047339125006,0.28924782244322533,18,4.495806672866667,11.365815739560336,174.0
334923,KUNGSFORS,0.7407407407407407,0.7440556737358052,19,4.682519369803176,5.735632183908046,715.0
335197,KARLBY,-0.76664998331665,-0.7921613344020871,6,3.818118097066667,211.4942528735632,633.0
335201,KARLBY,-0.7947888822732052,-0.7903364397389786,4,3.818118097066667,312.5730017735979,633.0
335852,LOMVIKEN,-0.4377962887715021,-0.43932786933612306,18,4.404563675185322,11.34894960218229,1017.0
336267,NYMÅNE,0.07869211514392993,0.04976721900173955,22,4.595903901242767,34.47126436781609,618.0
336432,GUBBARP,0.5064308681672025,0.5031800198454315,19,4.4965445544652365,1.0501995379122033,215.0
337177,NATTJASMIN,-0.00878311666940923,-0.05204217574518103,24,4.499395556449249,41.5949769960766,1314.0
338407,BAGGANÄS,0.6784841075794621,0.6458415767096055,7,4.69378685640395,9.195402298850574,691.0
338412,BAGGANÄS,0.8264248704663213,0.8255835062892968,9,4.7894470768544215,5.747126436781609,570.0
338577,VILJESTARK,0.87248322147651,0.7599380382560684,31,4.791546159659945,1.1379310344827585,716.0
339713,NORRSJÖN,-0.5655893536121672,-0.5753729086699951,21,4.497924951521649,22.97701149425287,370.0
339794,VILJESTARK,0.5847176079734219,0.5555448251117716,25,4.684489018276056,1.1045987376014428,345.0
340047,EKET,0.14124858639272697,0.1474561233077119,22,4.307806930699441,5.1901274865531795,340.0
342744,ULLVIDE,0.4702626016966328,0.4548342875282204,4,4.499404057135751,7.640429785107445,1333.0
342758,ULLVIDE,-0.23837592817447348,-0.2831502763660366,4,4.209513211574327,22.97701149425287,465.0
342876,IHÅLLIG,-0.3375796178343949,-0.28668986459636325,21,4.4034544485777785,6.740306582506762,270.0
342975,KARAFF,0.6199331125827815,0.5473406020999223,30,4.696266848466442,1.7241379310344827,1171.0
343003,MOPSIG,-0.3817460317460317,-0.38945954675686006,27,4.204509206271246,5.452571628079516,1001.0
343282,SJÄLSLIGT,0.19612360956498476,0.15814762834759916,24,4.793370599562392,17.229885057471265,918.0
343692,NATTJASMIN,0.18003002761036085,0.16247488740918514,6,4.498442710232882,21.05793766777567,499.0
343734,NATTJASMIN,0.49874686716791977,0.49440097924391285,3,4.499295609090463,8.034482758620689,1125.0
344451,VILTO,-0.45270270270270274,-0.5410549334829474,13,4.318148579158442,41.90296156269691,136.0
347505,ENERYDA,0.43517428167687233,0.43539048351807774,4,4.594480680488136,10.070053130942611,454.0
349444,TINGBY,0.5395108838953505,0.46216695807958175,6,4.694679808200967,51.45131568397172,810.0
349849,NORDLI,-0.4930232558139535,-0.48812189496997893,11,4.401484897299105,515.4852030282175,652.0
353619,VÅGSJÖN,0.03267973856209151,0.02230901844219999,7,4.303154493442889,2.2852233676975944,868.0
356057,LERHYTTAN,-0.16464891041162233,-0.14096046119300407,3,4.409753737160785,79.3103448275862,84.0
357226,DVALA,0.2813953488372093,0.2685168469132694,21,4.400108801530009,8.62143381242177,9136.0
357269,DVALA,0.1840980024968789,0.16041062116480245,4,4.400108801530009,14.23930426091302,9136.0
357354,SKURUP,0.14835164835164835,0.1104811102990383,15,4.404949657663682,14.683122734841806,183.0
358754,VILTO,-0.7355623100303952,-0.7462860070304478,3,4.318148579158442,49.533381191672646,136.0
359206,IKEA 365+,0.584126984126984,0.5792472663795096,27,4.698560418689674,2.6825969341749327,3042.0
360484,UTÅKER,-0.25,-0.2874868010843387,19,4.1114194306971426,204.65736561345918,542.0
360587,MUSKAN,0.06825396825396823,0.04394493148702263,19,4.495600443663388,45.96551724137931,165.0
362440,KLOTULLÖRT,0.09022556390977443,0.02435879655189998,7,4.322006938507087,14.93103448275862,109.0
363171,FABRIKÖR,-0.1848086124401913,-0.1823140500038177,13,4.591755953134178,199.99,298.0
365165,GALANT,-0.8883976636520241,-0.878742348862797,4,3.9092118628740744,372.41379310344826,90.0
368767,MATTRADITION,-0.8535108958837773,-0.8746890946511932,3,3.760154341550443,419.5547153959252,222.0
368814,NORDVIKEN,-0.007936507936507908,-0.010220448682718621,7,4.718353699873685,372.2107943971006,58.0
372298,PINNARP,-0.7541060839440974,-0.7606273404348886,6,3.921596713303093,217.35884664795057,79.0
372302,PINNARP,-0.7911248617463307,-0.7903575046317827,8,3.921596713303093,301.85396120159044,79.0
373207,BLOMNING,0.33368235606967156,0.35907373098603884,8,4.691379415245402,4.500541030822844,516.0
377210,NYMÖ,0.010056420012031886,-0.04114353760127034,16,4.595715265115789,45.11813860252005,590.0
377941,FENOMEN,0.016778523489932917,0.0018448408528257132,11,4.5881585508654545,8.296576349506406,202.0
381599,FUBBLA,-0.46809829059829056,-0.5088338028578453,18,4.036100798195595,34.41489907966979,209.0
381764,VIKHAMMER,-0.08888851477352783,-0.12994268744513898,22,4.49840885610751,74.51450479901987,488.0
381801,NORDRUTA,0.568922305764411,0.5556306616537127,5,4.682588463203162,16.080459770114942,235.0
384729,KAFFEREP,-0.13076923076923075,-0.15302844060536808,17,4.310351411816297,2.28735632183908,302.0
385309,SANDARED,-0.3412855132920297,-0.2055258989071279,12,4.330712980114287,90.94421297016054,73.0
385314,SANDARED,0.45454545454545453,0.45391530694094945,17,4.402934752774042,57.45977011494253,321.0
388261,TROLLBERGET,-0.18918918918918914,-0.14766526677640682,3,4.406179386275777,106.58051565146476,143.0
391715,FRÖSÖN,0.17475579975579975,0.23326180464861757,6,4.591139051668028,12.629438893767155,276.0
391937,TÅSJÖN,-0.021592442645074227,-0.04135486497293118,24,4.301539879443746,3.442528735632184,1797.0
392041,BRIMNES,-0.19736842105263153,-0.17129775433012545,21,4.499001093288338,119.56782713085235,788.0
394318,POÄNG,0.4310561233638157,0.40017733330486627,16,4.400440407786809,28.902195205372966,2243.0
394380,LÄMPLIG,-0.27649270257729786,-0.2548842439053069,10,4.595453544834904,14.93103448275862,555.0
395558,SANNIDAL,0.03474114441416892,0.034126322737604596,5,4.496453221103084,33.81424706943192,209.0
395619,NYPON,0.7034903001160671,0.7062790465767916,6,4.697523823041259,1.7954854484235334,1761.0
395624,NYPON,0.2148574798979248,0.22894282164836757,14,4.697523823041259,13.11733776415922,1761.0
396242,KNAPPER,-0.424901185770751,-0.4634977857470034,27,4.595916741677742,68.55715545107259,620.0
396336,STORSINT,-0.11648177496038037,-0.1771370982337291,17,4.69229874333986,17.229885057471265,554.0
396384,STORSINT,-0.19080384447356924,-0.2826943386259939,20,4.68015712247928,17.191092174897456,204.0
396416,MILSBO,-0.2068172730907637,-0.321287696544568,10,4.596838448046602,278.4797089430459,806.0
396987,FRIDANS,-0.1007462686567164,-0.10319646467842496,3,4.101863310370163,20.678160919540225,3414.0
397307,TRONES,0.46703673203498053,0.3621046540352631,34,4.69877703531105,32.2140854055414,3584.0
401955,NYTTIG FIL 500,-0.38401191859288936,-0.36863842732802427,14,3.9684983027200014,45.473865862379895,52.0
402808,DJUNGELSKOG,0.13703703703703696,0.12897680760478572,31,4.795678886622841,15.438324282389448,1418.0
402813,DJUNGELSKOG,0.054487179487179516,0.018144399130461345,19,4.89309308126868,29.99,1141.0
404204,HAVSTA,-0.5849514563106796,-0.5814674904977422,5,4.33005248591828,182.75862068965517,75.0
404893,NÄVLINGE,-0.12550607287449395,-0.15388665463813608,15,4.218527746735484,17.748372190716236,230.0
404906,LAUTERS,0.3081632653061225,0.30013046394397264,5,4.751522509300001,34.47126436781609,110.0
407556,RÅGKORN,-0.0960264900662251,-0.049739982914872895,15,4.694095015000537,27.534225503768653,728.0
409739,SMYCKA,0.08189297170351706,0.07073891915334166,14,4.66784584810511,10.791103095882175,119.0
411718,ANRÄTTA,-0.9172749391727494,-0.911821264194984,7,3.5505407372337356,629.5946229783658,65.0
412015,KOPPLA,-0.04832251082251082,-0.13156767289542246,18,4.593707442488888,11.696247676412526,396.0
414137,LEN,-0.19143639207507823,-0.1948141852893755,14,4.237055493470969,5.739316450891568,106.0
414830,ÅHEIM,-0.43826405867970664,-0.4248363225783381,5,4.118013749832112,68.9655172413793,337.0
415052,HAUGA,0.09099592718761584,0.05024083832625316,20,4.6889872029760005,142.73441335297005,382.0
415599,KALLAX,0.17425320056899007,0.1695449173105578,3,4.685016602688436,99.99,276.0
416315,FJÄDRANDE,-0.0588235294117647,-0.0641043528368191,3,3.619408897155556,5.145977735769796,126.0
417452,DRÖMBILD,0.6504702194357366,0.5609038367714391,13,4.7721743551139015,2.146446518305815,205.0
418376,LIDKULLEN,-0.1966705980637869,-0.1797509333821652,16,4.49829423981017,114.9310344827586,454.0
421029,SANSEVIERIA TRIFASCIATA,0.11562049062049057,0.09289389033506348,16,4.681946234386886,11.482758620689655,226.0
421133,UTSUND,-0.44345451874102126,-0.533113281884582,4,3.714936014880001,20.255979334663287,62.0
422321,IKEA 365+,-0.48614966887417216,-0.5032559280269238,24,4.401686239305763,8.27767564894453,572.0
423028,VISBÄCK,0.0036231884057971175,-0.018513380159052645,3,4.497897862115927,6.740306582506762,365.0
423194,BERGPALM,-0.11518987341772147,-0.0888493669978668,5,4.402537962220408,28.72413793103448,612.0
423354,BROGRUND,-0.7886904761904762,-0.7864283028449813,14,4.017586837534118,171.26436781609195,67.0
424787,NYMÅNE,-0.12103174603174602,-0.1096790832174958,21,4.213675241638096,17.229885057471265,318.0
426343,VANILJSTÅNG,-0.41690101237345334,-0.4173236783277107,4,4.592470754885548,41.36454603801007,328.0
428549,SKUBB,0.42001808636238036,0.4064487027932515,34,4.6993050766982805,6.231518158201014,6321.0
428827,DRÖNJÖNS,0.05719368388486301,0.029748282020812852,22,4.692365478666205,15.372833887624715,559.0
430019,HEMNES,0.24630072448830434,0.1743317676162756,4,4.570056105636782,19.715913596313243,92.0
430533,GRANHULT,0.23849372384937237,0.2379953377227637,3,4.489265082538668,7.178750897343862,57.0
431151,FIXA,0.2652439024390244,0.26325471943418793,3,4.402319070373893,0.6537421100090172,411.0
432155,SNABBAKAT,0.5878184505695156,0.5633667724545692,4,4.594606379276191,0.6056987897875055,465.0
433720,KORNSNÖ,0.5987654320987654,0.4731205584441716,25,4.595405434198236,6.692554900910552,549.0
433942,FEJKA,0.5360332294911734,0.520151519559107,10,4.696222025034649,3.6173368177277796,1148.0
434098,SMÅSTAD,0.012044270833333329,0.013047935916336172,6,4.169509578156522,7.676957352991302,74.0
434116,SMÅSTAD,-0.010335917312661508,-0.0025750447364500328,5,4.246412941317173,13.793103448275861,82.0
434277,MÖJLIGHET,-0.010638297872340434,0.017746789478086868,26,4.401818795594881,3.7452564446851193,529.0
436790,FÖRDUBBLA,0.12044374009508718,0.09046263899650869,25,4.5931263355947225,3.0455786599453893,361.0
437167,VRENA,-0.6149836102103405,-0.6070985178325919,6,4.101171372720989,185.63471887244782,63.0
437676,SIMRISHAMN,0.12955465587044535,0.12207700830995738,15,4.681012418924138,45.992924165512996,214.0
438553,MUREN,-0.9237451737451738,-0.8386756771723032,8,3.8342874453209306,458.6206896551724,326.0
439468,NORDKISA,-0.2556166508215104,-0.2586646830044713,18,4.5919842498166155,318.0319330866578,307.0
440339,UPPLYST,0.26326530612244897,0.16814620723505236,19,4.585686160386813,20.040091638029782,164.0
440363,SVENSÅS,-0.5457317073170732,-0.5527718812087402,23,4.21320368158161,14.357743097238895,330.0
440768,UPPSNOFSAD,0.45799457994579945,0.4434316375342049,21,4.496421694179556,0.8602890571231934,207.0
441758,KLEPPSTAD,-0.565040650406504,-0.5711267304906614,33,4.301857063913887,159.77011494252872,1487.0
441904,CHIAFRÖN,0.6536731634182908,0.6178383345469917,20,4.786271861040708,4.11258283602446,434.0
442197,TONSÄTTA,0.1489898989898989,0.14638025329136664,5,4.71260396042817,11.741554608068219,82.0
442499,KUNGSFORS,0.5790155440414507,0.44380041469472653,3,4.5939696323851855,5.044474956719002,414.0
442654,EKOLSUND,0.7527680652680653,0.7226364786933079,8,4.642790664810391,68.39080459770113,59.0
442734,NATTJASMIN,0.20714285714285713,0.1395020849210704,6,4.679299943911712,26.06500675871723,3129.0
444554,GRILLTIDER,0.4403973509933775,0.4307916456168898,19,4.680334291028572,2.2317403065825068,206.0
445228,IVRIG,0.09302325581395354,0.07675040566638462,31,4.697594145925942,8.461790751065923,1813.0
446096,KLUBBSPORRE,-0.19896138651714032,-0.17670535642342738,32,4.400218415189989,42.93782839769074,4537.0
446237,MÅLERÅS,0.5572916666666666,0.5687567937337482,13,4.6897316577864805,17.229885057471265,411.0
446534,KOMPLEMENT,-0.4341004184100419,-0.42317380297005835,11,4.0135452581659505,45.97701149425287,587.0
447307,SANELA,0.581151832460733,0.4903192485466065,7,4.688903982847355,7.988505747126436,379.0
447350,ALSTERN,0.3982035928143713,0.31093364074366825,5,4.598274755755231,8.034482758620689,1492.0
448731,BOAXEL,0.22330729166666669,0.2061162730520197,3,4.40347860556084,5.727376861397479,268.0
448769,HULTARP,0.7357695315894672,0.6848044134650135,20,4.692802093448366,6.593243668887549,594.0
448953,ENHET,-0.10984848484848486,-0.1618258540672334,3,4.491948811904001,63.218390804597696,82.0
448972,ENHET,0.2923832923832923,0.2452980007580584,11,4.694063182197305,57.47126436781609,724.0
449636,NYDALA,0.594723590233295,0.5999083109379598,10,4.669194973359441,9.813162378101492,125.0
449877,NÄVLINGE,0.28975307560964936,0.28694430790875075,6,4.499698344395054,14.0471619860173,2651.0
450088,LACK,0.3795795426604377,0.34645057811215535,20,4.598814238138552,17.229885057471265,2179.0
450502,VESTERÖY,-0.49999999999999994,-0.5048185941043083,3,4.301095172880251,146.91938485649916,2534.0
450559,STENSUND,-0.03853019686353021,-0.06054403201495116,4,4.4089628936072085,45.313425761346124,95.0
450615,VESTERÖY,-0.5185710111046172,-0.45519678977167327,6,4.301095172880251,241.2289356014194,2534.0
450658,VALEVÅG,-0.7493670886075949,-0.7339909135562608,3,4.102585879979943,263.2183908045977,2455.0
450757,VÅGSTRANDA,-0.6148255813953488,-0.5737418781893237,8,4.1058135283549095,654.9985978511756,1082.0
450818,SKOGSKORN,0.23529411764705876,0.2701210627076545,11,4.656384962281189,34.47126436781609,83.0
451059,NYSKÖLJD,0.5613057324840764,0.5311124656115791,33,4.697831059177942,2.7249219892203285,2013.0
451323,HÄNGIG,0.3625198384071563,0.36096028589009976,18,4.492613588902753,3.4482758620689653,91.0
452643,SKOGSTA,-0.13375796178343946,-0.12293714756721834,21,4.674388844130234,343.67816091954023,258.0
453464,OSTBIT,0.05044358974358974,0.02384197154573485,22,4.210940193310477,1.1379310344827585,402.0
453850,FJÄLLARNIKA,-0.29547447772960195,-0.3354881076387531,6,4.400297068136877,111.41152267968047,3331.0
454821,FÖRENLIG,0.8152173913043479,0.774285900627176,7,4.795890649794966,2.651079596269324,1492.0
454883,MUSKOTBLOMMA,0.5787401574803149,0.5454768172714426,5,4.688062008646071,4.586206896551724,351.0
455161,ÄLMAREN,-0.5657988883737171,-0.5937546107932646,22,4.020642018111839,87.6098787433743,379.0
455547,MÅLA,0.15137670565302142,0.1327705827161314,18,4.496631302051883,2.2169014200724475,221.0
457061,SÄFFEROT,0.6559139784946237,0.4567614030191255,5,4.746507596468966,11.858517847123311,151.0
457155,GLADELIG,0.21329289637274423,0.1947072539873308,10,4.7806694118081,10.07296471070989,303.0
457235,LISABO,-0.1956521739130435,-0.1753835225440798,25,4.4011344141281645,63.206896551724135,859.0
457457,FJÄLLARNIKA,-0.09838274932614555,-0.05315998137765174,15,4.400297068136877,38.77380454898215,3331.0
458334,FJÄLLHAVRE,-0.21876086549519913,-0.22317545991174356,6,4.4987983301349255,214.9301255479379,652.0
458720,FJÄLLBRÄCKA,-0.32988505747126434,-0.3015476446192035,7,4.401293733667621,114.9310344827586,751.0
458895,IDANÄS,-0.581644156045458,-0.5639491400650563,4,4.316762734482916,429.2290278449567,151.0
459022,KLOCKREN,-0.3673471543243406,-0.3739986335776708,6,4.401092075949946,7.4885822482504665,893.0
459116,SANNAHED,0.15078580606899275,0.13064647405816346,22,4.598119047790902,6.885057471264368,1367.0
459480,KVARNVIK,-0.1990049751243782,-0.2393251018657012,11,4.597796007775296,15.228426395939087,1164.0
460011,UPPDATERA,0.07117170870154163,0.06651439014960112,12,4.401658135317334,15.91166011350865,582.0
460431,GRÖNAMARANT,-0.24097409786602428,-0.216747154362137,16,4.208339167314701,20.285780248600926,533.0
460619,OKUVLIG,-0.44203324044585984,-0.4238955422234934,10,3.9638177943111117,5.735632183908046,54.0
460836,LAGKAPTEN,0.2988799778761062,0.2820724908964507,10,4.498522717780551,47.528691255358616,527.0
461181,MÅLA,0.05797101449275363,0.06372762435224162,3,4.489543911563637,2.8620689655172415,59.0
461379,KALAS,0.8444700460829493,0.764080813237817,33,4.894811977440312,1.7126436781609193,1525.0
461888,ÄSPERÖD,-0.42198236546062634,-0.4413044848539841,18,4.412593432789874,158.30097599724476,61.0
463689,MIDDAGSMAT,-0.6870047543581617,-0.6906553950739011,7,3.912699976099619,9.403425130167491,769.0
464368,PÄRLBAND,0.44897733785461835,0.47725056930422144,6,4.730279563937079,7.0167799118438,71.0
465141,ANFALLARE,0.33999999999999997,0.31615217156590264,17,4.588212132083258,92.13967081987387,203.0
465754,ENHET,0.4595744680851064,0.42598098304325166,7,4.410049304953537,1.29,81.0
466008,HASSJÖN,0.5594405594405595,0.5657799198692826,19,4.594274464154725,1.4285714285714286,437.0
466292,TAGGAD,-0.41099567924768077,-0.41505897193628905,4,4.565265082538668,20.573024541697222,57.0
466664,TIBAST,-0.717391304347826,-0.6755746917449726,11,3.9679923890503406,56.13165013525699,129.0
466715,DYTÅG,-0.2673992673992674,-0.296691878348686,14,4.498110049742722,91.94252873563217,408.0
467201,SANDVEDEL,-0.0805084745762712,-0.08589333218407738,7,4.207293462206985,27.529249827942188,612.0
467215,LÅNGDANS,-0.27906976744186046,-0.3068452822118699,7,4.12920037073242,31.65175498967653,201.0
467300,NEREBY,0.4431818181818181,0.4248061564787689,3,4.4939464751157905,4.1293874741913275,115.0
468130,IKEA 365+,0.33796901961226583,0.2988154229006934,6,4.6982372473751095,4.41052757300336,2481.0
469304,STORSINT,0.12463768115942031,0.11565687366095673,13,4.5888670136341885,4.022988505747126,216.0
470982,FINSMAK,0.9729256465517242,0.8886919926726987,28,4.873610168177779,0.460317203261965,612.0
471222,VESKEN,0.30144605116796436,0.26081699342789505,27,4.499744568905584,11.482758620689655,3134.0
471825,LÅNGDANS,-0.21551724137931033,-0.21128093781656287,9,4.12920037073242,32.172413793103445,201.0
472919,BESTÅ,-0.3524962178517398,-0.2864309776516559,9,4.3115490958280995,68.9655172413793,224.0
473023,SVALKA,-0.10016556291390732,-0.1504927597342546,31,4.598952084147386,7.936507936507937,2468.0
473546,ALEX,-0.15506807866868388,-0.2523576348103796,33,4.49974391895369,91.95402298850574,3126.0
473693,KNALLA,0.6086061735563506,0.45797398499797637,28,4.792900321728147,3.1567159429053353,856.0
474070,BESTÅ,-0.4479034307496823,-0.4722751457402005,23,4.303295850460378,99.20634920634922,2240.0
474372,BAXNA,0.11605157075340561,0.10234316139959716,24,4.4983602468236255,4.586206896551724,473.0
476366,RINNIG,0.09759999999999996,0.10772484600060706,21,4.498136299051852,2.8735632183908044,414.0
478351,SESAMFRÖN,0.8582089552238806,0.8079608338064818,7,4.856493919513044,4.586206896551724,166.0
479218,VÄSTANHED,0.21086157220263183,0.21511171753381197,16,4.676815164160001,9.062333842589801,172.0
479379,FÄRGKLAR,-0.2445312500000001,-0.30036523592799924,7,4.595967308344272,12.632183908045976,628.0
479421,FÄRGKLAR,-0.20259938837920488,-0.19910296097247165,5,4.593437987885139,11.482758620689655,379.0
479713,FÄRGKLAR,-0.20317460317460312,-0.21567161505604573,7,4.596507883633244,11.482758620689655,728.0
480858,ÅGOTNES,-0.5666146555709662,-0.5484154788283548,30,3.9079959049523203,56.32183908045977,1232.0
481122,KOPPANG,-0.13411279229711148,-0.30247871240264484,3,4.595437620298424,194.3988510463685,553.0
481462,ÅBYGDA,-0.6524962129757953,-0.6580792260324897,4,4.256739058216491,292.3333449984458,763.0
483239,VIHALS,-0.44661458333333337,-0.4448293297235484,19,4.4063368228687905,171.26436781609195,139.0
484007,HILDEGUN,0.40127388535031844,0.38513010854122526,25,4.4992766228125785,0.5747126436781609,1095.0
484045,HILDEGUN,0.4224,0.3010642696866467,17,4.668534865645715,2.4390243902439024,131.0
484050,HILDEGUN,-0.15214067278287463,-0.1437269373748598,19,3.864102615165218,2.28735632183908,166.0
484229,IKEA 365+,-0.3642384105960265,-0.37825809908369523,21,4.497935592795898,10.582010582010582,372.0
484253,IKEA 365+,-0.51640625,-0.5334889470630434,15,4.4981866693477475,22.919550838332565,426.0
485101,ELLOVEN,0.7836440677966101,0.6176291364003228,4,4.69893775770205,32.57211146170862,4129.0
486129,KNOXHULT,-0.6082725060827251,-0.6163499525484859,11,4.0249360148800015,126.43678160919539,62.0
486233,BERGMUND,0.12608695652173915,0.13751300148015214,5,4.414012411132395,25.125628140703515,53.0
486290,BAXNA,-0.045893782834081354,-0.04744753758561637,24,4.4983602468236255,6.885057471264368,473.0
486327,GURSKEN,-0.329803328290469,-0.32249172537828813,25,4.305534418198811,51.72413793103448,487.0
487609,STORSLINGA,-0.4929755504352279,-0.4813767861281914,14,4.408503258037608,82.179609470627,99.0
487831,IDANÄS,-0.14058679706601473,-0.12698987671779866,5,4.659586065966973,281.403738930797,91.0
488326,UPPDATERA,0.5160111755856437,0.5114639894381905,12,4.580558814853731,7.46551724137931,116.0
488543,NORDVIKEN,-0.4265587337297123,-0.4258467779951044,4,4.585028052818391,602.2988505747126,156.0
488963,HAUGA,0.3177506775067751,0.31880008371583,19,4.688675787121851,50.244077530509685,402.0
489000,LEN,0.4097222222222222,0.3923914354397368,19,4.748718026366943,14.93103448275862,103.0
489302,TONSTAD,-0.15437158469945356,-0.15071109276234876,13,4.648175072828236,292.83137962128046,67.0
489378,BLYKOBB,-0.10451615408511958,-0.09636727244485864,4,4.488660298456339,162.6462131253214,53.0
489528,FRAMFUSIG,-0.19852941176470584,-0.1949656197145263,13,3.6722764375136157,10.396975425330812,195.0
490975,HJORTVIKEN,0.2597799511002445,0.2291746999270309,3,4.562784017005715,22.988505747126435,52.0
491423,SMYCKA,0.3987068965517242,0.39854995424926,5,4.647558109409525,4.000820681165368,66.0
491705,HEDEVIKEN,-0.012519109355146163,-0.04332852451883504,6,4.496830240907086,36.83193666170148,236.0
492677,KLEPPSTAD,-0.336734693877551,-0.27100912196492766,9,4.403178534154633,163.62330734509644,295.0
492795,LÄRANDE,-0.5491803278688525,-0.6520511419949307,15,4.235897509300001,148.2758620689655,110.0
493422,SMYCKA,0.20531400966183572,0.2173328180289232,6,4.600950280825572,4.637393817755411,55.0
493832,PURRPINGLA,0.027439024390243927,0.07955931271424509,23,4.691672743271078,22.519345675384464,511.0
493846,MÖJLIGHET,0.4577464788732395,0.4263941109624827,17,4.682657012560631,3.582196697774587,236.0
494025,TOFTAN,0.0711622807017544,0.12467112452918593,22,4.691276992456237,15.49293276514718,487.0
494394,IVAR,-0.5258855585831063,-0.5306548168928475,15,4.160329067833962,102.07221994255232,88.0
494879,DRÖNJÖNS,0.8233333333333333,0.7698400622796142,21,4.785365285826415,1.8613974799541808,406.0
495483,EFTERTÄNKA,-0.019023649067681003,-0.012430003237821821,18,4.589452960285021,9.08924888322295,233.0
496048,IDANÄS,0.2787636466180558,0.2671430409749399,10,4.732553056417392,115.97026576145936,74.0
496350,BAGGEBO,-0.17031826654940957,-0.1851652046456749,8,4.222860105424876,24.308661466379235,183.0
496388,IDÅSEN,-0.8012486338797814,-0.7813815676987953,8,4.142632541269333,301.3630865726557,132.0
496703,FREDRIKSJÖN,0.1283783783783784,0.1477580030211609,3,4.496468777150877,4.887844059163483,210.0
497222,ENKELSPÅRIG,-0.46406677613574165,-0.4519002831476225,24,3.8172439783485377,5.648895902709463,666.0
497806,ÄNGESBYN,0.3778011994459252,0.39795887652187023,18,4.714998372471234,68.95402298850574,55.0
498231,VINDSTYRKA,-0.6669986719787517,-0.6777896943073665,8,3.654908839553154,45.96551724137931,93.0
500899,IKEA 365+,0.05859375,0.053645649553046335,5,4.33327239512381,2.28735632183908,66.0
501243,BLÅLIDEN,-0.6326141916655355,-0.6308817610032361,12,3.728088597500827,91.94252873563217,466.0
501262,FLYGHÖJD,-0.1234309623430962,-0.13739725146974968,17,4.328519195820409,22.97701149425287,80.0
501889,KALLAX,-0.14814814814814814,-0.15009803539057098,3,4.305738975750308,27.529249827942188,469.0
502134,VALLASÅN,0.6157309941520468,0.5917532011199903,4,4.68920314017255,6.538726058179742,390.0
502799,FJÄLLBO,-0.8152270998048232,-0.8128707324824248,20,4.044780771532241,262.3583109229879,165.0
503360,FASCINERA,-0.44509146793067694,-0.43209641584270403,10,4.402794610085394,8.653437148281538,338.0
503435,SMÄLLEN,0.04054054054054054,0.09889842780378627,23,4.221985077466029,28.72413793103448,191.0
503671,OSKARSHAMN,-0.35050097751710657,-0.3577231061639119,6,4.403168411434395,346.87921107020384,296.0
503794,RISHOLMEN,-0.6415812997520554,-0.4508401919591748,16,4.33327239512381,228.73563218390802,66.0
504557,BARLAST,0.1519230769230769,0.14313455898531918,25,4.210302424193722,4.586206896551724,428.0
504604,GRADVIS,-0.4786617961511048,-0.4391459576220358,8,3.926874667939979,8.822849398521466,107.0
505528,VEVELSTAD,-0.2828389830508475,-0.22949713293963903,9,4.403916855080316,148.2758620689655,236.0
505731,FLAMSIG,0.6150675118858954,0.5379918398029434,10,4.780301210128254,2.918406785999482,297.0
505774,ENKÖPING,0.14614612073099859,0.16348085763525752,8,4.568613026390362,40.229885057471265,65.0
506542,TRIPPEVALS,-0.7153132992327366,-0.6813827615593517,18,4.017072669146667,57.879246694142545,462.0
506684,UNDERHÅLLA,-0.27579887218045107,-0.24868278110765976,18,4.66784584810511,14.93103448275862,119.0
508536,SINNERLIG,0.25506072874493935,0.23457009110334887,11,4.69474956041764,34.47126436781609,821.0
509786,FINTSEN,0.625,0.6200776421714719,29,4.599026487739312,2.2498060512024827,2658.0
509814,LADDA,0.72,0.7119221526477196,17,4.694971325559818,5.735632183908046,858.0
510308,NÄMMARÖ,-0.046391752577319534,-0.06498177051363495,19,4.5884729256212395,69.2201199815413,208.0
510389,TROTTEN,-0.24264705882352944,-0.19311766037152378,8,4.495372880404598,194.82758620689654,156.0
511497,KEJSERLIG,0.4072847682119205,0.3556704304838202,21,4.880136181613896,6.194477791116447,385.0
512331,VINDEBÄK,-0.5988023952095808,-0.5987588542776674,3,4.489677963979489,84.61790751065924,60.0
512618,TOLKNING,-0.7229060913705583,-0.607401590626399,18,4.338286043704111,47.46605767054763,55.0
513528,ENKELSPÅRIG,-0.3333333333333333,-0.3998988108030661,3,3.8172439783485377,3.1302929552725676,666.0
513892,UPPSTÅ,-0.31874201787994894,-0.29584342576716294,18,4.5796475093,11.465892483311608,110.0
515527,DRAGON,0.061512150979410846,0.061651856273903155,6,4.579960624541539,4.586206896551724,112.0
515607,MITTZON,-0.39655172413793105,-0.3866148785690757,11,4.320857322316418,171.26436781609195,116.0
515805,LINDÅSEN,0.020841352638262922,0.020845962320554256,14,4.494080008752942,32.83732313488667,118.0
516819,YTBERG,-0.11711086760573337,-0.11247200475761113,18,4.136542178230857,13.443499630163185,157.0
517003,ÖVNING,-0.09188544152744638,-0.10502093950981597,19,4.496753553187097,67.81609195402298,230.0
517017,VATTENVERK,-0.40284360189573465,-0.3888175101635631,13,4.402638942149603,18.379310344827584,359.0
517140,KIVIK,-0.01851851851851849,-0.05697497854360598,3,4.137839533671006,153.36479277800575,151.0
518658,UTBJUDA,-0.39449541284403666,-0.3870392620061023,19,3.5462227988989254,4.586206896551724,354.0
519525,KIVIK,-0.23008849557522126,-0.24408609263860703,17,4.413090541978949,1148.2758620689654,58.0
520500,HÖLASS,0.03878705880029232,-0.01418987595989479,28,4.310047776583888,3.4367816091954024,675.0
520519,BLÅLIDEN,-0.6273637374860958,-0.6202787296008961,13,3.728088597500827,102.07221994255232,466.0
521934,UPPFYLLD,0.22063492063492068,0.19172060722402487,15,4.590169362982642,2.9226272881095214,247.0
521948,UPPFYLLD,-0.33412698412698405,-0.31110362454458984,27,4.304612015165677,5.353508302088913,588.0
522113,BLÅVINGAD,-0.11347517730496459,-0.14280069080192,25,4.7866842944,24.769442532690984,448.0
523443,HALVTOM,-0.4669791251163409,-0.4770019537183264,12,4.09105423544889,6.521538533990574,72.0
523462,HALVTOM,-0.4504,-0.4475363015665386,19,3.1047795247616006,4.887844059163483,232.0
524174,BEVARA,0.5182063453424213,0.5078202088491237,30,4.6963382221034085,2.2685811865207812,1185.0
524211,KAFFEREP,0.3692307692307692,0.35075324881768144,21,4.4992572704708484,1.7126436781609193,1066.0
524744,CHOKLAD LJUS,0.28431372549019607,0.23839330489464072,21,4.4988036867613665,1.8458698661744348,655.0
525300,BERGSBO,-0.7021857923497268,-0.7086270938247795,3,4.248367170425264,252.87356321839079,77.0
525654,ISTAD,0.7186761229314421,0.6121460640678742,13,4.7896581353173335,2.7529249827942186,582.0
525908,BARLAST,0.22817460317460317,0.20685471185235849,21,4.401636317747369,7.537301953545608,590.0
526875,KUGGIS,-0.2535377358490566,-0.2574030939431338,20,3.928154594902535,20.2606309904577,337.0
526899,KIVIK,0.19960474308300397,0.1800247896860369,10,4.236759049523201,63.81424706943192,108.0
526903,KIVIK,0.577575434598846,0.566815255196529,10,4.411986520366266,33.33333333333333,67.0
527078,RÅNEN,0.7900778816199376,0.7623629244652895,12,4.856256181368306,3.4367816091954024,165.0
527238,BÄVE,-0.4730769230769231,-0.4802587929675105,13,4.241771647185455,45.96551724137931,92.0
527511,KIVIK,0.4822485207100592,0.42677514792899407,3,4.411986520366266,50.12232607741045,67.0
527634,RISATORP,0.2419753086419753,0.040426219235128,17,4.588574040308772,20.678160919540225,210.0
528346,PLOGA,-0.751412429378531,-0.7492901321809473,17,3.9609443975024394,20.678160919540225,146.0
528879,TIPHEDE,-0.07293413173652694,-0.05036239928997896,4,4.498742001860001,16.770461609572727,622.0
529242,HAVSTA,-0.7318197454420365,-0.7319575117203699,10,4.178949150498767,258.99943159824954,63.0
529398,UPPFYLLD,-0.09522857142857143,-0.09856147698197396,18,4.30599759912103,2.92570780606867,448.0
529459,PINNTORP,-0.488803631688896,-0.4742804978686172,4,4.490415252266668,188.5227551399799,66.0
529794,LEDSJÖ,-0.7271825396825397,-0.6922015282866585,16,3.7877424535414645,57.45977011494253,64.0
530066,ÖSTAVALL,-0.6024891839923086,-0.5939377142352106,6,4.223206470658586,148.2758620689655,180.0
530523,SVALKA,-0.1561014263074485,-0.19573488530700303,17,4.598952084147386,9.325197415649678,2468.0
531240,IVAR,-0.4053367217280813,-0.4072522955405406,9,4.3254080108218185,90.17132551848512,92.0
531966,VIMUND,-0.12117267959815503,-0.10482836133411806,6,4.498131974919722,91.94252873563217,413.0
532013,SEGLARÖ,-0.35,-0.37882453936734556,15,4.327134768838835,68.9655172413793,85.0
533201,RYKTA,0.5818583329610936,0.48661029346619283,26,4.690841748836591,15.702706124623553,463.0
533239,UPPFYLLD,0.12757198051234947,0.1427213228662241,16,4.497897862115927,2.867816091954023,365.0
533574,SOJABÖNA,0.7692307692307692,0.669184304562927,9,4.791726508253867,2.28735632183908,732.0
533588,SOJABÖNA,0.7486044188506287,0.6047343189135852,8,4.791726508253867,3.2089576458736264,732.0
534432,PÅLYCKE,0.6916666666666667,0.48770062660184577,27,4.69466692638063,4.586206896551724,808.0
534757,LILLÅNÄS,0.297583081570997,0.2947325227952834,5,4.670033205376871,80.44827586206895,129.0
534922,LETTAN,-0.7400726429203675,-0.6269899366208016,8,4.493176959240678,248.9200600438129,100.0
535064,HAVBÄCK,-0.6117021276595744,-0.5921625904973016,5,4.318148579158442,160.91954022988506,136.0
535078,ÄNGSJÖN,0.059523809523809534,0.06174802345015109,5,4.657231856217477,103.43678160919539,85.0
535115,TÄNNFORSEN,-0.783625730994152,-0.7737906876854584,9,4.164594759498991,246.1159821565913,81.0
535894,ÅRSUNDA,0.19930069930069932,0.06442748532992376,19,4.338817794311112,57.45977011494253,54.0
536247,ROSENMANDEL,-0.2608695652173913,-0.18156896525668342,3,4.110517896694737,34.47126436781609,590.0
537317,TÖCKENFLY,0.6176470588235293,0.6395405880083767,5,4.657643088369231,6.4939324368645455,531.0
537548,GLADELIG,-0.7842205323193917,-0.7788304996780698,9,3.9934101045831785,19.528735632183906,89.0
537652,RÄFFELBJÖRK,0.054726368159204064,0.053910336609413564,9,4.7784544485777785,34.404679972470745,270.0
538114,ÄLVGRÄSMAL,0.09709303708637629,0.051298857209463054,6,4.309506398606803,9.586954022988506,276.0
539104,IKEA 365+,-0.8901673640167365,-0.8694842816639631,7,3.573616857768422,20.12265235722499,107.0
540485,TUNNIS,-0.359354394816811,-0.34911259087043756,16,4.138756855699394,6.883684964124957,147.0
540857,SKÄRIG,-0.6360893248649504,-0.6270822195079767,12,4.245948811904,17.82088289563987,82.0
540862,STURSK,-0.7112837753563208,-0.7094034316487061,12,4.330712980114287,28.72413793103448,73.0
541300,TRÅDFRI,-0.014859693877551025,-0.021597769805551843,8,4.035065962032434,8.721341497179832,56.0
541338,TRIPPEVALS,-0.6713172448466566,-0.5334429033597832,4,4.017072669146667,60.963714302217156,462.0
541418,HOLMERUD,0.10280373831775697,0.10185335448875517,5,4.577922721952542,67.40306582506763,100.0
541526,ÖKENSAND,0.09259849490925193,0.08986740211896654,18,4.68059419026608,50.25363123771592,209.0
541545,TRÅDFRI,-0.02888888888888888,-0.06919749093312876,9,4.16525388969796,13.119055428009183,80.0
541574,SKÅDIS,-0.3975535168195719,-0.20604282637513177,19,4.49448548760548,18.39080459770115,128.0
542154,STÄNKREGN,-0.17658730158730157,-0.17998165056763393,19,3.7047270829278918,11.482758620689655,129.0
542861,NORRÅVA,-0.2181097407500629,-0.20430814448759516,18,3.6793550576824745,10.360222055404567,176.0
545218,MIDDAGSMAT,-0.5833295177045177,-0.6010812610078315,18,3.912699976099619,8.633873140250369,769.0
545925,SVARTSENAP,-0.266244057052298,-0.26925568570307773,17,4.179936014880001,4.586206896551724,62.0
545930,SVARTSENAP,-0.16428571428571426,-0.09861303436830172,19,4.670632541269334,14.93103448275862,132.0
546897,GUNDE,0.27593360995850624,0.2609093951374078,19,4.5786465671344265,40.2183908045977,104.0
547241,KUDDARNA,-0.18531468531468528,-0.1670974918407525,18,4.5697079208186056,22.988505747126435,68.0
548924,RÖDALM,-0.6400862068965518,-0.4166600262860696,3,4.30867975524969,16.698172652804033,304.0
549546,HUMLEMOTT,0.45992892645163075,0.35831570699235926,12,4.683057235347693,21.10361743033723,242.0
549570,VÅRVIAL,0.2970498429171521,0.32174840490882994,6,4.499122007841221,16.361319120046204,901.0
550196,APOTEKARE,0.6024104345933509,0.604223028241874,18,4.741461143305661,22.97701149425287,88.0
552015,ÖVNING,-0.2919621749408983,-0.26589189542671254,19,4.566167288187014,13.076393668272539,59.0
552020,ÖVNING,-0.17155756207674944,-0.18301497247599133,19,4.680847309523479,19.958706125258086,212.0
552845,PAPEGOJBUSKE,-0.03795367682979396,-0.05767523980665645,24,4.019987515098537,9.15699300534386,392.0
553152,MALÖRTSMOTT,0.3841824063786681,0.3224337076652457,16,4.4964057196,4.2935137888585455,206.0
553208,GULDFISK,0.17539682539682538,0.16696891995952726,13,4.317801791021656,0.9080459770114943,139.0
553227,CITRONHAJ,-0.1423758865248227,-0.1449526196331556,10,4.114566927540774,2.868942413215503,421.0
554811,BRUNKRISSLA,0.1854219948849105,0.20110593386036657,9,4.4989475571116335,20.266005410279533,747.0
555090,DYVLINGE,-0.3921421768977421,-0.1532855553019867,12,4.498021821106635,228.73563218390802,389.0
555226,AFTONSPARV,-0.20242914979757093,-0.28358209132122064,19,4.3157902892113,28.72413793103448,159.0
555354,REGNBROMS,0.8898572718750715,0.8849219936056026,8,4.751522509300001,4.586206896551724,110.0
555801,HÖSVANS,0.3493260590500642,0.3294009532349666,20,4.6851178418594595,4.586206896551724,278.0
556075,LOHALS,0.5416666666666667,0.510802392822132,11,4.786451705655895,11.482758620689655,440.0
556160,LOHALS,0.34508816120906805,0.33519397521022126,9,4.786451705655895,22.97701149425287,440.0
556867,SÄLJAN,-0.3420030312004599,-0.3265788530505265,4,4.331403159442697,113.74278899284823,71.0
556886,MJÖLKKANNA,0.04012486046223179,0.046654505398432904,14,4.655503850408082,11.482758620689655,81.0
557372,SVARTSTARR,0.25097764078027235,0.2428940561514589,18,4.681413000803376,17.229885057471265,219.0
558404,NISSEHOLM,-0.7452380952380953,-0.7485829889009774,9,3.6962180074400006,149.42528735632183,142.0
559494,AMBRARÖNN,-0.3423913043478261,-0.17884815240582222,7,4.569351543416471,19.528735632183906,67.0
559578,TIGERBARB,0.062255597603279755,0.057992349907888395,12,4.710070741889856,12.978775395626563,51.0
559804,DRAGSMARK,0.3350694444444445,0.36221275366485406,19,4.411305468072729,4.1293874741913275,70.0
559979,DAMMÄNG,0.008220866753117895,-0.0006540587894223691,24,4.788466321915242,34.381606881997115,520.0
559984,DAMMÄNG,0.3151750972762646,0.31033699937164516,25,4.788466321915242,11.03838473485689,520.0
560671,VARDAGEN,-0.7111072648389181,-0.7106754323149658,4,4.4088042583221245,76.92861178106598,95.0
562038,SANDBRODD,0.29617739037860136,0.36077073402425214,4,4.404233536980426,11.285561121557983,217.0
562104,VISSLAÅN,-0.2475083056478405,-0.22009578831342969,19,4.570729002139326,14.93103448275862,71.0
562340,VALTORP,-0.6830240593184973,-0.6617629607020817,6,4.24139532603964,187.18504814319618,93.0
563429,MÅNÖGA,0.5753015873015872,0.48030379243038945,28,4.677409647130258,0.6492337375511661,184.0
565490,ROTSUND,-0.0812097716288338,-0.07855471038671485,4,4.770451815192381,79.40035499440992,192.0
565758,SKANSNÄS,-0.6630094043887147,-0.6625282287721694,9,4.491342808498926,753.0509691313711,75.0
565763,SKANSNÄS,-0.6528662420382165,-0.6619566101225979,9,4.491342808498926,687.5430144528561,75.0
565796,EKTORP,-0.07303503787878787,-0.10627434236129381,6,4.188817794311112,205.7471264367816,54.0
566135,LYNGÖR,-0.7675,-0.7098111293689952,5,3.5938253182693884,149.42528735632183,80.0
566395,RÖDALM,-0.36860068259385664,-0.2795945903949405,7,4.30695244077214,9.183908045977011,384.0
567597,VARDAGEN,-0.33745247148288976,-0.31427283501454983,3,4.499592138394327,11.03838473485689,1956.0
568035,RÅGLANDA,-0.9302468464056733,-0.9171821912119817,12,3.4538750695550573,622.442289184922,71.0
568144,ÖSTVEDA,-0.9768291304528879,-0.9699966538298758,12,2.649965413448649,745.9770114942528,130.0
568634,ÅFJÄLL,-0.38486111111111115,-0.37747629969502683,8,4.3443319303612125,80.89890983113675,771.0
568988,KÖLVATTEN,-0.356646865623226,-0.3546740954008077,4,3.279559440811268,19.528735632183906,266.0
569412,HAVREKROSS,0.7629781420765027,0.7625842372683838,19,4.647558109409525,1.5863889953579489,66.0
569426,KLIPPKAKTUS,0.23188405797101452,0.2755656502957277,19,4.783756233482722,9.183908045977011,364.0
569836,INSPELNING,-0.08076923076923076,-0.08546257466976492,17,4.039209957848804,11.482758620689655,191.0
569855,PEPPRIG,-0.5998677248677249,-0.593573552178937,12,3.7386926233369375,11.365815739560336,93.0
569935,SKÅDIS,0.5626477541371159,0.5668087386374485,3,4.681012418924138,1.7710724827812396,214.0
570000,ROSENTORP,-0.23548668703622871,-0.2192802766644444,4,4.254057425769413,63.78735632183907,67.0
570222,GRÅFJÄLLET,-0.05633802816901412,-0.05801101121151935,19,4.7503590495232,57.45977011494253,107.0
570934,VALLKRASSING,0.3759590792838875,0.32231000307926944,7,4.589452960285021,18.379310344827584,229.0
570986,IDALINNEA,0.7537325086395948,0.6913535419791016,14,4.679793032983487,5.617299918519748,200.0
571245,SLATTUM,-0.5351941747572815,-0.4437726651767907,11,4.211997078826109,114.9310344827586,365.0
571778,UPPDATERA,0.19452887537993924,0.30748032447599055,3,4.689536534894062,11.482758620689655,403.0
572377,GRÖNFINK,0.5794464461185719,0.5365885113651534,18,4.575878529540741,8.126512601595074,90.0
572419,ÅSVEIG,0.6632183908045977,0.6731928422134472,17,4.777018078482962,9.183908045977011,252.0
572872,TINAD,-0.9792461076554722,-0.9742209611500933,12,2.5529989668730444,745.9770114942528,97.0
573188,FÖRSÄSONG,-0.07868020304568524,-0.09965291769184634,17,4.496389601750673,9.183908045977011,205.0
573744,FÖNSTERBLAD,-0.5410396716826265,-0.5330165659099804,8,3.8202313571018864,37.91954022988506,565.0
574395,DAIM,0.056760204081632626,0.021840083934076215,18,4.7912849454921345,7.315671130694524,694.0
574588,EKET,-0.46296296296296297,-0.4672070208986797,13,4.0223293765406,57.47126436781609,349.0
575446,FRIDHULT,-0.4482470049330515,-0.4906587099992693,10,3.4060963326040823,266.20387314418474,178.0
576021,UNDERBLOMMA,0.6189596903035517,0.5411509962988035,10,4.646279038907318,11.482758620689655,64.0
576318,KNARREVIK,0.44162735849056606,0.391009184795218,15,4.5906626565964155,11.482758620689655,261.0
576709,HAUGA,-0.14281362503461642,-0.15322418105569469,16,4.573143105055671,113.88395149504285,79.0
576733,ISRANUNKEL,-0.16422305764411027,-0.1022646614957724,24,4.307828798852661,32.28314613006651,339.0
576907,SKOGSDUVA,0.6464285714285715,0.5684588010727786,23,4.87474725927571,5.735632183908046,299.0
577676,SANDIG,0.1538461538461538,0.17613651885857487,17,4.711355445577144,9.183908045977011,52.0
577695,TÄRNABY,0.09999999999999998,-0.04116720172784245,5,4.598757099804581,26.834218852605815,2078.0
578280,SKOGSDUVA,0.8527674696129843,0.846263606399928,10,4.793265082538668,8.822849398521466,57.0
578534,SNUTTIG,0.4770826999087868,0.4944965755933527,8,4.844408897155557,7.501761966591221,126.0
578968,AURTIENDE,-0.036050156739811934,-0.050402920797571395,3,4.649941831709092,7.171572146446518,70.0
579114,PILTANDVINGE,-0.3009708737864078,-0.25520680115275396,3,4.489543911563637,17.93969849246231,748.0
579147,PILTANDVINGE,0.05994897959183676,0.0433849587167271,11,4.303648669961358,13.233483791546986,748.0
579393,RODGERSIA,0.33859223300970875,0.33721051199621144,19,4.694871805809546,32.172413793103445,841.0
579425,RODGERSIA,0.44352617079889806,0.4240039178513116,5,4.694871805809546,21.400682054070085,841.0
579595,RODGERSIA,0.9099914965986394,0.9042154053822643,6,4.776042012318148,5.1609195402298855,241.0
579699,GULVIAL,0.3813131313131313,0.3865424807040259,3,4.59709574268718,4.576174112256586,915.0
579755,BILLY,-0.534640522875817,-0.5346426044788136,19,4.332880955181177,171.26436781609195,67.0
579798,STRANDLUMMER,0.46017699115044247,0.42327872528613414,27,4.69508905372397,22.97701149425287,879.0
580099,HEMKOMST,-0.87890625,-0.8790931847967556,7,3.825865967522807,27.574712643678158,438.0
580315,IKEA 365+,0.03942137343400687,-0.11214466997357822,14,4.697705667286667,11.384061701662812,1902.0
580457,KEJSAROLVON,0.04545454545454547,0.04058580201375329,5,4.266592481020291,11.482758620689655,51.0
580589,LÅNGLUR,0.09501909059354391,0.09747700459426291,18,4.208089579560564,1.3678160919540228,550.0
580886,HEMLAGAD,-0.9864430563099764,-0.9845989893160336,8,3.288817794311112,65.10330192783854,54.0
580891,HEMLAGAD,-0.5495495495495496,-0.5172034377525047,9,4.2156288475863954,6.692554900910552,276.0
580914,TIOKRONA,0.7601351351351351,0.7496868468945046,11,4.756301980214085,4.586206896551724,124.0
581372,FRÖJDA,0.07628208268025077,0.0799918141477411,12,4.710070741889856,11.482758620689655,51.0
581800,KANELMOTT,-0.6587200664769723,-0.6565330531042533,14,4.413817794311113,40.224137931034484,54.0
581918,DYVLINGE,-0.36706948640483383,-0.11549097398280768,9,4.498021821106635,228.73563218390802,389.0
582079,TROFAST,0.38389121338912136,0.3710836410268269,19,4.4907457608091965,2.290950744558992,69.0
582098,TROFAST,0.7359943977591036,0.6010550496613327,5,4.688126364394609,5.250997689561016,353.0
582102,LÖVSKOGSLUND,-0.06159420289855075,-0.07166284669407673,11,4.331760013527274,3.4482758620689653,70.0
582625,INDIRA,0.21428571428571425,0.17852497264261968,3,4.499168265692561,29.37604074835929,950.0
582852,FRIKTION,0.22556390977443608,0.3048826398863474,23,4.401509683141731,1.1379310344827585,641.0
583106,GRÅFJÄLLET,0.0031380753138075534,0.03517945397173092,3,4.4950606208,34.76549688422433,145.0
583385,GRUNNARP,-0.4751552795031056,-0.4480056288819876,3,4.245493873172278,573.5632183908045,83.0
583432,ANNAKAJSA,-0.2564102564102564,-0.25957119387776323,3,4.497892359137173,91.94252873563217,364.0
583535,RINGBLOMMA,0.2698412698412699,0.2493715269839397,11,4.499446653739107,31.034482758620687,1437.0
583700,VECKLARFLY,-0.45822767916722273,-0.4590578097170044,6,4.16525388969796,45.69094857251346,80.0
583984,SOLHETTA,0.6219608516483517,0.6185363611800168,18,4.583511906268354,2.959570939168097,140.0
584417,FRÖDINGE,-0.7073039742212675,-0.7143428065636135,6,3.9745886656000002,5.606721567406694,116.0
584629,KLIPPOXEL,-0.4935435408581188,-0.5029904421082574,4,3.8723612342969327,22.253042717693553,145.0
584912,FISKBO,0.32501163167051017,0.32842747656712873,4,4.584211401153939,2.034120000414581,147.0
584926,FISKBO,0.16658042744656917,0.14672641938489586,4,4.494036156965927,2.0039672180427335,117.0
585011,GODMIDDAG,0.10244284258045726,0.1054144674138816,14,4.411568385934885,2.2973468272785618,68.0
585030,GODMIDDAG,0.3609271523178808,0.3522419172071338,13,4.580984534236497,1.7126436781609193,119.0
586204,TARVA,-0.513095238095238,-0.5101660751055328,5,4.213318496204058,91.94252873563217,327.0
586398,UTVISNING,0.1694915254237288,0.1771687321016665,9,4.578470092482645,115.2130441470543,103.0
586416,FJÄLLKATTFOT,0.3083832335329341,0.3694610778443114,3,4.594789762380799,8.034482758620689,482.0
586690,FJÄRILSBUSKE,-0.28181105342850965,-0.18483468941724054,12,4.568230258419513,18.12228733267939,64.0
586789,RÅSKOG,0.11880559085133419,0.13976548497102492,13,4.4976458514339175,27.534225503768653,324.0
587741,AULI,-0.05092592592592593,-0.06786811204843317,3,4.573143105055671,81.55071827363402,79.0
587878,SANDVIVA,-0.426984126984127,-0.3531926887926888,3,4.058955979787051,5.613165013525698,121.0
588745,SMYCKA,0.8284643336219925,0.823867149958995,14,4.747856144457144,0.570916982284163,101.0
588873,LÅNESPELARE,-0.3283333333333333,-0.08162305045343901,17,4.572577696741053,22.520288548241663,77.0
590140,STOCKHOLM 2025,-0.6821843387036344,-0.683368009598236,16,4.258163053043039,205.7471264367816,61.0
590480,PINNTORP,0.012658227848101278,-0.003514110148288474,19,4.410256507117527,40.605643496214725,79.0
591130,SANELA,0.46326171313595854,0.4451480079074928,14,4.567838039387655,11.509722642139936,63.0
591154,ALMTJÄRN,0.06907894736842102,-0.01703245158485094,5,4.5980802366915245,22.97701149425287,1339.0
591173,BJÖRKGRÅMAL,0.2943851453624928,0.29720886461538704,18,4.649366450464369,28.729885057471265,69.0
591408,SANELA,-0.902542372881356,-0.9014013473489243,3,3.7107545409381304,91.94252873563217,121.0
591738,KÖRSBÄRSBJÖRK,-0.025362318840579712,-0.04112803939673745,3,4.726129537980953,30.672958555601152,66.0
591776,NORRÅVA,-0.13755980861244022,-0.15159058580111215,3,3.6793550576824745,6.559527714004592,176.0
591795,KLIPPOXEL,-0.42354368932038833,-0.46021303674610936,11,3.8723612342969327,22.97701149425287,145.0
591856,KINNASJÖ,-0.014878419452887537,-0.03979722891564945,14,4.1470211852235295,4.278315187222905,118.0
591998,ÄNGSLILJA,0.449874686716792,0.45046755716097203,7,4.407424486495524,4.586206896551724,116.0
592257,TRÖSKNING,0.09367945823927759,0.06990026430621923,19,4.66031424495856,9.183908045977011,93.0
592752,VIHALS,0.8296178343949044,0.8347198099629989,11,4.769878064031069,17.241379310344826,188.0
593884,TONSTAD,-0.35684647302904565,-0.3537275105530438,13,4.246412941317173,78.35243412675091,81.0
594020,TONSTAD,-0.2891304347826087,-0.32754177758059744,3,4.246412941317173,81.89951823812801,81.0
594869,SANDGRÄSMAL,0.4351963964364266,0.42549158401082376,6,4.496984573746817,9.226252885463094,249.0
595524,EKET,-0.2020330368487929,-0.235394475903934,5,4.107042820694272,17.946877243359655,891.0
596161,HEMNES,-0.8163290278289834,-0.8215567910920777,12,4.205502851725031,453.81034482758616,817.0
596175,BRUGDHAJ,0.3862179487179487,0.38226770304728624,19,4.763712755499416,5.735632183908046,153.0
596552,BOTKYRKA,0.17468619246861927,0.17181739410125269,5,4.5819088971555555,34.47126436781609,126.0
596774,KLIPPLAX,0.045468272667372155,0.04695159148626481,4,4.233056699211511,1.482758620689655,121.0
596811,BÖRJA,-0.1549429657794677,-0.15483299864771355,19,4.192679437542029,3.076449776957391,51.0
596887,FJÄDERHARV,-0.33116883116883117,-0.3238290708102391,15,4.2230898552281415,7.537301953545608,181.0
596892,FJÄDERHARV,-0.7100000000000001,-0.6710450007151673,5,3.8007028236325935,14.93103448275862,117.0
598103,TRÅDCYPRESS,-0.05453709712308026,-0.05968638632650851,10,4.339926874148572,3.442528735632184,52.0
599744,SCHERSMIN,-0.6585884353741496,-0.654326274439066,8,3.556376659640656,46.01312382380824,287.0
599763,SCHERSMIN,-0.6376059322033898,-0.6532045717242307,4,3.556376659640656,61.804386397249985,287.0
599796,SCHERSMIN,-0.6911392405063291,-0.6642338410668958,3,3.556376659640656,57.45977011494253,287.0
600714,GLADELIG,0.015625,-0.0063056702849497385,5,4.575653095237383,3.981942847408543,89.0
600747,KNÖLIG,0.5111111111111111,0.49470596389912885,7,4.597686395373357,1.1379310344827585,1108.0
600752,GLADELIG,0.011796501410062527,0.015045491586596972,14,4.493118642652992,3.2934194414820084,99.0
601105,PÄRKLA,0.9104617396898513,0.871040920690249,32,4.699424769024602,2.4246541340614263,7640.0
602505,KLIPPFISK,-0.8671977843935437,-0.8713553123299169,6,3.981259196669919,28.729885057471265,105.0
603072,SANDLÖPARE,0.5857142857142856,0.5820696713540621,19,4.913990185880702,8.034482758620689,96.0
603166,BACKMÅRA,0.15702479338842967,0.16201895479527892,9,4.592783604405541,11.482758620689655,343.0
603500,ÄLMAREN,-0.6197530864197531,-0.592141112217293,5,4.020642018111839,92.13967081987387,379.0
603864,MYGGBETT,0.07112970711297073,0.06952930584155151,17,4.235619234034109,9.183908045977011,111.0
603977,KNOXHULT,0.22667925144861145,0.2262531416073862,4,4.649941831709092,61.40169416906683,70.0
604383,KEXCHOKLAD,0.1655225553376296,0.13286980489606012,10,4.68015712247928,3.746619178335053,204.0
604986,VALVATTNET,-0.09742567077592457,-0.04523296596804888,18,4.491248708591305,9.183908045977011,74.0
606438,HAMPFLOCKEL,-0.5420057351003642,-0.5566915638550715,4,3.7849680074400007,44.51542193727257,142.0
607353,FANTASTISK,0.7107667117624002,0.7221188966153251,14,4.697305737731132,1.5958320209589245,1617.0
608258,OFTAST,0.7482232965586411,0.6719073290287291,14,4.798113945650577,1.9666223759371073,3272.0
608480,FANTASTISK,0.625,0.6468472359107942,7,4.697305737731132,2.057471264367816,1617.0
609149,VÅGSJÖN,0.10833333333333334,0.12269116297095688,11,4.4088042583221245,4.540229885057471,3898.0
609743,SJÖSS,-0.039795114263199316,0.006599204603814647,14,4.564795691762163,14.93103448275862,56.0
610303,TOFTBO,0.35303187690709603,0.36043559913219075,4,4.796022359737436,17.235632183908045,1542.0
610548,UPPDATERA,0.9182600781924724,0.8718538505355766,10,4.796019808332521,2.823391277611868,1542.0
610992,KLIPPKAKTUS,-0.6185897435897436,-0.6172519078981986,13,3.9421070022939766,9.183908045977011,65.0
611595,SKATGÅS,-0.5138188925502358,-0.45184947680855597,12,4.112258646443837,11.482758620689655,55.0
612255,PURRPINGLA,0.37179550030067715,0.3798521166944259,18,4.564795691762163,10.882882606919168,56.0
612651,TRONNAN,0.09283771783771783,0.09860230917942996,20,4.1251766976,1.1379310344827585,236.0
614382,GULVIAL,0.5694444444444444,0.5926301771745102,9,4.597127763164719,2.2988505747126435,915.0
614990,GULLSTRÅLE,0.4833078445483987,0.5052552748000989,8,4.768178877899488,22.934881608064448,177.0
615414,DVALA,0.1844660194174757,0.14218601499900047,5,4.400108801530009,13.227513227513228,9136.0
615857,SOLFIBBLA,0.2568155604487784,0.27007682770739017,4,4.490638153376745,11.145091200677928,68.0
628732,LAPPVIKEN,-0.09101251422070539,-0.09097671459510974,3,4.303088266508729,17.241379310344826,887.0
9017483,KALLAX,-0.4461722488038277,-0.45591517940868476,5,4.493991650674627,227.50346100599907,116.0
9017826,BILLY,-0.3378839590443686,-0.32537811634497793,7,4.493610168177778,137.8965517241379,108.0
9061230,BESTÅ,-0.4670542635658914,-0.47481925238684836,11,4.321173342351516,140.0,114.0
9122851,VIKANES,-0.15243902439024393,-0.1390795380120428,7,4.5775420792275865,117.97291752154288,98.0
9158185,FYNDIG,-0.5267103727724253,-0.5158366504283517,8,3.908209919177982,67.05140283780563,91.0
9197605,KALLAX,-0.20483641536273112,-0.19688239689554068,7,4.64047136743784,393.2997269481201,56.0
9207572,SOCKERBIT,-0.013927762228441942,-0.020660191558238696,12,4.407055894967376,28.72413793103448,123.0
9216595,SKÅDIS,-0.3070103911852642,-0.30917449906916517,14,4.648777688260466,40.713955656773194,68.0
9217123,SKÅDIS,-0.016566198306812663,-0.027837843305799248,14,4.679511075304187,15.541724509476087,197.0
9239498,NORDLI,-0.5728587319243604,-0.5709765223364871,15,4.4063368228687905,292.2627288109522,139.0
9239827,NORDLI,-0.4627363737486095,-0.44392784809347835,15,4.329732778621278,132.84776364382438,76.0
9241793,FONNES,-0.25947712418300656,-0.2605050181779651,3,4.064526623546458,25.287356321839077,109.0
9244310,FORSAND,-0.06662735849056611,-0.058752884057307976,3,4.498794732320958,56.45818957405432,650.0
9249529,KOMPLEMENT,0.27586206896551724,0.27008403127252184,5,4.7409036303847625,102.58514567090685,87.0
9252480,LÅNGFJÄLL,-0.28160173160173163,-0.24862883223522228,14,4.402438434290197,171.6015443153599,390.0
9252791,LÅNGFJÄLL,-0.5405405405405406,-0.4815186844855471,13,4.311046961226878,173.80824852704876,235.0
9269065,IKEA 365+,-0.3346565059144677,-0.3213023879056134,26,4.40104834688135,6.890804597701149,931.0
9269094,IKEA 365+,0.3711583924349882,0.381586597012129,3,4.596134838561424,2.230239422761561,656.0
9276810,IKEA 365+,-0.12547528517110262,-0.269867241962584,3,4.5991339365659565,9.976895610165931,2990.0
9278338,KALLAX,-0.19236627776905096,-0.1938784254949039,8,4.64047136743784,395.40229885057465,56.0
9281722,ÅHEIM,-0.19366001563529234,-0.1774137298638375,6,4.497841504531904,83.41228927784685,355.0
9284669,SKÅDIS,-0.010000000000000009,-0.040299509705063304,15,4.768661016113131,29.29885057471264,180.0
9287489,POÄNG,0.7692307692307693,0.7777743397212423,3,4.595508415845517,51.62308385933273,562.0
9290731,BERGSHULT / PERSHULT,0.4674479166666667,0.4657629030960636,19,4.666114470695385,19.58076207268097,112.0
9297134,JONAXEL,-0.018392370572207106,-0.018251982218426156,19,4.495694551820321,39.99,169.0
9297186,EKOLSUND,-0.6722054380664653,-0.4551882224274938,7,4.403979524761601,400.34364261168383,232.0
9297488,JONAXEL,-0.19336008782452543,-0.16179405956750545,14,4.494165805727537,73.39772792534099,120.0
9305426,SÖDERHAMN,-0.8007783882783883,-0.8135862911598206,4,3.5944773691780223,1003.4937671844775,164.0
9308825,HÅLLBAR,-0.16177074231966831,-0.1196685897469079,6,4.401916919442004,48.895743291564315,501.0
9319329,NYMÖ / SKAFTET,-0.038682813002896665,-0.026770173287510985,6,4.562244654933334,35.25862587191526,51.0
9320969,ENHET,-0.5472972972972974,-0.5132531696374178,3,4.329732778621278,110.20006559527714,76.0
9320988,ENHET,-0.39716312056737585,-0.3859345299276373,11,4.329732778621278,140.22988505747125,76.0
9322341,ENHET,-0.5980392156862745,-0.6282088864212996,15,4.089074795547827,102.54645560908465,74.0
9322727,ENHET,0.11702127659574468,0.08926490205353803,9,4.496306794451377,49.22319643131826,200.0
9325981,BURHULT / SANDSHULT,-0.06976744186046513,-0.06695980013665498,15,4.148081813461655,11.69993117687543,115.0
9326042,BERGSHULT / SANDSHULT,0.269278786271163,0.2720156427952073,4,4.573948811904,18.670740854208,82.0
9326099,BURHULT / SIBBHULT,0.3356258596973865,0.3285193842201024,19,4.49726150064762,8.045977011494251,276.0
9387035,LYCKSELE LÖVÅS,-0.17425724637681156,-0.17689151266845693,6,4.403811805327204,329.3033487764684,243.0
9387040,LYCKSELE MURBO,0.10869565217391297,0.00409230646384795,3,4.493454318621139,298.00689919509387,105.0
9392414,VIMLE,-0.22000000000000003,-0.19648502035598808,7,4.339926874148572,412.5942932108888,53.0
9392584,VIMLE,0.22144522144522147,0.2440921237882498,10,4.494330149228169,234.48275862068965,124.0
9406798,GLADSTAD,-0.7991921419208639,-0.7765186247847465,10,3.9876743964070176,383.9080459770115,96.0
9415953,NYSJÖN,-0.09876543209876543,-0.10243720020495578,17,4.637956073104227,240.2183908045977,53.0
9416962,LAGKAPTEN / ALEX,-0.12434691745036575,-0.15756723960283472,4,4.6347054786040545,131.02739805427,713.0
9417382,IVAR,-0.4753897460623593,-0.48266529766437755,16,4.405557995477095,181.60919540229884,161.0
9418051,ÄPPLARYD,-0.8674242424242424,-0.8717549083077033,7,3.8213828677714297,1263.2183908045977,94.0
9418602,SMEDSTORP,-0.7,-0.6884656311766287,7,3.8942125884342866,820.1682396389003,52.0
9420501,LANDSKRONA,-0.8496503496503497,-0.8424026735063525,3,4.005209275688422,957.0350934732699,77.0
9421671,BESTÅ,-0.9419315403422983,-0.9441999206893236,3,3.8393162706346664,719.3866834698592,282.0
9424467,FLINTAN,0.14881512868801003,0.14873068025082287,14,4.498688731580456,91.26595141862481,596.0
9425706,VRESJÖN,-0.7980132450331126,-0.7904959180813014,7,3.8446263956425537,200.0,76.0
9429224,BESTÅ,-0.15803519131692503,-0.16250720189261011,10,4.489265082538668,64.22459438449461,57.0
9429257,POÄNG,-0.4306071016600632,-0.3635184167554546,6,4.401786142173071,121.3015066096491,539.0
9429262,POÄNG,-0.11966906674051508,-0.11869997348569766,4,4.401786142173071,128.01659359679945,539.0
9432014,LAGKAPTEN / ALEX,0.4018691588785047,0.3711256106304224,7,4.688617264057882,136.2697866483138,369.0
9437035,KOMPLEMENT,0.30858310626703,0.3058957991223758,3,4.7409036303847625,95.01420315407974,87.0
9437506,IKEA 365+,0.20601503759398498,0.23722051968367638,11,4.759443667911111,7.691124442393478,1092.0
9440599,KIVIK,-0.12484848484848482,-0.08352429705435419,14,4.402850662436677,452.35295365699704,331.0
9440839,SAMLA,0.8968363136176065,0.8348216786791898,35,4.699299328963003,2.6410564225690276,6269.0
9442720,KALLAX,0.16297403607124228,0.15981512011863808,12,4.756908897155556,165.51921633684876,126.0
9443017,KIVIK,-0.8385093167701864,-0.7996773757643322,3,3.8966793540196725,1263.2183908045977,104.0
9470237,KIVIK,-0.9117647058823529,-0.8515656961085002,9,3.8651650894497243,568.1163679106671,166.0
9481354,LURÖY,-0.4297699451245251,-0.45245076773030757,10,4.116230662919796,45.97701149425287,376.0
9482853,KIVIK,-0.7888888888888889,-0.7702501202501203,3,3.9892400106285724,1435.6791136643415,94.0
9482886,KIVIK,-0.3297101449275362,-0.32301571860537776,7,4.188817794311112,409.5778197857593,54.0
9483367,BILLY / OXBERG,-0.1346063044586578,-0.14901299855055833,4,4.591884365079127,166.0980566417822,303.0
9484022,BILLY / OXBERG,0.060898731877688295,0.04896156110819209,6,4.65263313107957,117.94560253329726,75.0
9484201,POÄNG,0.4963768115942029,0.4291148560366683,7,4.594758312254326,136.9511355815554,480.0
9485333,OSKARSHAMN,0.2692307692307693,0.1385003885003885,3,4.683922924052555,424.13793103448273,256.0
9491230,VRETSTORP,-0.8934142827742333,-0.8668129614929367,4,3.9134123191384615,931.2129421070547,86.0
9491254,VRETSTORP,-0.8719895552560647,-0.8027863059466765,6,3.9134123191384615,745.9770114942528,86.0
9495935,FLEKKE,-0.6755162241887906,-0.6381301959166984,3,4.236180166853544,627.1250235242456,109.0
9501917,POÄNG,-0.051083591331269385,0.16150675164243408,5,4.59909260926172,225.17439474764055,2853.0
9502002,POÄNG,-0.23359809481856725,-0.10537168203510525,4,4.594763574993026,293.991017314486,480.0
9502813,JUSTINA,0.4875,0.42676375129140565,13,4.695217026265364,11.379310344827585,903.0
9509013,EKTORP,0.09814814814814815,0.04575618032640375,6,4.403430624794483,410.35207034164074,272.0
9516711,FAXÄLVEN,-0.8834459459459459,-0.8959204085576811,11,4.061615648048121,314.5347616047049,115.0
9516754,ORRSJÖN,-0.5154320987654322,-0.4953293979032681,9,4.321334970919084,126.42528735632183,113.0
9521265,ÄNGSJÖN / ORRSJÖN,-0.2558139534883721,-0.26780071822485596,9,4.568230258419513,426.5102565711059,64.0
9521500,HEMNES,-0.10631741140215717,-0.14629192307809552,8,4.530062199499231,509.7106153812003,751.0
9521604,LAGKAPTEN / ALEX,-0.19047619047619047,-0.18443118231523972,11,4.495762532581053,182.73563218390802,172.0
9529087,MITTZON,-0.5889830508474576,-0.5800780463793116,7,4.320550596988236,240.22988505747125,118.0
9535597,EKHOLMA,-0.4255175983436853,-0.4250171290772314,4,4.190068749160564,640.8165482476153,53.0
9545271,VIMLE,-0.9625,-0.9453622292598457,3,3.640441534055697,819.2850114791735,62.0
9552110,EKTORP,-0.7954545454545454,-0.6001561255710633,3,4.2510542354488905,309.1954022988506,72.0
9552134,EKTORP,0.2867132867132867,0.30093674501196466,9,4.4902997733783145,171.26436781609195,65.0
9560285,AULI,-0.16530054644808745,-0.16705321523104028,5,4.651592100993408,309.2783505154639,73.0
9561157,KUGGIS,0.7912817164209296,0.684482095285493,24,4.694264168216667,5.613544958162144,751.0
9563118,IKEA 365+,0.3214285714285714,0.30807346720142376,12,4.759443667911111,6.139724977457169,398.0
9571236,BILLY / OXBERG,-0.18705547652916077,-0.1904265565367912,11,4.4982266105515425,89.32754141646437,436.0
9580523,IKEA 365+,-0.6573426573426573,-0.6577041702003783,5,4.334083916956098,17.804597701149426,64.0
9581179,EKET,-0.3226953765672489,-0.32492417890355557,18,4.1503533952,38.90599578410037,109.0
9581476,IKEA 365+,-0.5376569037656904,-0.5261727036012654,17,3.9034638700912287,7.336663728083064,96.0
9581508,BILLY,-0.031031442626837324,-0.02937890629130077,4,4.59038701546273,94.89593391093575,253.0
9581513,BILLY,-0.45312794131488543,-0.45709252534094363,6,4.488331611455074,201.45226130653265,51.0
9581829,BILLY / OXBERG,-0.10047522259819153,-0.09109233056274595,6,4.699536469600169,118.81671598286374,240.0
9581909,BILLY / OXBERG,-0.30208333333333326,-0.29937202805558094,7,4.578290676586667,264.35632183908046,102.0
9582225,STRANDMON,0.5629370629370629,0.5361652987021719,3,4.488498302720001,80.45977011494253,52.0
9610214,KUGGIS,0.07042253521126762,0.1282235956531731,3,4.694271627035631,8.602700055363911,751.0
9612171,BESTÅ,-0.7870213441612194,-0.7812703830110523,4,3.9308483987358027,195.01352157063155,306.0
9902934,BRIMNES,-0.5806474505950431,-0.6192498910675434,8,4.301536493232765,278.71120148079444,1801.0
9903014,MICKE,0.21655737704918032,0.19375889059949863,20,4.598426860622222,150.01484764863943,1638.0
10018194,ORDNING,-0.9157661002851711,-0.9246285101520596,26,3.724233299804635,32.59633521081359,543.0
10056770,DIMPA,0.40765249944946047,0.3297979457962841,32,4.698040427575801,4.379866464169076,2230.0
10069763,OMAR,0.17541835167506403,0.15167011446206083,22,4.596262383343472,45.23164848468204,679.0
10085027,LAGAN,-0.15035799522673032,-0.14247293212410106,21,4.3088726386996825,31.94071802734125,297.0
10091453,TROFAST,0.29198184568835095,0.23790926753972638,25,4.694889653353133,73.55172413793103,844.0
10092216,MJÖD,0.507938305302931,0.4604470505875104,26,4.783183959865583,2.423916875094422,351.0
10099053,KONCIS,-0.0504,-0.15837759623770797,25,4.697227741466583,15.873015873015873,1571.0
10099289,VESSLA,0.7085650723025585,0.6061539380108613,5,4.6945004758931335,7.988505747126436,783.0
10101273,FANTASTISK,0.8113934028619937,0.7266725682133747,28,4.791813827427968,1.3295599141876593,740.0
10132788,GOSIG GOLDEN,0.03546099290780136,-0.04769699593899951,31,4.796169679747161,19.843101061375172,1602.0
10135659,MARIUS,0.4561128526645768,0.42963984727944365,27,4.499742361980928,6.196177273681999,3107.0
10148157,SOLIG,-0.015463917525773196,-0.08990735468201042,16,4.221572212161503,19.528735632183906,195.0
10148464,SOCKERÄRT,0.18821144063729722,0.10855919846031263,16,4.7923863572888346,10.365154379332072,797.0
10149029,IDEALISK,0.1471955128205128,0.12877644409502637,24,4.595009350939463,3.4447160452808694,631.0
10152639,TJUSIG,-0.13224516988674212,-0.18329340739600175,24,4.693138444221807,32.52325639999158,624.0
10152875,IKEA 365+ IHÄRDIG,-0.09177261146496812,-0.09514731089720307,24,4.596872606471067,5.742657522620096,988.0
10154252,KORV,-0.44029850746268656,-0.3856566820298444,11,4.402426539488781,4.540229885057471,392.0
10156109,BORRBY,0.412251655629139,0.4259711307589705,25,4.7956209464999295,9.183908045977011,1399.0
10159278,TITTA DJUR,0.16296296296296295,0.14274374640568477,24,4.692658135317334,6.865978632781758,582.0
10160314,LERBERG,0.20512820512820512,0.19318140826954133,3,4.4972044485777785,14.810787657127795,270.0
10182189,TYSNES,-0.34903381642512077,-0.2490375692601327,7,4.570396377163637,19.841269841269842,98.0
10185588,SKUBB,-0.029712849219924287,-0.06720593018381044,8,4.589323283567213,8.762730898429524,226.0
10185593,SKUBB,0.2614790131568655,0.13633463060732243,26,4.695491178291094,8.20591122397289,959.0
10185748,DUKTIG,0.24444444444444446,0.20535949975186463,23,4.7889784745833035,9.325197415649678,545.0
10193319,MÅLA,0.3863636363636363,0.37603111526256794,25,4.693415367997608,3.845562221196739,651.0
10197671,LILLÅNGEN,0.4423076923076923,0.4488417296413073,15,4.498036295586342,2.4390243902439024,578.0
10201673,SUNDVIK,0.26929561633570626,0.1578601291147125,16,4.59145862685377,52.06454743642671,287.0
10203573,MORUM,-0.1013986013986014,-0.1299739166584352,24,4.596202450714869,28.67764743058024,668.0
10203610,MALM,-0.2542016806722689,-0.3198100050335229,29,4.499557383831996,128.49964106245514,1801.0
10205609,UTRUSTA,0.08620689655172414,0.008262381155101453,3,4.401295418216667,12.643678160919539,750.0
10205614,UTRUSTA,0.17945151033386328,0.1964303909592735,14,4.401295418216667,9.770114942528735,750.0
10209202,MALINDA,0.1061320754716981,0.051438328548236385,21,4.400437695200352,6.885057471264368,2255.0
10212558,METOD,-0.11658031088082899,-0.23267614805274348,3,4.498559715904114,70.52600646488393,541.0
10217141,HUGAD,0.753968253968254,0.6759360479799384,19,4.598375861091271,7.876496534341524,1586.0
10217240,SYRLIG,0.5662650602409639,0.5710761034370158,7,4.498170184523637,3.589375448671931,422.0
10219178,ADDE,0.3431372549019608,0.28548231029536464,7,4.498742001860001,15.0,622.0
10225589,BEKVÄM,0.49107142857142855,0.37134223603526384,13,4.5992694563068985,20.64005505849965,3548.0
10225952,KONCIS,0.020634920634920673,0.027310946742523212,15,4.49680508408889,3.4367816091954024,234.0
10231321,RANARP,0.13469387755102036,0.07187382021625933,15,4.594445375672494,28.72413793103448,451.0
10234942,BRIMNES,0.19483568075117363,0.13947081170085224,29,4.597784762917007,49.407733241074816,1158.0
10238860,MAXIMERA,0.2206896551724138,0.1874521072796935,3,4.404737529478096,6.559527714004592,192.0
10239280,HEMNES,-0.4207650273224044,-0.48011998198727956,21,4.499483235680616,391.80135174845725,1540.0
10239713,STOCKHOLM,-0.7851617975248529,-0.7385298351858877,20,4.225959780736724,274.71264367816093,159.0
10245846,BESTÅ,-0.3666267942583732,-0.40839313080654616,13,4.301816037160753,63.218390804597696,1521.0
10246308,KOMPLEMENT,-0.211484593837535,-0.22204756525017513,7,4.300813885029236,34.48275862068965,3416.0
10246332,KOMPLEMENT,-0.2662500406861309,-0.3234165732952055,4,4.497278052017331,30.92127008258921,3416.0
10247973,SVÄRTA,-0.6639118457300275,-0.5890133534833125,3,4.191355445577144,212.83165112218387,60.0
10248519,GULLIVER,-0.2233894930766031,-0.21864616211895516,18,4.497444067271111,147.59762346273232,297.0
10251045,HELMER,-0.46013071895424834,-0.47922657290411286,23,4.101597123174425,57.45977011494253,3986.0
10251451,IKEA PS,-0.20174401649759408,-0.2060798206998716,20,4.497835702124731,112.03448275862067,354.0
10255307,FEJAN,0.13015873015873014,0.09332909259261045,19,4.403565882402868,14.613136440547608,261.0
10255897,SORTERA,0.5382716049382716,0.45824168295186385,13,4.6964244165506495,11.909736732135395,1214.0
10257306,KOMPLEMENT,0.685546875,0.6245710454149365,5,4.695902215060838,11.454753722794958,1057.0
10258061,RINGBLOMMA,0.31196581196581197,0.2606597294288079,13,4.499446653739107,31.022988505747122,1437.0
10258155,SATSUMAS,-0.31218905472636815,-0.3296084344571799,7,4.668534865645715,58.76187677539426,122.0
10258829,CALATHEA,-0.15783664459161145,-0.14522039465628925,18,4.594249185850773,19.89737052123172,435.0
10264302,OLOV,0.0380952380952381,0.053432201056361456,23,4.104688329318475,10.768126346015793,1346.0
10265293,BILLY,0.32919896640826873,0.2948693931356136,10,4.497334043676822,5.747126436781609,284.0
10269696,SUNDVIK,-0.7872742106860959,-0.7863075132520303,18,4.135725593242459,286.2068965517241,161.0
10270478,POKAL,0.8759842519685039,0.8210966719144053,33,4.7978424482581365,1.0501995379122033,2858.0
10277352,VÄRDERA,0.030616717806925903,0.020108613465114524,22,4.593437987885139,5.458829538985837,379.0
10277366,VÄRDERA,0.47636268343815513,0.443714484236336,18,4.693957313018382,2.8735632183908044,711.0
10277465,VÄRDERA,0.5744576862123613,0.5408848042189289,10,4.739756128062137,3.20223026775448,104.0
10278356,IKEA 365+,0.20820880653516635,0.22049700180473844,6,4.701736647552911,3.3598143454857814,2104.0
10278460,RÖRT,0.21913659368103916,0.20522259675407858,6,4.499553456012424,2.28735632183908,1785.0
10278728,LEIRSUND,-0.6209150326797386,-0.5532064826587056,7,4.123086213683754,160.91954022988506,259.0
10279723,IKEA 365+,0.6870945479641132,0.6181148609835068,10,4.6979250500190295,1.5709221802759088,2105.0
10281354,JANINGE,-0.27688172043010756,-0.2505490217214975,3,4.498690863724228,159.77011494252872,597.0
10283409,IKEA 365+,0.2453254530557162,0.2366776352149607,16,4.580113596873283,2.867816091954023,130.0
10283517,IKEA 365+,0.012019230769230838,-0.08819889192118915,19,4.772784566624561,16.080459770114942,210.0
10283522,IKEA 365+,-0.5372641396484843,-0.5317454854050643,14,4.4976730670242775,22.954022988505745,328.0
10286399,IKEA 365+,-0.1823248407643313,-0.25559380055639724,23,4.6919172131933955,22.93103448275862,527.0
10286752,BILLY,0.05968926935865425,0.08336039776807015,22,4.401808874891636,12.574329402368143,532.0
10289232,VÖRDA,0.18045112781954886,0.15092871034834773,13,4.846985968148346,11.482758620689655,133.0
10289246,VÖRDA,0.17750439367311077,0.12725907161218034,21,4.783364292735657,8.258774948382655,355.0
10289265,VÖRDA,0.28964797102428913,0.23571225045062963,16,4.7876637797025845,7.015339282399552,485.0
10289307,VARDAGEN,-0.24834437086092714,-0.23770340195313758,19,4.590492267118248,11.482758620689655,256.0
10290626,HOPPVALS,0.04744778346121059,0.062170008225811625,22,4.300990039387319,29.003637946581264,2805.0
10292357,KNAGGLIG,0.06912550138929432,0.09879938788148104,28,4.300981348732584,9.183908045977011,2830.0
10293564,STUBBARP,0.3672248803827751,0.37035970064523555,11,4.498979570583524,6.882312456985547,771.0
10293597,NANNARP,0.04878618113912228,0.06722652275280033,10,4.407712257289923,18.8792042222631,111.0
10296176,ELVARLI,0.0980392156862745,0.056018253825647554,13,4.493176959240678,20.64693737095664,100.0
10296317,SINDVIK,0.07703081232492998,0.09229946631551765,3,4.497144968760285,28.735632183908045,264.0
10297656,LISABO,0.3928571428571429,0.3945410522936579,9,4.7409036303847625,97.94299147810756,87.0
10298420,FLISAT,0.12394957983193278,0.10818893026387102,7,4.570056105636782,45.992924165512996,73.0
10299151,VIDGA,0.5,0.5044237071419186,19,4.313308958049523,4.009163802978236,192.0
10300395,FISKBO,-0.1121031746031746,-0.06165503557744936,4,4.400259083643334,5.156411902659997,3822.0
10300814,TOPPKLOCKA,-0.007246376811594124,0.013017605015252839,13,4.674388844130234,8.296576349506406,154.0
10301960,UTRUSTA,-0.34278959810874704,-0.3122554755342002,13,3.8359488119040006,24.79711451758341,82.0
10303365,PHALAENOPSIS,-0.18831168831168832,-0.1474854969552747,19,4.49971590726549,11.482758620689655,2816.0
10305741,KALLAX,0.22390317700453854,0.2177703241704684,3,4.6994271627035635,103.43678160919539,7672.0
10306019,BOTAREN,-0.25506756756756754,-0.21551595508546145,27,4.106137122063723,6.194477791116447,1024.0
10306024,HORNEN,-0.5069444444444444,-0.5104281859514556,17,3.658093891284529,15.228426395939087,247.0
10308626,SYLT LINGON,0.41666666666666674,0.434296525627795,3,4.7938441281650785,4.1293874741913275,990.0
10308693,TROFAST,-0.21052631578947367,-0.21237237143193882,19,4.402978686198804,52.404956941818945,316.0
10311006,SUCCULENT,0.31459125938932786,0.3021876831954932,22,4.593268426848579,3.4367816091954024,444.0
10311308,KOPPANG,-0.14837398373983746,-0.2273878686816064,17,4.595437620298424,218.25396825396825,553.0
10311488,IKEA PS 2014,-0.10460251046025104,-0.2091556613661387,7,4.598188373567733,68.95402298850574,1420.0
10311539,LILLVIKEN,-0.2826441431529534,-0.2975545747688244,18,4.0158508340239845,20.646269499951607,499.0
10318159,IVAR,0.14531168279288703,0.10608820566580765,4,4.40069426461298,6.90414096673152,1415.0
10319026,OFANTLIGT,0.0518433179723502,0.05352542933988743,17,4.671018955200001,6.867124856815578,134.0
10320063,LILLABO,-0.3189102564102564,-0.3126750286129819,20,4.404288280993104,9.183908045977011,214.0
10320077,LILLABO,-0.46940559440559443,-0.4180801363006432,22,4.594421587131478,25.13867816091954,449.0
10320317,NISSEDAL,-0.14158235667301078,-0.1444435334602334,14,4.69917599722978,63.2770078311884,5328.0
10320341,KULLABERG,-0.30416666666666664,-0.33838702147525673,3,4.132794262514872,78.35243412675091,177.0
10320789,SKÅDIS,-0.3676967648478996,-0.3518700427910747,20,4.040974405952,5.689354281390205,182.0
10321618,SKÅDIS,-0.1891352981227507,-0.17463570265421235,30,4.599165828110919,19.112418660301728,3105.0
10323599,BILLSBRO,0.3382352941176471,0.23189352218123951,11,4.597478103766117,19.227811105983694,1015.0
10324136,PINGLA,-0.10669901378470575,-0.15756126755495087,6,4.573098345685727,8.298850574712644,291.0
10324513,KALLAX,-0.644927536231884,-0.5997788232055196,3,4.642037910400001,136.7816091954023,225.0
10326791,KNOXHULT,0.20685579196217485,0.23329672239530705,15,4.592682250534831,34.48275862068965,338.0
10327700,KLIPSK,0.15234375,-0.09357739435864432,3,4.301064311192079,11.482758620689655,2608.0
10329308,YUCCA ELEPHANTIPES,-0.22358323494687138,-0.2502564842375072,20,4.596082528105864,33.61464952855791,647.0
10330948,PLATSA,-0.042034814018126004,-0.04598385536910747,10,4.495451306160453,46.99760104503933,159.0
10330953,PLATSA,-0.04068396226415094,-0.028179138419876706,7,4.495451306160453,36.7816091954023,159.0
10330972,PLATSA,-0.053921568627450955,-0.09237804541017337,19,4.49672715931057,51.29257283545343,228.0
10331014,MALINDA,0.053191489361702135,0.035349949341843524,11,4.496110537151691,6.885057471264368,2255.0
10331165,HJÄLPA,0.303133514986376,0.337484859139397,5,4.496792355340239,10.344827586206897,233.0
10331194,HJÄLPA,0.2882602268882121,0.2847975838120046,18,4.406418588325162,4.152101989242544,137.0
10333287,BROR,-0.16468197034911525,-0.16552191876658112,18,4.316735815511377,31.141907960567835,149.0
10334319,BILLSBRO,0.4113475177304965,0.3406482260896421,15,4.597478103766117,15.106392161940523,1015.0
10335187,KARLBY,-0.8277310924369747,-0.7694012574467157,7,3.818118097066667,171.26436781609195,633.0
10336950,SONGE,-0.28348909657320875,-0.28763651064414303,15,4.688733711484399,113.97479954180984,373.0
10336988,ULLVIDE,-0.10969387755102039,-0.14305020462811036,3,4.209513211574327,14.93103448275862,465.0
10338416,BAGGANÄS,0.8061728395061728,0.8265812374522102,11,4.7894470768544215,5.747126436781609,570.0
10338421,BAGGANÄS,0.8360128617363345,0.8210183091316527,9,4.7894470768544215,5.747126436781609,570.0
10341598,NYHAMN,0.33295640773516877,0.3514190302813898,12,4.316062535577012,48.227277026458104,156.0
10341942,SAMLA,0.5134832204336041,0.5165026043981868,6,4.581122327466667,5.735632183908046,120.0
10342767,ULLVIDE,-0.11764705882352933,-0.10152201476914889,13,4.300772920683185,20.678160919540225,3611.0
10342772,ULLVIDE,-0.18566599053414468,-0.1771480169375966,10,4.300772920683185,26.4641111886245,3611.0
10342791,ULLVIDE,0.569337227804047,0.5159114597862502,18,4.499404057135751,6.244432480896139,1333.0
10345073,KALLAX,0.06119246861924685,0.06271674754649874,5,4.32767209099406,11.494252873563218,83.0
10345346,ULLVIDE,-0.1218390804597701,-0.014383064833464344,5,4.300772920683185,18.379310344827584,3611.0
10345474,EKBACKEN,-0.5467171717171717,-0.52761140248135,3,4.239955488612175,183.90804597701148,97.0
10345493,SÄLJAN,-0.33199011390500754,-0.3261788110050876,6,4.331403159442697,110.73442282089228,71.0
10346765,PERSILLADE,-0.059726962457337884,-0.04496033439808849,17,4.696288863681888,22.97701149425287,1169.0
10346831,JÄMFÖRA,-0.5935430463576159,-0.5984852143355889,19,4.4957401121185185,26.149968494013862,171.0
10348019,RAGGISAR,-0.23397001008941307,-0.23870738749942264,20,4.590094605286692,14.93103448275862,245.0
10349655,VALLAMOSSE,-0.07142857142857151,-0.0806742846868241,13,4.49668675386996,84.01596303297626,225.0
10349660,VALLAMOSSE,-0.16376858435681962,-0.1728184190618898,14,4.320550596988236,29.050089339696886,118.0
10357004,KALLRÖR,0.4394256371243819,0.41034346248449916,22,4.594106066041628,11.494252873563218,424.0
10357198,DVALA,0.10459183673469388,0.06454350652653745,5,4.304401387701418,10.396975425330812,1011.0
10357216,DVALA,0.15333416066848682,0.14502193627574322,8,4.400207553657616,11.482758620689655,9136.0
10357259,DVALA,0.025000000000000022,-0.02737885320585649,5,4.306767266804842,16.333224007871433,395.0
10357283,DVALA,0.20594388513657025,0.19437391024363446,6,4.495531870075466,9.90915214059915,9126.0
10357301,DVALA,0.4722921914357683,0.4376890519219396,5,4.567838039387655,5.38434977772023,3765.0
10361789,IKEA 365+,0.11841712020637368,0.13279853460491636,32,4.400316337421431,1.6941080158833386,3127.0
10363651,KULLABERG,-0.19087136929460582,-0.1930132695219846,5,4.319012797213606,58.76187677539426,129.0
10365141,GALANT,-0.45155019016571585,-0.45673231339009274,14,4.496129236492308,268.9655172413793,190.0
10365155,GALANT,-0.7737276478679505,-0.7717697859350074,15,4.051540133272956,205.78114246386784,141.0
10366777,SONGESAND,0.026097834967320266,-0.2009915915105041,20,4.685365053788705,170.94174439535266,283.0
10366796,SONGESAND,-0.8155220993275376,-0.6998552660816793,4,4.028957177351237,233.33550873239955,265.0
10368489,KOMPLEMENT,0.16907675194660737,0.1347068967092724,21,4.5878265476186915,40.0,196.0
10372976,NORDLI,-0.06618920719520316,-0.04654473591159408,10,4.590526840692364,176.37822207020923,257.0
10374923,KAFFEREP,0.5538461538461539,0.514091408406837,21,4.599360863883807,1.7126436781609193,4058.0
10375159,FEJKA,0.5954106280193237,0.6125844313010603,7,4.772298576742857,4.780460798092074,206.0
10376601,EKLATANT,0.2142857142857143,0.2917242273150054,3,4.691609297505524,5.613165013525698,507.0
10381792,NORDRUTA,0.5080091533180777,0.42045096273123717,5,4.682588463203162,22.97701149425287,235.0
10381909,IKEA 365+,-0.17991631799163177,-0.1706280287082778,27,4.106356740745924,3.2183908045977008,988.0
10381966,LÖRBY,-0.1607142857142857,-0.14195526695526695,3,4.407424486495524,9.773696293866841,116.0
10383239,IKEA PS 2014,-0.05555555555555558,-0.2703703703703703,3,4.598188373567733,57.45977011494253,1420.0
10383461,NORDLI,-0.4331152114934024,-0.4325042894276087,14,4.3174680074400005,101.13094842393363,142.0
10385926,FONNES,-0.07574656214237521,-0.07748470429130769,10,4.070645527503449,9.106267425349543,98.0
10385950,KOPPANG,0.008879781420765065,-0.10199444520450282,17,4.597222687836247,114.9310344827586,920.0
10386431,HOPPVALS,0.3356777493606138,0.35014536808870084,10,4.499206779497931,29.955621194238255,997.0
10386539,MELODI,0.42828685258964144,0.36485649822624505,3,4.7503590495232,19.159663865546218,1238.0
10386577,HEMMA,0.14435146443514643,0.12107758898538494,3,4.211632610608608,5.505849965588437,671.0
10388977,MATÄLSKARE,-0.8202592107701596,-0.8004772075428433,8,3.6916361975619054,290.28702357092936,150.0
10389142,UTDRAG,-0.8144963144963145,-0.8031337542927923,15,3.471409327783459,171.26436781609195,248.0
10390961,RANARP,0.36541143119828373,0.35561460409770396,8,4.644239002410128,20.384052515408666,61.0
10391710,FRÖSÖN,0.3878205128205128,0.3898450945611783,17,4.664186025938212,9.195402298850574,105.0
10391833,DUVHOLMEN,-0.4258615635861145,-0.38144013068553995,20,4.31050707214436,16.63704230359047,248.0
10392026,TÅSJÖN,-0.05061681148980235,-0.049378401233742895,24,4.301539879443746,3.442528735632184,1797.0
10393064,IKEA 365+,0.1944468619246862,0.21141870709618704,12,4.693315449454325,5.735727075442895,641.0
10393974,UNDERVERK,-0.9256709430067094,-0.9161111255319621,12,3.2403200109211014,458.6206896551724,91.0
10395534,SANNIDAL,0.061364952021055214,0.039122809319953544,8,4.496453221103084,27.608648910279356,209.0
10395591,LÄTTHET,-0.1145813243330119,-0.11687055634557676,14,4.233056699211511,17.241379310344826,121.0
10395925,SKURUP,-0.16151559297342166,-0.15249373446862516,18,4.404233536980426,28.72413793103448,217.0
10396760,TIBAST,-0.6666666666666667,-0.6488300589509871,3,4.02389178189621,57.45977011494253,325.0
10396859,FRIDANS,-0.3492647058823529,-0.38148181403117803,19,4.101863310370163,32.172413793103445,3414.0
10396864,FRIDANS,-0.576271186440678,-0.5908005191193038,21,4.101863310370163,45.96551724137931,3414.0
10396920,FRIDANS,-0.3373015873015873,-0.3368371327450611,5,4.101863310370163,36.77011494252873,3414.0
10399754,IKEA 365+,-0.8019785477166848,-0.8056223561998499,14,4.218090083426772,34.47126436781609,236.0
10399886,TRANHULT,0.07308743169398907,0.06440130718031306,11,4.410472433583159,19.528735632183906,77.0
10401484,VIVALLA,-0.06436545910230118,-0.10581598008434343,30,4.59722564557018,11.732055118401124,921.0
10401931,BILLY,0.2212049115322558,0.16143947364606265,6,4.6849654648136525,80.44827586206895,275.0
10404053,KOMPLEMENT,0.309422550483504,0.3031486992894175,22,4.49825353837397,11.34894960218229,443.0
10404086,NYMÅNE,-0.6095543345543346,-0.6147263768327899,6,4.124407943474809,54.27113828507684,244.0
10404091,RISBYN,0.22244897959183674,0.22896610397507053,19,4.586360634504712,22.520288548241663,173.0
10405364,RINGSTA,0.33730158730158727,0.3198244350350213,7,4.498906088573913,11.482758620689655,718.0
10405731,EVEDAL,-0.16103048124960473,-0.21543277719311762,10,4.665585009300001,226.9692588331623,110.0
10407136,IKEA PS LÖMSK,-0.06984126984126987,0.14448591481870257,19,4.49672715931057,90.80459770114942,228.0
10407141,NYMÅNE,0.025992802981621932,0.022241886883828457,8,4.659953465367273,51.712643678160916,92.0
10407565,OTTEBOL,-0.1735225908987707,-0.1624788949501857,4,4.324733461861948,37.35632183908046,95.0
10408273,NÄVLINGE,-0.26319727891156464,-0.2548002773486553,4,4.2069725056000005,22.97701149425287,641.0
10408683,HACKÅS,0.3789731051344743,0.36826987775782977,5,4.59110880952355,14.692918013517485,275.0
10409871,BRIMNES,-0.1385677783791281,-0.1397267799460699,8,4.594617523120661,207.08608671347184,466.0
10409932,KALLAX,0.1870701513067401,0.0708689037729454,29,4.698450538582624,112.4887285843102,2825.0
10411242,VITVAL,-0.5509353741496599,-0.5401547405280035,20,4.305971968355555,306.7673808023525,450.0
10411440,TOSTERÖ,-0.7350567645970371,-0.7054491562671017,18,4.215523247264865,57.45977011494253,278.0
10411770,MATTRADITION,-0.7774226460667139,-0.7645766031478988,12,3.9577738797132955,344.8594543308056,155.0
10412005,KOPPLA,0.48984771573604063,0.41537239991665537,13,4.777759430789964,8.034482758620689,261.0
10412312,DR. OETKER,-0.3915083274689185,-0.3479356468130854,12,4.405466380167034,4.408587007834338,164.0
10412878,KVARNVIK,0.5277766816244616,0.48310923017662577,18,4.597796007775296,11.465892483311608,1164.0
10412901,SKAFTET,0.3194444444444444,0.2923209982480538,5,4.691961462026278,31.505986137366097,530.0
10415594,EKRAR,-0.31677018633540366,-0.33825836662903835,27,4.596995249354555,22.97701149425287,849.0
10415612,VALLOXEN,-0.7583333333333333,-0.6897656621904484,11,3.735495773343081,22.97701149425287,365.0
10416211,KALLAX,0.14888494752694242,0.19297776964128216,4,4.565722120926317,32.241379310344826,82.0
10416409,FRIHULT,-0.41632653061224495,-0.4044035789632624,13,4.031511594610527,33.791704238052304,58.0
10417244,ENTUSIASM,0.11046511627906974,0.09519196592536236,21,4.784250967488325,14.259335248256054,376.0
10417710,POKAL,0.7673309989477122,0.6194322466954675,6,4.7978424482581365,1.649516336759434,2858.0
10417734,SIBBHULT,0.6858190709046454,0.6792843949040626,19,4.593053016507732,0.5877167205406995,357.0
10417753,FÖRBÄTTRA,-0.630225080385852,-0.6413224193693349,3,4.23022948151579,165.1754989676531,134.0
10419950,TILLGÅNG,0.6577946768060836,0.5644093843741551,29,4.697290824840345,1.5382248884786955,1608.0
10421000,BACKTRAV,0.05825242718446605,0.07502719524217964,3,4.58371800744,13.593672763222935,142.0
10422504,RÖNNINGE,-0.04020979020979021,-0.06669139508171393,11,4.588771039613793,106.90662974926934,214.0
10422844,MJÖSA,-0.6007990314769975,-0.5248748849220809,18,4.4019243349911035,37.54093985468943,499.0
10423594,DUKTIG,-0.1952662721893491,-0.18864962864110124,21,4.5932509875398955,11.436781609195402,368.0
10423688,MÖJLIGHET,0.18192219679633864,0.14684881827604052,17,4.4025315043012725,12.724066999706142,375.0
10423886,NORDEN,-0.16204337534386798,-0.19318639693263986,20,4.598775790033082,265.3799506245806,2110.0
10424126,VEDBO,0.32502913752913754,0.13211374624612157,6,4.590696004251429,202.83329746331992,262.0
10424131,VEDBO,-0.15002656310110468,-0.14960968588003318,4,4.496903389193847,328.28435022299755,242.0
10424230,SILVERTOPP,0.0027968471904398634,-0.08352612213930424,4,3.9223509325697905,11.647649728159356,661.0
10424353,VIMUND,-0.09918505218046902,-0.1286315902343021,16,4.498131974919722,90.36217971537286,413.0
10424517,SOLSKUR,0.2852913741857965,0.20506011964199572,18,4.683186569429008,32.59633521081359,244.0
10424701,UPPLAGA,-0.04765624999999998,-0.048158663115758484,12,4.576099827434863,5.735632183908046,91.0
10425526,STOENSE,-0.12280018559639416,-0.12083419446096993,18,4.599471256584208,61.4150419899626,4909.0
10426719,STRELITZIA,0.196733784573432,0.18846427514697675,12,4.764338397645977,28.72413793103448,156.0
10427262,UTRUSTA,0.14189189189189189,0.16377869326514857,19,4.496340369047273,21.839080459770113,202.0
10428332,HYLLIS,0.40167364016736407,0.4038246479134496,9,4.496340369047273,3.4482758620689653,202.0
10428488,FÖRNUFT,0.10264900662251653,0.07900842994892643,15,4.496255261350698,2.625498844780508,197.0
10428624,LUFTTÄT,-0.7995263759594969,-0.7954902253275745,12,4.004113345733334,19.971589810347186,78.0
10428718,DRÖNJÖNS,-0.25,-0.2517943947454046,23,4.498445716583784,11.482758620689655,500.0
10429987,JONAXEL,0.47627756330563376,0.47195687804841324,10,4.569351543416471,5.499062063171312,67.0
10429992,JONAXEL,0.42418300653594776,0.415240399840105,19,4.591623412187781,14.350323043790379,293.0
10430368,BARLAST,-0.10125523012552301,-0.09291210089277271,28,3.9099254033668323,9.593033729212749,989.0
10430518,PERSHULT,0.35167464114832536,0.3490734434928756,19,4.493059320606897,3.918111470271329,98.0
10430778,SOLKLINT,0.23555555555555552,0.20916078554416812,19,4.683864033664469,35.225349946162126,255.0
10434309,GAMLEHULT,0.48251748251748255,0.4622021880371578,19,4.686928430832048,91.94252873563217,319.0
10435224,STYRBAR,-0.19577308120133483,-0.19625946988099466,3,3.7249447361291743,15.285186704965122,527.0
10435399,MITTLED,0.009685230024213065,-0.017345752671354808,3,4.30980660066807,8.148798695188507,267.0
10436978,LÄTTHET,0.772449251667194,0.7784861151804017,18,4.675390397711732,2.2988505747126435,161.0
10437765,SIMRISHAMN,-0.4285714285714285,-0.42609820607324084,19,4.497652714840816,114.9310344827586,325.0
10438557,MUREN,-0.6048951048951049,-0.7022841250797176,15,3.8342874453209306,401.1494252873563,326.0
10439590,SKYDRAG,-0.28754955512727054,-0.29101080985779854,14,4.053913692042106,28.108681913338863,134.0
10439694,DRÖNJÖNS,0.22289840960727036,0.16463991816134613,24,4.693634221373411,9.484695721489828,674.0
10440428,ENHET,0.2816229116945107,0.2611796566962237,3,4.659586065966973,36.65196387313589,91.0
10440447,ENHET,0.30723443223443225,0.23851714318957654,4,4.589703087709091,34.13839253289421,235.0
10440452,ENHET,-0.1506570713391739,-0.16955068668054796,16,4.491867486771718,92.39678991033823,81.0
10442045,STILREN,0.3494501804751112,0.28330903002302327,24,4.887569691289441,14.335228936935598,626.0
10442677,NATTJASMIN,0.12989906139704455,0.11885010183040182,4,4.452886873022509,38.5,3129.0
10442743,NATTJASMIN,0.35443222673577063,0.3556954948111843,4,4.7133285804897325,16.02033635729953,3129.0
10442984,EKBACKEN,-0.4069212410501193,-0.4418788908168287,9,4.304581772443279,91.94252873563217,592.0
10443974,DRÖNA,0.5132850241545894,0.4322399810838628,33,4.699480650930252,4.576174112256586,8465.0
10444445,HULTARP,0.632603406326034,0.47892607466314985,19,4.594990156135385,4.486023444544634,502.0
10446449,KOMPLEMENT,-0.17144808743169396,-0.18695664710230706,17,4.118535887508406,17.241379310344826,327.0
10447528,VÅRVIAL,0.32439602276179097,0.3220909437712733,14,4.4058868709491135,11.482758620689655,154.0
10448603,NYMÅNE,-0.7803191993929046,-0.7517270294447365,14,3.839847571589189,79.6501724137931,278.0
10448735,BOAXEL,0.44403765690376573,0.4264964715104633,3,4.589279346462551,11.494252873563218,225.0
10448740,BOAXEL,0.13303144224196856,0.12573139063918468,6,4.311501568684774,6.462938667062735,225.0
10448778,HULTARP,0.6466992665036675,0.6279097874712368,3,4.594990156135385,5.9990770650669125,502.0
10448976,ENHET,-0.13691931540342295,-0.09166726496592478,5,4.491948811904001,69.2201199815413,82.0
10449018,ENHET,0.09208374673869106,0.10280344299802247,12,4.232820579931429,8.045977011494251,122.0
10450399,BOAXEL,0.585348506401138,0.5813673372591639,9,4.649941831709092,10.768126346015793,70.0
10451290,VESTMARKA,-0.6506983093562952,-0.5459823938495224,4,4.191741515274138,171.06344036505106,578.0
10452162,ENHET,0.4795321637426901,0.46481273400778045,5,4.662024837848277,10.646906009113751,98.0
10452572,PLATSA,-0.04768392370572205,-0.055637719860792974,11,4.568613026390362,90.80459770114942,65.0
10453072,IVAR,-0.4753779343848379,-0.46919909213032435,12,3.971392008502858,57.47126436781609,122.0
10453755,RAKKESTAD,0.15061991072480763,0.15963656738245627,8,4.4900602616098775,15.57038245965954,63.0
10454279,TOFTBYN,-0.2595628415300546,-0.2566515703836677,3,4.6877974548210535,84.61790751065924,370.0
10456589,MÅLA,0.04444444444444445,0.05846789711990706,19,4.688498384309138,8.258774948382655,365.0
10457027,TRONNAN,0.04097560975609756,0.04292838035761508,4,4.1251766976,3.1494252873563218,236.0
10457635,LEN,-0.42389535162047015,-0.36789631669343775,16,4.327400795984315,17.60994252873563,84.0
10457999,BERGENES,0.07777777777777779,0.11953780707137582,31,4.400254055462309,2.2988505747126435,3898.0
10458710,IDANÄS,-0.3648459383753502,-0.29414907459757655,17,4.578990977341936,447.0635833226864,114.0
10458767,IDANÄS,-0.49098680840163933,-0.49640401011649665,14,4.496306794451377,326.43678160919535,200.0
10458970,IDANÄS,-0.4348894348894349,-0.4361148168995252,3,4.495933743385859,745.9770114942528,180.0
10459291,FJÄLLARNIKA,-0.27931034482758627,-0.26617778342813186,7,4.400297068136877,69.2201199815413,3331.0
10459818,TAGGVALLMO,0.025798525798525797,0.0220269566585139,15,3.8236370364537073,4.011494252873563,481.0
10460015,UPPDATERA,0.5896638402372347,0.5925955311581558,12,4.575653095237383,3.9545684363805096,89.0
10460020,UPPDATERA,0.3105640972545771,0.3103950973388711,12,4.404806189325604,7.376252811376097,189.0
10460384,LAPPTÅTEL,0.2949297366005226,0.3655895303316381,12,4.308293415995252,5.17825507536087,319.0
10460666,LAGKAPTEN,0.4542351453855879,0.3973747684123691,18,4.4990240984126055,25.603212607617234,807.0
10460888,SMÅGÖRA,-0.3709500306312346,-0.3565552195477448,20,4.496014263318813,171.26436781609195,184.0
10461010,BORTBERG,-0.3090277777777778,-0.36561402759114603,15,4.402703481495653,14.58230350963915,350.0
10461133,FEJKA,0.14371980676328505,0.15728730138064648,5,4.650504283038203,8.034482758620689,71.0
10461147,FEJKA,0.2468394301050215,0.24100366204859155,22,4.689965560798178,8.145188224057422,421.0
10461944,FÖRNUFTIG,0.4166666666666667,0.4295015111024825,17,4.672119501205064,9.229349330872173,140.0
10462019,ÄNGSKORN,0.5980622295866704,0.6062581993907974,20,4.5969242989260914,9.484695721489828,829.0
10462180,ÄSPERÖD,0.030192237381415132,0.033130088082276736,18,4.582861060463158,82.179609470627,134.0
10462830,HULTARP,0.7521008403361344,0.749404757322103,5,4.7879042518331385,9.0,495.0
10463702,MIDDAGSMAT,-0.5786111831643528,-0.5584057909292172,24,4.122438179615439,9.106728938253532,267.0
10463858,DANDERYD,-0.46938775510204084,-0.4445512100699376,5,4.49685500465,262.0247847090947,238.0
10465051,HANNELISE,0.5548841652734655,0.5601313349473577,22,4.594583952578795,11.220799613957645,463.0
10465268,LEN,0.2780981194130545,0.2505085112136441,18,4.331760013527274,7.4885822482504665,70.0
10465433,KOPPLA,0.5318725099601593,0.5251071017136274,3,4.497617991687574,3.4367816091954024,320.0
10466362,SKAFTET,0.2068273092369478,0.17590176133533447,7,4.495178929283833,12.602394454946438,149.0
10466951,KVARNVIK,0.45732574679943105,0.40494256053525735,27,4.597796007775296,15.757439134355277,1164.0
10467093,MATMÄSSIG,-0.6515513126491647,-0.6186700302469722,15,4.211345385655309,343.67816091954023,387.0
10468243,SMEVIKEN,-0.10429406048540005,-0.10243397428861106,4,4.489677963979489,50.11494252873563,60.0
10468511,GLITTRAN,-0.24549497997190872,-0.2556245540573538,8,4.495149886689157,132.64062512892872,148.0
10469186,ANGERSBY,0.179029304029304,0.14076756576756574,4,4.407895882463492,286.2068965517241,108.0
10470830,NYSJÖN,-0.33229166666666665,-0.347657367565791,18,4.2230898552281415,43.10782840786868,181.0
10470991,PÅDRAG,0.8546511627906976,0.7968537693328746,31,4.795941714316808,1.9491177677472304,1511.0
10471448,GRILLSKÄR,-0.5963917525773197,-0.6292696340061925,18,3.9884502760212395,81.17964417653528,95.0
10471839,SANDVEDEL,-0.11022853957636566,-0.17426903664741658,10,4.207293462206985,34.47126436781609,612.0
10472042,LATMASK,0.20332085579861944,0.202998293424014,18,4.3157902892113,2.901452605371849,159.0
10473555,ALEX,-0.45175438596491224,-0.4500357589326267,27,4.401537683447296,136.7816091954023,629.0
10473895,KAPKRUSBÄR,-0.38959963877182424,-0.358549908763418,6,4.407006205566198,10.939867023010233,124.0
10474512,DELSJÖN,-0.4397003063669731,-0.4823507679095329,6,4.2173391743033966,91.94252873563217,247.0
10474772,SILVERGLANS,-0.6167582417582418,-0.5996185301189862,18,3.3836982210601634,34.47126436781609,105.0
10474847,TROTTEN,-0.216,-0.1860290700960995,5,4.234547978875189,56.13165013525699,115.0
10477049,DUNDERGUBBE,0.5,0.4658173097239784,17,4.598187112867362,2.0745030147453885,1419.0
10478242,KNÖLIG,0.6113297539616347,0.6306810179311002,10,4.765039084642037,1.0229898112636078,1108.0
10479642,FÄRGKLAR,-0.124674048013245,-0.10538296995256843,4,4.680246103992826,14.232365965122053,205.0
10479675,LYCKSELE,0.5540709290709291,0.5744421550671551,6,4.4067221702054065,56.22674460785838,130.0
10480358,STAVREBY,0.018699206199206203,0.011464264753738462,4,4.572863345733334,13.252838097554221,78.0
10480551,BRÖNDEN,-0.8398692810457516,-0.8353094468232466,3,4.311792747638819,376.32519917194657,219.0
10480607,ALEX,0.14599483204134367,0.14279807148189747,19,4.403826466116923,10.501995379122032,242.0
10481051,BERGMUND,0.0338581121138265,0.03343862386609638,6,4.3054694348148725,12.88688878865154,493.0
10482036,RENSARE,0.07970611358366869,0.08451669704497854,20,4.49829423981017,3.1438350997956945,454.0
10483210,STORSTOMMA,0.74581589958159,0.7077245990480057,19,4.892655854303119,2.28735632183908,1072.0
10484016,MUNSBIT,0.4402985074626865,0.4404426219885151,15,4.593927461982283,1.9841269841269842,411.0
10484304,ULLVIDE,-0.16393442622950818,-0.16985832354926625,5,3.9124936014880003,13.84402399630826,800.0
10485049,BODBYN,0.29628744022149506,0.30602039718585994,4,4.71260396042817,70.01853548050417,53.0
10485271,LÄTTBAKAD,0.49374999999999997,0.391953779104136,15,4.7721743551139015,4.095778197857593,205.0
10485370,CRASSULA OVATA,-0.2340885217723453,-0.2207849890880183,14,4.589099921298745,28.72413793103448,221.0
10485577,HEDSÄV,0.5754703423046773,0.5746087898190262,18,4.586142985055319,9.08924888322295,170.0
10486647,OLIVBLAD,-0.3079470198675497,-0.32757853685125216,23,4.595736303093944,24.806853985929475,593.0
10486652,OLIVBLAD,-0.309623659528692,-0.33397447926816215,22,4.498083050453333,11.482758620689655,402.0
10486794,TILLREDA,0.12196821076568692,0.07698577520936664,18,4.585527117724444,51.406535774557625,234.0
10487816,EKENABBEN,0.18549673967947833,0.177146565799424,8,4.595437620298424,54.268303538537964,553.0
10487840,IDANÄS,-0.6328097316249837,-0.6285149310728654,10,4.405024652476768,443.1316915933377,181.0
10488062,FÖRNUFTIG,-0.7472222222222222,-0.6315287757298067,6,4.3051188300190475,80.21913793103448,528.0
10488769,KALLVIKEN,0.17954203564940965,0.14431175869610394,8,4.586776046651777,32.991665679187896,179.0
10489028,FLINTAN,-0.03469876126126126,-0.027483486244461845,14,4.400820859067987,80.44827586206895,1194.0
10489033,FLINTAN,-0.06482300884955752,-0.07306400150729744,8,3.8657912340292695,19.40969826234239,64.0
10489212,VÄDRA,-0.03900709219858156,-0.047816175201736,19,4.584400486170059,6.896551724137931,149.0
10489702,BEKRÄFTA,0.24679487179487178,0.2132468893869989,16,4.3077851843743735,19.588440776901827,341.0
10490244,DUKTIG,0.003692746000438313,-0.008989747792874255,18,4.663892468773771,8.305294723127215,104.0
10490512,BERGMUND,-0.10789051664355062,-0.09332360383580923,4,4.0470970183356325,16.879464603555068,156.0
10490526,VÄLVÅRDAD,0.12437173241444867,0.10438441854101535,10,4.494838981989744,1.7677533815525897,138.0
10490951,BJÖRKÖVIKEN,-0.02801120448179273,-0.03680020287997317,9,4.496437527391151,45.97701149425287,208.0
10491088,TRETUR,-0.32352941176470584,-0.37935918177280065,13,4.3025759273644235,55.22227349638517,1067.0
10492276,FRÖTORP,-0.08928571428571436,-0.09970825599169399,19,4.5775420792275865,103.43678160919539,98.0
10492455,TJABBA,0.3625,0.2981825118360668,29,4.499160460052555,0.7691124442393478,941.0
10492479,ISKÄRNA,0.2711538461538461,0.19234614113066054,19,4.684379011313476,34.47126436781609,264.0
10492484,LITOSFÄR,-0.35416666666666663,-0.32602031884593474,17,4.410049304953537,17.229885057471265,81.0
10492672,KLEPPSTAD,-0.3719723183391003,-0.3392220530104436,9,4.403178534154633,171.24856815578465,295.0
10492813,STRANDMON,-0.16679511683827608,-0.17384802721386294,6,4.5993049309472775,317.61220838855934,3730.0
10493445,VISTHUS,-0.30496624879459977,-0.30304349971172784,10,4.575189344670477,263.2183908045977,87.0
10494138,RUNNEN,0.20149253731343283,0.21785012446885804,13,4.329113345733334,1.9590557351356646,78.0
10495760,BESTÄMMA,-0.1879835023149505,-0.27977263918609424,26,4.498457626801533,5.9599477606574105,504.0
10496038,IDANÄS,-0.35040983606557374,-0.380792465400287,13,4.585198188581818,516.0919540229885,158.0
10496401,IDÅSEN,-0.7668500687757909,-0.7664580455162834,13,4.142632541269333,286.2068965517241,132.0
10496420,RÖRT,-0.06368821292775667,-0.036874504250866406,13,4.213016660596034,2.3073373327180433,335.0
10496477,NYSJÖN,-0.4181286549707603,-0.4250033783678406,19,4.402081341402511,113.79310344827586,460.0
10497212,FLADDRIG,0.51036866359447,0.5124572427379812,29,4.597111841674501,1.1379310344827585,884.0
10497801,IKEA 365+,0.25442477876106195,0.13785095256481403,31,4.697705667286667,5.849965588437715,1902.0
10497815,MOSSLANDA,0.8231707317073171,0.6918546529104792,5,4.699333163970693,6.613756613756614,6588.0
10498221,UPPÅTVIND,-0.18518518518518523,-0.13931589564183766,17,4.591078360241096,34.48275862068965,274.0
10500002,IDANÄS,0.023164335664335622,0.01855675042836416,4,4.708748252800001,265.8817440552351,50.0
10500059,HÖVOLM,-0.6937773932596112,-0.6836508177885843,18,3.871920007258537,17.191092174897456,146.0
10501884,ÖRFJÄLL,-0.2156825025092004,-0.28395299123638074,6,4.206462561449227,43.65437059163021,693.0
10502138,LUGNARE,-0.052179376156758855,-0.04389916650130839,10,4.582973079675817,9.15699300534386,135.0
10502162,JÄMLIK,0.12923905998452823,0.15067500392293445,28,4.498405705327524,3.442528735632184,487.0
10503406,DIRIGERA,-0.8072809974676194,-0.8004487474115117,18,3.724717965800728,68.95402298850574,532.0
10503430,LILLHAVET,0.024265260311489747,0.022745953771626602,8,4.490181477931708,7.128926006724784,64.0
10504024,LOHALS,-0.14862878349720454,-0.13910949838774914,4,4.671018955200001,171.26436781609195,134.0
10504590,TIBAST,-0.6895424836601307,-0.657272893571376,7,3.9679923890503406,49.99,129.0
10504632,LILLEÖ,-0.4448818897637795,-0.3264271600108863,9,3.921596713303093,28.72413793103448,79.0
10504707,VÄNKRETS,0.056473829201101944,0.04458437673238375,11,4.488331611455074,22.97701149425287,51.0
10504726,VÄNKRETS,0.28352699775562396,0.2512005066853311,18,4.584941509771099,22.940395781490697,155.0
10506546,TRIPPEVALS,-0.6190476190476191,-0.5824207547413236,17,4.017072669146667,51.712643678160916,462.0
10506952,PLOMMONROS,0.4915254237288136,0.48997754956258754,3,4.489808622663292,4.586206896551724,61.0
10508220,LAGKAPTEN,-0.07916666666666666,-0.05918650793650795,3,4.221174567697696,57.45977011494253,199.0
10508456,FEJKA,-0.6662628416359759,-0.6581505815137476,14,4.24139532603964,19.528735632183906,93.0
10508499,FELSISK,0.07978723404255317,0.08851388985106479,5,4.657231856217477,40.605643496214725,85.0
10508507,KALLAX,0.19631512071156287,0.1668819567100017,7,4.498083050453333,17.241379310344826,402.0
10509106,KOMPLEMENT,-0.11614444922278458,-0.12628603947857078,4,4.402755903574516,40.761879899692275,343.0
10510299,NÄMMARÖ,0.43571428571428567,0.39883346269796943,19,4.76973112775805,49.992308875557605,187.0
10510812,SEGERÖN,-0.7162162162162162,-0.7162034544028142,11,4.252814726326438,217.06758304696447,69.0
10511208,SNÖRPA,-0.23163841807909602,-0.21681805630460863,9,4.4026961549875345,13.233483791546986,351.0
10511538,BALTSAR,-0.6222910216718266,-0.6233217694369395,17,4.322722611304066,195.8957782348908,105.0
10511963,KONSTFULL,0.16542288557213924,0.17161026339183677,19,4.780548216897806,18.304876172896478,301.0
10512236,LINANÄS,-0.5374331550802139,-0.477657917545303,9,3.6793550576824745,346.04074774207095,176.0
10513146,HEMKOMST,-0.4528251149449529,-0.45663357567840845,4,4.594158926435875,48.839080459770116,428.0
10513392,BEKNA,0.11417322834645671,0.1319055642057639,13,4.776495762084849,18.362741075092327,246.0
10513863,POETISK,0.051282051282051266,0.060879393610051916,16,4.769878064031069,15.344236808556948,188.0
10513896,UPPSTÅ,-0.30892857142857144,-0.29061994249733764,18,4.722436014880001,30.7905406685805,62.0
10514358,LÅNESPELARE,-0.18102632016685216,-0.06676459880516737,18,4.591781959591167,44.292728348811195,299.0
10514754,SEGERÖN,-0.4516129032258065,-0.5135848376426062,11,4.322006938507087,102.29885057471263,109.0
10515070,TRYSSE,0.0016447368421052821,-0.015894475370365098,27,4.401596920048796,3.025601241272304,605.0
10515334,KUGGIS,-0.3651315789473685,-0.3628716492742973,19,4.496437527391151,14.93103448275862,208.0
10515466,GUNNEMOR,0.19407272368939693,0.24912801923934677,14,4.319275042692414,9.08924888322295,127.0
10515683,VÄRMANSÖ,-0.7837837837837838,-0.7794206277765413,7,4.248367170425264,343.67816091954023,77.0
10515800,LINDÅSEN,0.06770627415362149,0.06311405090918037,14,4.408154763855738,19.55474885243244,104.0
10516017,ENHET,-0.03488613085190104,-0.04214573286280557,6,4.331403159442697,27.637127444584124,71.0
10516121,DANDERYD,-0.3212845085621058,-0.3233924871630108,18,4.582861060463158,228.73563218390802,134.0
10516772,RULLEBÖR,-0.8684447983014862,-0.8459449995780105,14,3.969894274058742,32.83732313488667,125.0
10517682,DYTÅG,0.46330230518056437,0.4482411075388912,16,4.589235046241323,14.33151891021134,224.0
10518568,TROFAST,0.8689582336999842,0.8665707420899245,18,4.755035370944928,5.689354281390205,120.0
10518993,SÖDERHAMN,-0.05813953488372092,-0.07800962098232066,3,4.169509578156522,112.71415689810641,74.0
10519073,SÖDERHAMN,-0.3857407407407407,-0.38298846306199247,4,3.759889344451102,186.08773699951234,209.0
10519501,PÅHL,0.5178125,0.1759063020878566,18,4.585028052818391,29.060734105471507,156.0
10520364,SKRUVBY,-0.12859895350036082,-0.12286059089691581,10,4.575653095237383,107.24265403754218,89.0
10520514,KUTTERSMYCKE,-0.7248322147651006,-0.7550629156412435,19,4.408360346137815,45.96551724137931,101.0
10520873,SPIKSMED,-0.33811593686869634,-0.35591429933123786,18,4.261265082538668,60.715233601297285,57.0
10520892,PLÖJA,-0.03508771929824561,-0.06486153350145107,23,4.498649129514094,5.735632183908046,578.0
10521085,BLÅVINGAD,0.4406575614849703,0.39558545459939787,16,4.668978036552113,22.97701149425287,124.0
10521537,HASVIK,-0.67624810892587,-0.675559147626021,3,4.304234668470303,172.41379310344826,642.0
10521858,MARKUS,-0.2586206896551724,-0.3600586171247562,3,4.5791590495232,159.59712107661514,2931.0
10522037,BILLY,0.4419180097639269,0.2576375134510978,10,4.694063182197305,27.618504668124512,724.0
10522481,ZEBRASÄV,0.5461309523809523,0.5153608878655465,18,4.578290676586667,5.079105171755421,102.0
10524748,CHOKLAD MÖRK,0.14705882352941177,0.2191071586641475,17,4.498500709851769,2.189323129038329,519.0
10525026,ONSEVIG,-0.039501633986928075,-0.025653679728966844,4,4.690011068458957,136.86981354470734,423.0
10525168,BELÖNING,-0.3423290524123568,-0.30296144034665234,18,4.495994433783085,4.586206896551724,183.0
10525413,ORDNING,-0.5645585317460318,-0.56379211411715,12,4.407106294217144,17.229885057471265,122.0
10526907,KIVIK,-0.08579881656804733,-0.02585211316361584,9,4.137839533671006,85.33791523482245,154.0
10527049,STRÖG,-0.6322857764245324,-0.6201925907577892,8,4.317359510499379,47.4718047969844,143.0
10527087,PEPPRIG,0.16304347826086954,0.1683649688811691,18,4.5970429979459695,2.5847031491176424,863.0
10527775,OMBONAD,-0.11888253968253967,-0.09946874022793346,6,4.561689429270589,6.237969383207404,50.0
10529388,UPPFYLLD,-0.1624042076344708,-0.19265430829496138,4,3.119697749605162,2.6311627731476896,106.0
10530221,BISSA,0.09236517578838549,0.10144004448244492,16,4.585686160386813,58.203489006323466,164.0
10530259,BISSA,0.14119501570597315,0.041287680733909225,28,4.595413523222535,57.45977011494253,550.0
10530532,VATTENSTEN,0.05994550408719346,0.04841446488356803,5,4.16525388969796,4.887844059163483,80.0
10530669,ÄLVDALEN,-0.4037677066523221,-0.4593443352109756,8,4.143502593131973,406.2706671935851,129.0
10530990,MACKAPÄR,-0.23269505472396596,-0.23806454479759076,8,4.65263313107957,34.47126436781609,75.0
10531070,GLADELIG,-0.07539682539682535,-0.13044686524041801,11,4.7688184984442215,34.47126436781609,181.0
10531292,SOTNÄTFJÄRIL,-0.2722457627118644,-0.2636032864363568,9,4.008736547111301,22.97701149425287,920.0
10531310,SOTNÄTFJÄRIL,0.5231196484782072,0.46448039081504955,14,4.580113596873283,8.900272624951853,113.0
10531541,VARMBLIXT,-0.442290521978022,-0.443114375981908,16,4.49105423544889,91.94252873563217,72.0
10531942,KRUBBET,0.6751159320645417,0.6576808084275865,30,4.696782236077722,2.28735632183908,1351.0
10532036,GUNNÖN,-0.31916873449131516,-0.3980058691110271,12,3.0421059958903554,34.47701149425287,179.0
10532927,BRÖNDEN,-0.8512396694214877,-0.835686211646243,3,4.311792747638819,343.67816091954023,219.0
10533205,RYKTA,0.7090759518172749,0.6140897794915984,26,4.690841748836591,7.984054718120063,463.0
10534318,FRÖSVI,0.472242314647378,0.46584555463548377,4,4.593320208180513,23.7277064523865,372.0
10534337,BLÅSER,-0.14991841827430655,-0.049031339416633235,20,4.4086511407860876,6.80371571966117,97.0
10535068,HAVBÄCK,-0.5951827242524916,-0.5939161723788277,4,4.318148579158442,206.8965517241379,136.0
10536157,VARIERA,0.47418767591678257,0.490414984771276,10,4.847334744673685,9.184946898156817,218.0
10536322,KÄRRDUNÖRT,0.19901719901719905,0.1858512032413598,23,4.597410418678329,34.47126436781609,988.0
10537166,ÅKERBÄR,-0.18559556786703602,-0.20290703174481622,15,4.405784192967443,6.846899794299148,154.0
10537656,RÄFFELBJÖRK,0.22979797979797978,0.23228871897005943,11,4.7784544485777785,14.93103448275862,270.0
10538383,FÖNSTERBLAD,-0.2574626865671642,-0.247967714955111,5,3.8202313571018864,22.93103448275862,565.0
10538444,FÖNSTERBLAD,-0.2534854795788499,-0.23418597833243662,12,3.8202313571018864,19.806942384797054,565.0
10539066,ROSENMANDEL,-0.1974615971238697,-0.19339991620899366,4,4.110517896694737,30.695483091787438,590.0
10539108,ÖGONTRÖST,0.08653846153846156,0.0943473215964927,5,4.57734679296,3.582196697774587,97.0
10539368,LUNNOM,0.3393574297188755,0.3394258861707249,13,4.4937587689178295,6.882312456985547,111.0
10539556,TUVHÄTTA,0.014331210191082855,0.005515343261667608,13,4.638817794311112,7.537301953545608,54.0
10540847,PLUTTIS,-0.01909003145339605,-0.013241744768091757,16,4.498658135317334,6.883684964124957,585.0
10541366,KORKEN,0.2243589743589744,0.22743827265232927,21,4.590595238954513,3.076449776957391,259.0
10542115,ELDFLUGA,-0.3308270676691729,-0.32843739554951473,19,4.047923281815205,22.97701149425287,153.0
10542422,LAGERGÅNG,-0.025549450549450542,-0.007098265105741052,12,4.406296716394937,21.306806154953563,140.0
10543092,BONDIS,-0.5733788395904438,-0.5678263824145539,13,4.4111784403415735,20.898970804452844,71.0
10543214,PLOGFÅRA,-0.5305336705249165,-0.514746764947255,14,4.409127350370643,19.528735632183906,91.0
10543290,VATTENVÄN,0.2313125045623768,0.1769433565735651,6,4.412436014880002,11.31845446085724,62.0
10543737,ENSHOLM,-0.2953843514070007,-0.3656878219004896,18,3.643524117825642,34.47126436781609,60.0
10544223,SOLFÅGEL,0.45581831781692866,0.4702738768061255,18,4.746507596468966,5.735632183908046,98.0
10544459,GIFFLAR KANEL,0.43846153846153846,0.4191249297208123,19,4.697906312352852,2.9226272881095214,2086.0
10545232,MIDDAGSMAT,-0.8144927536231884,-0.766861612163155,3,4.113901915631304,19.75320845483451,442.0
10546482,TILLREDA,-0.3995157384987894,-0.3461424728977634,7,4.168030650961702,80.44827586206895,76.0
10546953,CYMBALBLOMMA,-0.012734294819856315,-0.01182005000128103,32,3.90847742255335,6.730328204027881,1161.0
10548061,ISKUB,-0.07228915662650603,-0.08891021567359447,17,4.109473898059852,1.7808836789900813,657.0
10548216,VALLABY,0.2733060858060858,0.27007120958955655,18,4.772903411311791,22.97701149425287,211.0
10548631,FEJKA,0.2762914938829403,0.26755000419249997,14,4.766092246942076,11.817367619835675,165.0
10548872,RÖDALM,0.19463087248322147,0.2815578327430574,3,4.498998608445771,3.707365299060801,786.0
10548886,RÖDALM,0.0535714285714286,0.13133636208881255,5,4.498998608445771,5.613165013525698,786.0
10548909,RÖDALM,-0.5355191256830601,-0.5367059003133927,3,4.30867975524969,14.683122734841806,304.0
10548928,RÖDALM,-0.4495213072271811,-0.43507789813964376,6,4.496220099485447,18.147693458300843,195.0
10549367,INSEKTSMAL,0.6568839460405727,0.6511518469267211,6,4.566167288187014,6.668004756848839,59.0
10549490,SORGMANTEL,0.4959016393442623,0.4316600380042171,29,4.597219723789114,13.547574039067422,919.0
10549664,DVALA,0.6384083044982699,0.6125299178276871,11,4.499787174515041,5.689655172413793,3765.0
10550011,SILVERHÖJDEN,-0.4402275428765495,-0.466037684481753,4,4.535379564882664,22.164343265908172,853.0
10551317,RUNMARÖ,0.5049382716049382,0.4635003047853633,11,4.740335396061539,29.283137962128045,86.0
10552010,ÖVNING,-0.06546275395033863,-0.05175640163785593,19,4.668534865645715,13.781609195402298,122.0
10552883,LENDA,-0.5077736318407959,-0.40774761403230625,14,3.6446228440301454,31.17759713368038,334.0
10553222,CITRONHAJ,-0.2680215446874066,-0.2625051170825163,12,4.4079590495232015,6.097627169374456,107.0
10554047,AFTONSPARV,0.5158975028326409,0.4880353120858339,18,4.7409036303847625,22.253042717693553,87.0
10556329,ROSENROBINIA,0.2990912041544953,0.28426769791665996,10,4.582632541269334,30.51641623552904,132.0
10557244,DYKARKLOCKA,-0.39917695473251025,-0.39602477521408647,19,4.490181477931708,68.95402298850574,64.0
10557526,ASKHOLMEN,-0.43276877761413846,-0.4549593487157102,18,4.407106294217144,102.99161860914002,122.0
10559257,KINNAHULT,-0.028480542014376553,-0.027418098345797073,18,4.661358606933334,67.9859383023265,96.0
10559417,BERGGRAN,0.7679180887372014,0.7717808139291359,7,4.731811881213188,1.1379310344827585,73.0
10559460,KOLSTAN,-0.8396348325027514,-0.8393838096455652,8,3.8788800156631593,590.9971186633915,58.0
10559530,FÅNGGRÖDA,0.41242885296509146,0.43698611971887263,14,4.681946234386886,4.586206896551724,226.0
10559629,NÄSTABERG,-0.7764830508474576,-0.754512136750296,3,3.921596713303093,344.8275862068965,79.0
10559653,NOPAKTE,-0.6449631449631449,-0.6387555236400231,3,3.628853990245784,53.83787109675435,65.0
10559672,HÄLLEBRÄCKA,0.2997710032918277,0.28950028869759287,12,4.583819137828572,32.23480704012674,143.0
10560618,BARNDRÖM,0.8100113765642776,0.8027494817767074,19,4.748718026366943,9.183908045977011,103.0
10560623,BARNDRÖM,0.7606602475928473,0.7646059724401922,19,4.767341479949474,11.482758620689655,172.0
10561712,KORKEN,-0.04691456953642381,-0.04990228825178799,12,4.6764432149219255,9.970706409211212,169.0
10561811,LAGERPOPPEL,0.5976744186046512,0.43418189738832486,5,4.498007131659406,3.4367816091954024,386.0
10561868,TIDTABELL,-0.7134502923976608,-0.7116712367908541,7,4.252214558981819,52.410626434896685,70.0
10561910,BÖNSYRSA,-0.11878772635814885,-0.0879252120991596,10,4.577922721952542,7.028314808855443,100.0
10561986,VATTENKRASSE,-0.12297496318114874,-0.18979977086836722,14,2.6551371116579316,11.482758620689655,127.0
10562071,BÖNSYRSA,0.7367021276595744,0.7533481273899807,10,4.81105423544889,3.1225370348627957,72.0
10562085,KRUSNATE,0.373015873015873,0.35096243246873515,23,4.496529660303448,6.196177273681999,214.0
10562090,KALLAX,-0.11979166666666669,-0.10097190136766311,3,4.496700332747541,80.91631058742284,226.0
10562250,LISTERBY,0.1439873417721519,0.14165282346035857,3,4.6729747312294485,125.28735632183907,145.0
10562491,UPPSTÅ,-0.5530469530469531,-0.524108245757248,18,4.492613588902753,15.702706124623553,91.0
10562764,SVARTFISK,-0.24218749999999994,-0.18563898413339178,9,4.405685035373715,5.735632183908046,157.0
10563693,NÄTBARB,0.5471879778287463,0.5474871846442033,14,4.672807908582717,1.5567620976735002,144.0
10563711,GALTBOX,0.6039755351681957,0.5739975657321413,11,4.669408897155556,1.9492604564599862,126.0
10563773,LISABO,-0.15737564322469977,-0.13653232337107593,14,4.664186025938212,268.9113289191605,105.0
10564273,PRAKTVIAL,-0.03218390804597704,-0.0850002895277802,3,4.493900615078788,39.99,114.0
10564616,NÅLBLECKA,0.06650246305418717,0.0745634151878879,19,4.781366009580781,15.676557305062417,315.0
10564683,GODMIDDAG,-0.8824451410658307,-0.8794587961091354,5,3.947436014880001,28.707824838478103,62.0
10565277,EKTORP,0.17234848484848483,0.12832714378413304,6,4.222305248497088,85.56202510152391,188.0
10565357,EKTORP,0.04139292080468551,0.03761062227097918,10,4.222305248497088,118.3301644153594,188.0
10565418,VITHÄLL,0.3463779809933656,0.18468354496687134,8,4.4089628936072085,114.36206896551724,93.0
10565786,EKTORP,-0.14100718286238648,-0.08529234507741294,6,4.188817794311112,162.30668046689522,54.0
10565852,RINNIG,0.619205298013245,0.5740378633783842,23,4.693233304439939,1.3844023996308261,633.0
10567021,DAKSJUS,-0.24314405297351327,-0.25123268909992286,12,4.410472433583159,7.6030274525336035,77.0
10567648,PEPPRIG,0.1376923076923077,0.12656037606642662,14,4.657643088369231,3.4367816091954024,86.0
10568167,FRÖSLUNDA,-0.918875208201051,-0.904904586724142,12,3.459711278050576,521.8573218597105,69.0
10568488,HAVSTORP,0.025184275184275184,0.0182927618007699,4,4.407895882463492,31.352932640983383,108.0
10568520,KUGGIS,0.22885572139303478,0.10833454510663577,23,4.7901192375643316,15.647973114891828,610.0
10568619,KUGGIS,0.22637795275590553,0.17050433956859476,5,4.498114475855737,1.7241379310344827,409.0
10568884,KLIPPKAKTUS,-0.061715481171548126,0.005250397053659454,17,4.304634960514759,3.3588818755635708,585.0
10569096,IVÖSJÖN,-0.5403868324618109,-0.4071163913436187,22,4.4092979550504685,21.043156881294603,89.0
10569218,ÄNGSFRYLE,0.1582278481012659,0.1718777601014832,17,4.646926279402411,51.18998768978253,65.0
10569398,INVALLNING,-0.5320975173024304,-0.5207063914679503,14,4.407652932233847,22.97701149425287,112.0
10570189,STJÄRNÖ,0.09964233508537312,0.10078062691695769,4,4.7474142473762715,212.6220106181775,100.0
10570349,EKBACKEN,-0.298725334024845,-0.28903086749349377,8,4.304581772443279,76.3596462638246,592.0
10570660,SMÖRLING,-0.23252654262588035,-0.23539279046924588,14,4.644239002410128,17.58479177496679,61.0
10570882,UTSÅDD,0.6530054644808744,0.6581150065967147,11,4.658046487527621,6.885057471264368,87.0
10571099,MOROTSMOTT,0.6221662468513853,0.576735561855461,7,4.655049808065307,9.403425130167491,80.0
10571532,UTESPELARE,0.19491525423728817,0.13327640670331348,5,4.693073712563522,194.25287356321837,618.0
10571570,MALINDA,0.02552522414023818,0.035322664612953227,12,4.400437695200352,6.885057471264368,2255.0
10572206,LAPPTÅG,-0.5423457004160888,-0.5457872125174698,16,3.9961046268307694,44.36488095143702,86.0
10572800,MALINDA,0.16242038216560511,0.079603090351498,3,4.400437695200352,6.310344827586206,2255.0
10573201,SMÅSTAD,-0.2459016393442623,-0.27116562826277196,3,4.151990903986992,28.735632183908045,105.0
10573748,FÖNSTERBLAD,-0.380952380952381,-0.41123218980751314,9,3.8202313571018864,31.022988505747122,565.0
10574583,EKET,-0.571103526734926,-0.5676375535308129,9,3.6309134160449803,72.98886788489813,480.0
10575281,SLÅNHÖSTMAL,-0.28056328823592247,-0.2687909259581428,14,4.3073164429068065,40.758438743463785,364.0
10575592,BOAXEL,0.4577308120133482,0.4563382968569481,3,4.592337885854117,13.793103448275861,322.0
10575889,SUNDSÖ,0.5766483516483516,0.5193340619460629,4,4.744098028742343,43.145307731854224,93.0
10576025,UNDERBLOMMA,0.5771349862258953,0.5867707960563467,3,4.646279038907318,10.396975425330812,64.0
10576718,HAUGA,0.1608815179271097,0.1423244307529902,16,4.495178929283833,33.65607489743245,149.0
10577096,BRUNKRISSLA,0.8729331720403148,0.8721001240906858,4,4.733278292369893,4.586206896551724,75.0
10579203,PILTANDVINGE,0.030712530712530717,-0.03901780891142593,3,4.303648669961358,14.683122734841806,748.0
10579401,RODGERSIA,0.4795918367346939,0.47318940460614645,15,4.694871805809546,20.678160919540225,841.0
10579571,RODGERSIA,0.5638820638820639,0.5505984645903271,3,4.7771870632,19.58076207268097,254.0
10579613,RODGERSIA,0.6789491281949673,0.651431572827586,6,4.766897311986014,10.950023570389003,254.0
10579694,GULVIAL,0.010035606282313925,-0.003900325513813807,4,4.597151773374886,17.191092174897456,915.0
10579774,BRUNSTA,-0.24293154761904762,-0.2607333839042713,8,3.315883904339824,12.273856512216177,95.0
10579868,LUDDVIAL,0.30538288288288284,0.27530871206163615,22,4.499227333196162,2.2988505747126435,1024.0
10580027,FJÄLLKATTFOT,0.35763888888888884,0.36225652209188597,9,4.594789762380799,5.735632183908046,482.0
10580697,IKEA 365+,-0.8243415591276131,-0.822642855003474,8,3.4237116949544566,16.493662095913272,83.0
10580715,IKEA 365+,-0.8724120082815735,-0.8714745685796497,12,3.9512558009764107,33.32183908045977,177.0
10580777,STAVREBY,-0.19843168527379057,-0.17792415873900436,4,4.572863345733334,26.83616800474953,78.0
10581055,INDIRA,0.2908496732026144,0.22330176266591328,17,4.499168265692561,17.17640320733104,950.0
10581239,DRÖNA,0.49875621890547267,0.4668018404887107,23,4.7784544485777785,6.885057471264368,270.0
10581994,MAMMUT,-0.3651705076300218,-0.24056250599958062,8,4.694805284422642,43.11674258637994,830.0
10582267,ÄNGSHUMLA,0.5477647352647352,0.5531298346580451,18,4.89105423544889,8.034482758620689,72.0
10582333,VILDPERSILJA,0.6641604010025063,0.6312632479139174,15,4.769128762141293,14.93103448275862,183.0
10582644,TOSSBERG,0.05070141181609139,0.06789371740673035,14,4.679976732683636,147.2894188613538,202.0
10583399,VILDPERSILJA,0.13235294117647056,0.12982378320129123,19,4.737322032226263,57.268041237113394,81.0
10583525,RINGBLOMMA,0.47413793103448276,0.475175859281695,11,4.499446653739107,19.58076207268097,1437.0
10584186,SUNDSÖ,-0.16666666666666669,-0.23840789883626218,5,4.495149886689157,80.44827586206895,148.0
10584228,ALMONDY,-0.5518125552608311,-0.554440380411669,14,4.497029081883395,6.885057471264368,253.0
10584544,NÄSSELKLOCKA,0.2179930795847751,0.22990829755087797,17,4.597002164776065,31.359387742299727,851.0
10584978,MOLNART,0.7083333333333334,0.7023232711161532,11,4.658442275381133,5.735632183908046,88.0
10585143,ÄNGSLILJA,-0.2695417789757413,-0.25569839584869963,3,4.203231280724614,24.47840141052013,1404.0
10585162,ÄNGSLILJA,-0.35084066104016615,-0.3425841629745836,16,4.203231280724614,32.172413793103445,1404.0
10585322,ÄNGSNEJLIKA,0.2100938967136151,0.21034607701452593,3,4.587353792186408,24.77457168620379,188.0
10585398,EKTANDVINGE,0.017128817128817142,0.031038045486903504,4,4.497050846851282,33.39294435943944,255.0
10586345,LUDDVIAL,0.26223776223776224,0.23912939812852016,5,4.499227333196162,2.502979737783075,1024.0
10586604,STOCKHOLM 2025,-0.6197698744769874,-0.6280424113770445,19,4.412920534940261,572.1649484536082,59.0
10588207,FYRTAKT,0.21965473835641072,0.22149524533070414,14,4.492404539532076,1.394761787036863,88.0
10588684,GLADELIG,-0.6390728476821192,-0.6340589710866993,5,4.49712457568,71.7070168239639,262.0
10589674,EKBACKEN,-0.3144208037825059,-0.35101315383688725,11,4.304581772443279,69.36261381896091,592.0
10590210,ULLVIDE,0.012396694214875992,0.010978175247612442,5,4.300772920683185,11.51584045865665,3611.0
10590234,ULLVIDE,-0.09022556390977446,-0.09836149172091983,3,4.209513211574327,16.080459770114942,465.0
10590762,FODERTRÅG,0.8600000000000001,0.8492422489681484,11,4.822280399906797,3.4306987399770903,85.0
10591059,SKUBB,0.7576126541178535,0.599112372105129,30,4.7966036569186645,9.183908045977011,1809.0
10591182,BJÖRKGRÅMAL,0.3934498408182619,0.42334900732953606,18,4.649366450464369,20.340224699395,69.0
10591318,FÖRSIKTIG,0.9803625377643505,0.859137887189602,23,4.84627437040537,4.586206896551724,131.0
10591403,SANELA,-0.911042369703787,-0.8593450885890218,4,3.7107545409381304,80.5044131141628,121.0
10591511,SOLHETTA,0.3912050873347944,0.38873995211035184,18,4.4907457608091965,4.586206896551724,69.0
10592153,STOCKHOLM 2025,0.27464447918993373,0.26484631260445235,4,4.563308185780283,18.405323565076117,53.0
10592285,MARIEDAMM,-0.06372549019607843,-0.08286713461519235,3,4.662982194877312,228.73563218390802,346.0
10592365,STILREN,-0.04545106122031821,-0.046219405348056256,14,4.412754887056412,4.938922029581741,60.0
10592803,KALLAX,0.2945736434108527,0.28411335966150114,15,4.5917297815568245,26.254988447805083,297.0
10593807,SKOGSTA,0.008298755186722073,0.004915617815914193,7,4.643524117825643,148.2758620689655,60.0
10594717,SKUGGSTUBB,-0.08768115942028981,-0.08763696681316817,3,4.582033663382069,6.740306582506762,127.0
10595439,SVAMPIG,0.07936507936507936,0.040083871576728713,22,4.217809617017055,1.1379310344827585,240.0
10595825,NATTJASMIN,-0.025798525798525818,-0.09307272879996266,5,4.568613026390362,46.02801449701244,1314.0
10595967,BÄSINGEN,0.3823529411764706,0.34312366991463794,19,4.656812560690197,35.886575735821964,84.0
10596170,BRUGDHAJ,0.38764146247307896,0.38686373263286256,18,4.763712755499416,5.735632183908046,153.0
10596896,FJÄDERHARV,-0.6604477611940299,-0.6741792385656207,15,3.8007028236325935,14.93103448275862,117.0
10596900,FJÄDERHARV,-0.5052797669620099,-0.5166416400738765,14,3.8007028236325935,9.183908045977011,117.0
10596938,SMASKA,0.5152091254752851,0.48455364685696284,19,4.717265082538668,3.4482758620689653,57.0
10597099,PRUTA,-0.250405553343949,-0.2178517878329469,24,4.404094161277367,5.735632183908046,225.0
10597103,PRUTA,0.446652719665272,0.4477176978932981,29,4.596341125267416,1.4829461196243203,694.0
10598188,ANTILOP,0.888888888888889,0.8572135440862354,19,4.745087444162833,9.183908045977011,95.0
10598678,PHALAENOPSIS,-0.1097450343773873,-0.09063480411655335,12,4.407261906499271,7.536402236730591,119.0
10598683,SUCCULENT,0.6860123332373549,0.7122547365275631,12,4.744597153485715,3.4367816091954024,94.0
10598697,BLADVERK,0.3269406643254317,0.34716215392150845,12,4.713817794311112,11.482758620689655,54.0
10599282,VIPPÄRT,0.2596694837449093,0.15802541274624482,18,4.4916133457333345,9.183908045977011,78.0
10600370,PELARTUJA,-0.05626598465473143,-0.12047186830644696,5,4.494805685099355,51.712643678160916,137.0
10600412,FÄRGKLAR,0.30445227985036905,0.3350478396147722,8,4.647558109409525,3.170007779057711,66.0
10600426,FÄRGKLAR,0.4789473684210526,0.47797245988894516,3,4.659586065966973,2.28735632183908,91.0
10600756,GLADELIG,-0.07680250783699061,-0.08901284395320143,13,4.494369798534267,4.011494252873563,125.0
10601082,KOSINGEN,0.26410835214446954,0.2702510819686983,19,4.587711703728302,3.4367816091954024,194.0
10601459,SMÄCKER,0.6613769963065078,0.6839960284498711,20,4.5794872534677165,1.1379310344827585,109.0
10602048,KACKLA,0.4729036574487065,0.38916838120772523,10,4.6764432149219255,2.995746740260472,175.0
10602393,GRÄSROTSFLY,-0.48398169336384433,-0.5050033914588342,3,3.9900439746882888,45.96551724137931,93.0
10602802,BRIMNES,-0.15245478036175708,-0.19245984665316543,3,4.591703443281529,136.7816091954023,400.0
10603689,TOBISFISK,0.503717627401838,0.5109399265523827,12,4.727847455702326,3.4367816091954024,68.0
10603825,PAX,-0.5470027247956404,-0.5352009787700283,5,4.256726928276544,137.1339014594965,63.0
10603854,PAX,-0.591126330938917,-0.5849798285475821,6,3.8824816866461545,87.18220231641452,125.0
10604165,BILRESA,-0.06746031746031746,-0.08019049422148636,17,3.4118004365075274,5.867371926731316,168.0
10605075,ÄRENDE,-0.6582404082404083,-0.6578318845768439,10,4.246886542759185,34.47126436781609,80.0
10605424,SANDSBERG,0.24750346740638002,0.2435211342739944,8,4.493346125540497,13.441840170990139,103.0
10605594,BACKMÅRA,0.17337313160772877,0.1830781128533062,4,4.592783604405541,9.254552730813344,343.0
10605631,GRILLTIDER,0.7633079847908745,0.7575618167601325,13,4.710070741889856,1.7126436781609193,51.0
10605773,BROKDRACENA,0.44902912621359226,0.4314449486277569,19,4.67023568371892,22.97701149425287,130.0
10606051,JORDART,0.8405336721728082,0.8248501330329953,9,4.689561329835072,1.3227513227513228,404.0
10606126,VINTERROCKA,-0.6103174603174604,-0.6050476237648343,11,4.081137437528714,9.183908045977011,83.0
10606490,LÄKEVÄNDEROT,-0.6099995001221923,-0.6044864634644606,10,3.5236008730150545,40.92077304069749,75.0
10607319,VÅGSJÖN,-0.18720379146919433,-0.16396303041738053,11,4.400259895817764,6.885057471264368,3898.0
10607338,FANTASTISK,0.34206349206349207,0.36412324758650544,3,4.5951306190474766,2.2317403065825068,521.0
10607362,IKEA 365+,0.295054945054945,0.2817150434619786,10,4.812031661432968,9.183908045977011,73.0
10607668,STOENSE,-0.21107777357777363,-0.244756841008776,8,4.599471256584208,104.90287125168098,4909.0
10607710,HAVSBRAXEN,0.6697314429201372,0.6875585216637745,14,4.720447194748719,2.28735632183908,60.0
10608031,BRENNÅSEN,0.3483009708737864,0.43977431492947494,5,4.585764378089618,22.988505747126435,165.0
10608074,BURFJORD,0.16308146757584963,0.1682095562464857,4,4.4968177122150195,16.946676529498987,235.0
10608106,BRYNILEN,0.28772378516624036,0.25549126172208014,3,4.59210570057697,21.536252692031585,312.0
10608130,KYRRE,0.5493275408635441,0.5387355502677442,6,4.597492667170741,21.970706581666523,1021.0
10608253,OFTAST,0.8648452231301069,0.7894832770414282,30,4.7979827312062415,1.1634586336368735,3058.0
10609021,EKBACKEN,-0.43245351267190396,-0.3959144710620787,8,4.239955488612175,103.9715649421666,97.0
10609040,EKBACKEN,-0.5198948948948949,-0.5134709780872123,4,4.239955488612175,166.0919540229885,97.0
10609064,EKBACKEN,-0.3803746928746929,-0.3956026556017547,10,4.304581772443279,91.90435903633875,592.0
10609144,VÅGSJÖN,0.20833333333333331,0.21825102761424825,7,4.400259895817764,2.2988505747126435,3898.0
10609907,RINNIG,-0.28805714285714284,-0.2802764692592567,16,3.6927402481349403,3.4367816091954024,148.0
10610915,SOLFIBBLA,-0.2210093748243099,-0.2316254580888467,4,4.3103898929011155,32.45222854299318,251.0
10611854,TOFTBO,0.44444444444444453,0.38890382920233674,3,4.796022359737436,12.110726643598616,1542.0
10612033,BROKGLIM,-0.06193806193806192,-0.06154002856478941,8,4.586288848370526,17.191092174897456,172.0
10612603,HYACINTHUS,0.06428959912979493,0.09728319664839635,10,4.327948811904001,1.7126436781609193,82.0
10612698,KLOKHET,0.12862318840579712,0.13025887921184306,11,4.572577696741053,4.887844059163483,77.0
10613909,VESKEN,0.4106911935859304,0.43205409989560695,8,4.499744568905584,8.556361971720396,3134.0
10615084,TRATTVIVA,0.15249480522896447,0.19307484897052649,10,4.566601040902565,31.498909008616465,60.0
10615767,SOLFIBBLA,0.21542781003140765,0.20540032866822153,4,4.490638153376745,16.48252023672564,68.0
10615772,SOLFIBBLA,0.20022883295194505,0.1957467568094366,5,4.490638153376745,16.9311837400414,68.0
10616328,VECKLARFLY,-0.581993051981472,-0.5794397154389124,8,4.16525388969796,82.75287356321839,80.0
10617083,FLISAT,0.5637254901960784,0.33193843593587175,15,4.691593284714504,19.528735632183906,506.0
10617752,BLÅSENAP,0.016949152542372836,-0.003449448095158206,11,4.492106678337255,32.73204329288291,84.0
10621160,DVALA,0.6129476584022039,0.6129562742845895,13,4.499787174515041,5.735632183908046,3765.0
10628859,STOENSE,-0.23810217560217561,-0.22726996241340505,4,4.599471256584208,160.0877267742797,4909.0
13763509,IVAR,-0.11035564853556486,-0.12376407695760501,7,4.115420861836621,13.793103448275861,53.0
16804078,SPATHIPHYLLUM,0.03482587064676612,0.07054904716343363,9,4.679221137690567,11.482758620689655,359.0
16968300,IDEALISK,-0.48611111111111116,-0.480201764701543,8,4.25536001434217,7.9509654550542574,65.0
17228340,FRAKTA,0.915929203539823,0.8787902892290922,27,4.799305371229195,0.9232663110381617,8915.0
19019047,HEMNES,-0.7063291139240506,-0.4916735675696991,3,4.641265082538668,449.3116395494368,344.0
19019226,MALM,-0.6206407322654462,-0.6190153300914217,4,4.303425099498039,510.34482758620686,798.0
19031742,LANDSKRONA,-0.05957504034427108,-0.057894426706461416,4,4.575423407456604,861.657570625013,88.0
19047385,BESTÅ,-0.43878954607977994,-0.459824951167023,3,4.402047080638684,132.23626212165738,468.0
19047432,BESTÅ,-0.3682592416113699,-0.3704718757094335,4,4.403070620958025,109.16188083273511,306.0
19090251,TYSSEDAL,-0.40660736975857686,-0.40092568081968794,9,4.404737529478096,132.183908045977,192.0
19157487,LÅNGUDDEN,-0.6469135802469136,-0.6710802545110528,13,4.021888795004879,171.26436781609195,64.0
19175976,MALM,-0.677640609306997,-0.5972821115307984,4,4.205245298162557,334.68997197507895,858.0
19184339,BRIMNES,-0.35889509936766034,-0.3614469887926688,8,4.570056105636782,338.4770114942529,69.0
19185433,SNIGLAR,-0.35995085995085996,-0.33172528286658204,15,4.313308958049523,76.74647425385372,192.0
19197596,KALLAX,-0.061626429479034295,-0.051737364529697315,7,4.680334291028572,206.95063044978357,206.0
19240991,SONGESAND,-0.23707865168539333,-0.23408435676334816,3,4.496484197337992,240.19270474879556,211.0
19241207,SONGESAND,-0.5819791838077999,-0.4639429861588774,8,4.208604646423971,228.73563218390802,516.0
19241293,SONGESAND,-0.606453488372093,-0.6165438948246783,4,4.20586830292516,250.2594382483519,765.0
19249369,KOMPLEMENT,0.38493723849372385,0.3830712911279685,13,4.729487286254546,64.60875807609476,70.0
19249487,KOMPLEMENT,0.1430633352987421,0.14185932185860423,4,4.635218841035296,70.6343673610962,50.0
19252366,LÅNGFJÄLL,-0.2640854472630173,-0.2556956015976564,16,4.402051301423506,170.05508742472767,467.0
19253714,HAVSEN,-0.7125307125307125,-0.7315940637554263,13,3.972426675292754,218.39080459770113,120.0
19269079,IKEA 365+,0.24873271889400925,0.24180627139026908,28,4.597878567744625,3.636180235350702,1210.0
19269116,IKEA 365+,-0.29871879699248116,-0.2555052135067818,22,4.40104834688135,5.88915367770192,931.0
19269748,LANDSKRONA,0.3815496098104794,0.37566116854160336,4,4.563817794311112,186.96221095944364,54.0
19276777,IKEA 365+,0.05441073184436018,0.036979022065920276,28,4.697272372254118,10.961156890959332,1770.0
19278210,BRIMNES,-0.4825513538748833,-0.4795707401662182,8,4.489808622663292,258.3137993921203,61.0
19278272,KALLAX,0.10026041666666663,0.034063984977989466,13,4.594158926435875,65.50574712643677,428.0
19278328,KALLAX,-0.039405684754522,-0.040909984902379175,13,4.680334291028572,217.06758304696447,206.0
19279177,LIXHULT,-0.28571428571428575,-0.2903710357834662,19,4.405620797685877,87.04467353951888,159.0
19280915,IDÅSEN,-0.11111111111111105,-0.11196196196196195,3,4.648777688260466,745.9770114942528,68.0
19280939,IDÅSEN,-0.12380952380952381,-0.12567859685833443,5,4.648777688260466,665.5172413793103,68.0
19286413,EKET,-0.6790254237288136,-0.6600384792645038,3,3.6457193321220345,89.0,100.0
19291645,KOLBJÖRN,-0.19573999692405636,-0.22130162324743885,18,4.5831927818735485,181.9700956897396,137.0
19297138,JONAXEL,0.061898211829436,0.05390676083258974,19,4.574950780676923,54.02298850574712,86.0
19302922,VITVAL,-0.38443935926773454,-0.3811784554246085,7,4.413265082538668,342.4971363115693,57.0
19305416,SÖDERHAMN,0.4903846153846154,0.5415892205107892,3,4.489265082538668,66.68034468608946,57.0
19305421,SÖDERHAMN,-0.12402455931867695,-0.1428272979743568,4,4.25536001434217,376.32558007895057,65.0
19305666,SÖDERHAMN,0.5,0.5023778961894724,10,4.489265082538668,59.01281887483497,57.0
19320978,ENHET,0.21499345757820337,0.14627030754153442,14,4.6729747312294485,60.28237248259457,145.0
19320997,ENHET,0.29667776390622835,0.2973577402609633,4,4.6729747312294485,53.44827586206896,145.0
19322492,ENHET,-0.3549382716049383,-0.3831791699801106,17,4.404421694179557,114.94252873563218,207.0
19324995,DOCKSTA,-0.7216045516233427,-0.7208840201333253,20,4.2088533356269755,187.38756911977595,501.0
19326065,BERGSHULT / KROKSHULT,0.6216216216216217,0.6291082866678196,5,4.718353699873685,17.229885057471265,58.0
19326070,BERGSHULT / KROKSHULT,0.6201278603142076,0.6169473091215839,4,4.718353699873685,17.713594742682606,58.0
19326428,SLÄKT,-0.2942528735632184,-0.28665195354276735,15,4.491525065162106,194.25287356321837,77.0
19332009,KOMPLEMENT,0.0816944024205748,0.07186928546449627,5,4.580844714635295,45.81901489117983,118.0
19332373,BOAXEL,-0.8487208008898777,-0.8422049347752442,15,3.7528658998588247,236.7816091954023,50.0
19335908,REINSVOLL,0.050707547169811296,0.025842510306860578,3,4.650504283038203,118.18065670116263,71.0
19384705,BERGMUND,-0.35856338692823675,-0.3575733259497623,4,4.404900892563547,127.19007525222895,185.0
19385960,RINGSTA / SKAFTET,-0.1612244897959183,-0.17031506308352276,19,4.578108245297479,57.44827586206896,101.0
19389152,SMÅSTAD,0.04719929245283022,0.04666962189333249,20,4.594024956858716,90.80459770114942,418.0
19390773,AGEN,0.21064496933076995,0.18161003304522227,18,4.494904311331646,81.17389705009847,140.0
19392569,VIMLE,-0.45454545454545453,-0.44488189475135953,9,4.013578195345455,393.5716628402755,70.0
19392588,VIMLE,0.4142857142857143,0.36511700859526947,3,4.494330149228169,286.2068965517241,124.0
19393413,LANDSKRONA,0.4888888888888889,0.4426293749823162,3,4.563817794311112,286.7254821501847,54.0
19399033,VIMLE,-0.5992647058823529,-0.6217319187456863,12,4.045275586687294,732.9704155166582,164.0
19399486,VIMLE,-0.6730387478526436,-0.6858783482852961,4,4.18198565628718,995.9664559324142,60.0
19416198,LINNMON / OLOV,-0.008849557522123908,-0.0032746509236017485,7,4.321835009300001,59.99,110.0
19416358,LINNMON / OLOV,-0.03999999999999998,-0.04492007558347377,3,4.321835009300001,54.84376530512293,110.0
19417193,LAGKAPTEN / MITTBACK,0.16750655522779423,0.1826803417270299,10,4.574459619513726,114.45291701228422,84.0
19431858,BESTÅ,-0.1284722222222222,-0.1094888066270588,5,4.561689429270589,95.40229885057471,50.0
19436262,MEHAMN,-0.2783018867924528,-0.285539613369802,3,4.582156720482192,220.2339986235375,128.0
19444196,FÖRNUFTIG,0.0444444444444444,0.08503676188887482,17,4.6650387396063495,22.988505747126435,108.0
19445469,LOBERGET / MALSKÄR,0.5314796495195026,0.44962853227462046,26,4.592843080193406,45.96551724137931,346.0
19470227,KIVIK,-0.8099730458221025,-0.7975457092646184,3,3.8651650894497243,495.716862037872,166.0
19471458,JÄTTEBO,-0.49677419354838714,-0.4859011296842047,11,4.099937575492684,535.0766645662676,64.0
19481363,LÖNSET,-0.41591136836122705,-0.4038699982677181,4,4.309316270634667,126.43678160919539,282.0
19481565,ÄLVSTA,-0.3995535714285714,-0.35890242862728466,7,4.190068749160564,72.14102001129163,53.0
19497340,BRIMNES,-0.2781608590377935,-0.31943764776611766,12,4.210735703715888,338.71911611238363,410.0
19501926,POÄNG,0.3062878787878788,0.14668739567246025,6,4.594758312254326,264.5041217625163,480.0
19501969,POÄNG,0.011363636363636354,-0.17291980195245735,7,4.401786142173071,228.73563218390802,539.0
19502049,POÄNG,0.02999999999999997,-0.05320549942527967,5,4.401786142173071,150.49244087572924,539.0
19502129,POÄNG,-0.6015625,-0.6074148285964206,5,4.401786142173071,228.73563218390802,539.0
19521707,LAGKAPTEN / ALEX,-0.10833333333333328,-0.09605988604981179,7,4.575423407456604,199.97701149425285,88.0
19528167,ÄPPLARYD,-0.8428571428571429,-0.8387283241742445,5,3.8213828677714297,1312.224322621298,94.0
19528563,MITTZON,-0.22033898305084743,-0.21663708481242605,3,4.588961360976271,412.64367816091954,218.0
19528978,MITTZON,-0.20999999999999996,-0.21169571539280868,9,4.588961360976271,440.77774512684886,218.0
19544577,NÄMMARÖ,0.09459459459459463,0.0837652895981327,7,4.812987839026088,183.89655172413794,74.0
19552124,EKTORP,0.47727272727272724,0.4969197469197469,3,4.4902997733783145,169.05091524380865,65.0
19552751,RAMNEFJÄLL,-0.6183908045977011,-0.4893990020493629,3,4.2276800071710845,268.9655172413793,148.0
19552949,KALLAX,0.3253197850438995,0.316415615608385,14,4.726998602240001,84.62442915700375,67.0
19580872,IKEA 365+,-0.5376569037656904,-0.5261727036012654,17,3.9034638700912287,7.336663728083064,96.0
19581517,BILLY,-0.34411610282079497,-0.35354686116418765,6,4.493610168177778,153.1920914782164,108.0
19581536,BILLY / OXBERG,0.10589208126830552,-0.11902471483426924,12,4.685651078796091,84.81522736521471,289.0
19581555,BILLY / OXBERG,0.12006903079065911,0.0356696415686807,10,4.682925896086822,85.28400619967843,240.0
19581904,BILLY / OXBERG,-0.3052487678861244,-0.30650810212016544,4,4.57734679296,275.85057471264366,97.0
19587468,METOD / KNIVSHULT,0.04404145077720201,0.04451439648120614,3,4.735363345733334,315.40797335684204,78.0
19588203,METOD / KNIVSHULT,0.03579952267303099,0.033031993250623816,3,4.735363345733334,327.7727682596934,78.0
19589486,METOD / KNIVSHULT,0.03880491469990277,0.03775040963572751,4,4.735363345733334,326.81947301400726,78.0
19590989,STRANDMON,0.4033333333333333,0.449337561663143,3,4.488498302720001,75.01720578114245,52.0
19598914,POÄNG,0.19278996865203762,-0.03203774170637287,7,4.589452960285021,57.655954631379956,229.0
19612180,BESTÅ,-0.7448770491803278,-0.7447762238836811,6,3.9308483987358027,158.87904473686604,306.0
19829090,OMAR,-0.15351175247841378,-0.1587324144217733,18,4.493234295717647,68.08792715563038,101.0
19895339,PAX,-0.6686602870813397,-0.6744950745312024,3,4.328813208148454,301.11034439495637,79.0
20013073,NORNA,0.23703703703703702,0.24525715811737636,19,4.145353767307801,10.501995379122032,123.0
20027536,IDEALISK,-0.1709078960671317,-0.19221427323994736,22,4.594079275432727,8.034482758620689,422.0
20028890,SÅS SENAP & DILL,0.671875,0.6630889862722817,21,4.7969612542558275,2.632183908045977,2024.0
20033919,ALSEDA,0.8502445995712636,0.7904482444382642,18,4.6852177221154365,52.69560651146508,280.0
20045205,SNIGLAR,-0.8932370820668694,-0.8661617343017535,22,4.114338298633184,44.911173045060856,428.0
20046988,LAMPAN,0.6491935483870968,0.5872577464025187,25,4.597360568581966,5.867371926731316,969.0
20052187,TRAMPA,-0.009615384615384581,-0.030933814292466364,13,4.499679490919745,11.482758620689655,2494.0
20056642,SKALA,-0.14453125,-0.12157980579950142,15,4.674970915854546,14.93103448275862,158.0
20057255,BLANDA BLANK,0.41013824884792627,0.39108992514763746,11,4.6979811554493125,3.4367816091954024,2164.0
20092107,GODIS,-0.0798874065900998,-0.1490153397342538,32,4.59873415023829,8.00893856396976,2040.0
20098963,PATRULL,0.013359950859950863,0.0011116190551674447,4,4.491347286356598,3.9497661133418887,155.0
20103016,FANTAST,-0.5589171974522293,-0.5817536315891779,23,4.3065761910362355,11.478822684852835,407.0
20103648,BRATTBY,0.7705014749262538,0.8005623378607805,12,4.844976309791486,0.5807498777139186,832.0
20110540,KNIPSA,-0.6657169681533399,-0.650659402558613,28,4.400771225728993,22.51981711181306,1272.0
20112011,ALVINE SPETS,0.7100122100122099,0.6741938125086604,26,4.790683004790391,13.769675898458203,648.0
20118942,KNÄCKEBRÖD FLERKORN,0.23863636363636367,0.1884249053268269,18,4.597319836615637,2.7133488036449567,954.0
20128564,KLINGSBO,0.282477341389728,0.3523890418378248,3,4.579324453892063,34.48275862068965,316.0
20132453,TRYGG,0.42380952380952386,0.35470075117925287,19,4.693425195806568,3.4367816091954024,652.0
20151837,LÄCKÖ,0.2679228653339532,0.25317232496871944,26,4.785833062078539,80.42528735632183,420.0
20152163,IKEA 365+ HJÄLTE,0.1754737763292896,0.1058742364763465,20,4.687231539682319,5.483336657807305,327.0
20152634,TJUSIG,-0.5542753959471198,-0.5477195898791452,18,4.4965593213264965,28.72413793103448,216.0
20159857,FICUS,-0.5258880192655027,-0.4579835341308734,8,4.411568385934885,22.97701149425287,68.0
20160403,SMASKA,0.3411330049261084,0.2855573811271351,9,4.670033205376871,3.4411562284927735,129.0
20167485,COCOS NUCIFERA,-0.5505343166767008,-0.5139659362960047,8,4.223563493284104,17.229885057471265,177.0
20167744,BLASKA,0.46984807771806525,0.4983275148915713,8,4.675527117724445,5.46298555603673,197.0
20169559,HEMNES,-0.13230884403970794,-0.28201395358124126,22,4.597111841674501,175.16415214874803,884.0
20184041,MÅLA,0.27225177304964543,0.27083105090976606,30,4.596913366339336,2.928082068067817,826.0
20192828,EKBY ALEX,-0.050821771855822595,-0.06288855014516234,20,4.4976458514339175,57.45977011494253,324.0
20193267,MÅLA,0.0882122507122507,0.098999427638925,24,4.692521020696775,8.034482758620689,571.0
20193899,FILUR,0.10000000000000009,0.05074088451090463,13,4.693688941533525,15.873015873015873,680.0
20200456,HEMNES,-0.0408472012102874,-0.07664027270496691,11,4.499107407084701,71.54861944777912,884.0
20203563,MORUM,-0.15878378378378377,-0.1697492295283585,13,4.59876300151491,59.66807951764074,2088.0
20204614,UTRUSTA,-0.4767690954488707,-0.5052085923261311,8,2.8402509438158283,38.1269239140574,206.0
20204628,MAXIMERA,0.22151093636423713,0.22253352229465806,14,4.594274464154725,37.85989662193276,437.0
20204647,UTRUSTA,-0.06001400010467366,-0.05378006513176151,14,4.156095449038597,11.768343331795108,96.0
20205430,VEDDINGE,-0.27522935779816515,-0.20728237193988955,13,4.117330301328997,34.48275862068965,351.0
20205604,UTRUSTA,-0.1671186856849483,-0.18527863605916264,6,4.230838128794631,25.53027609906387,131.0
20213312,VITTSJÖ,-0.015717810971348667,-0.06481079596923543,22,4.593268426848579,95.28359167934047,369.0
20214340,BLANDA MATT,0.03007518796992481,-0.014391993951745952,17,4.697497091585455,11.909736732135395,1742.0
20214566,PAX,-0.646200117370892,-0.5678873500401339,4,4.012396087773935,111.09469216528953,1017.0
20214571,PAX,-0.5620272314674735,-0.5656227460622288,7,4.112841126888354,105.01995379122033,480.0
20214731,BRANÄS,-0.38735177865612647,-0.2947010734777174,15,4.591623412187781,51.712643678160916,293.0
20217664,HEMNES,-0.25245098039215685,-0.3028392427745026,8,4.496740409677733,223.4565706837303,229.0
20219936,RAFFIG,0.9007352941176471,0.8946956055516119,12,4.597425771927273,1.8886687076282915,994.0
20221449,MAXIMERA,0.18253343357980545,0.10975955870651856,12,4.595148754544506,44.566990456399026,519.0
20222458,SUMMERA,-0.2516771222395474,-0.2489555935654639,8,4.410583842451065,8.607754772854602,76.0
20226767,DRYCK BUBBEL ÄPPLE & LINGON,0.09615384615384615,0.08381955913156755,8,4.685789939323871,4.8064395172130805,292.0
20228709,BRIMNES,-0.18481012658227858,-0.24627443609961544,9,4.498948931057964,112.71415689810641,748.0
20233541,GEMAK,-0.48964968152866245,-0.49215644196304,19,4.497427735432588,17.229885057471265,295.0
20234545,SANSEVIERIA TRIFASCIATA,0.34072022160664817,0.2464497900785989,3,4.73105423544889,14.99,218.0
20239595,VATTENTÄT,-0.7616,-0.7911461873108739,17,4.224703662313979,21.42206748794858,292.0
20242282,SCHOTTIS,0.26865671641791045,0.2353680388273069,31,4.201224974990776,4.017139796464917,3733.0
20242588,EKIPERA,0.4410520484476116,0.35626559522727597,20,4.593884697630046,1.1212648860421006,429.0
20242890,JÄLL,0.5399419026870007,0.48432370505720596,24,4.4993318516102905,7.168207133546629,1187.0
20245959,BESTÅ,-0.123299559058073,-0.13284135458111856,4,4.40164443171967,34.30712180141813,587.0
20246360,KOMPLEMENT,0.5113464447806354,0.5141668933429033,3,4.695629842450794,29.226272881095216,990.0
20246708,KOMPLEMENT,0.004098360655737765,0.004127192399767101,13,4.498635391848136,51.72413793103448,572.0
20247982,SVÄRTA,-0.69375,-0.5057952063633882,3,3.8558999108549763,125.39991217614954,193.0
20250314,FÄRVIK,-0.3570574162679426,-0.3400757401125405,3,4.490415252266668,112.91637914810865,66.0
20250333,FÄRVIK,-0.22168185405220292,-0.2762153285653676,6,4.490415252266668,86.7574587669433,66.0
20252266,SUMMERA,-0.0723514211886305,-0.07641041940004788,3,4.258163053043039,18.379310344827584,61.0
20256995,VARDAGEN,-0.2967980295566503,-0.30097422178444083,3,4.58371800744,9.137931034482758,256.0
20260445,SMÅSLUG,0.25372786579683126,0.2381734567079395,4,4.752041723531924,9.160919540229884,221.0
20265301,BILLY,0.10496832148157996,0.12574867554678848,12,4.4019095608261045,11.494252873563218,503.0
20273594,FLISAT,0.3566107087996489,0.3577549800401765,4,4.765527117724445,122.63867816091954,162.0
20275814,KALLAX,0.4134877384196185,0.32732586076552145,33,4.699282553939805,44.24122590212556,6122.0
20278167,KALLAX,-0.016655389104721807,-0.06909435964073528,30,4.400336222098818,14.617611750582586,2941.0
20278351,IKEA 365+,0.4182523885350318,0.3583823595446292,22,4.6982372473751095,3.5154349042052893,2481.0
20278855,KLIPPAN,0.4871794871794871,0.48745615724501445,15,4.402996630091566,44.82758620689655,314.0
20281419,RABALDER,0.09166666666666667,0.10484066396552796,13,4.495319076688373,4.586206896551724,154.0
20282942,IKEA 365+,0.5807876609763403,0.5667753999001046,10,4.695723185621748,2.2595483142107935,1012.0
20286638,KRAGSTA,-0.6125368713585724,-0.6177536938102242,12,4.218090083426772,148.2758620689655,236.0
20286916,VARDAGEN,0.05256064690026957,0.03185361882494442,3,4.499592138394327,4.586206896551724,1956.0
20289236,VÖRDA,-0.07884758919241674,-0.08792843599459312,18,4.68421104369319,11.696247676412526,261.0
20290621,HOPPVALS,-0.23504273504273498,-0.22171298649813082,21,4.300990039387319,45.06311992786294,2805.0
20291630,SELSVIKEN,0.07145042839657284,0.05584530128764727,14,4.496891433167568,29.060734105471507,280.0
20291767,MOSSLANDA,0.8006355428842955,0.6573738371096576,36,4.699333163970693,6.1875597193916665,6588.0
20291786,SILVERHÖJDEN,-0.639344262295082,-0.6409252390997624,3,4.401715312397242,18.30108232207281,562.0
20293568,STUBBARP,0.3607108673720154,0.3416593649807478,4,4.498979570583524,10.876383720326952,771.0
20293766,MÖRBYLÅNGA,-0.3609958506224067,-0.31935782085716685,15,4.593470880176441,892.1445074564167,381.0
20295930,TINGBY,0.3781323384006921,0.32692859966650983,26,4.694679808200967,45.96551724137931,810.0
20299693,BURFJORD,0.03601694915254239,0.055477871939736356,3,4.4968177122150195,34.48275862068965,235.0
20299829,KRAGSTA,0.15066038085358618,0.10188640911931435,8,4.685651078796091,120.87031689383028,289.0
20301554,KALLAX,0.4431171786120592,0.39042622490293366,9,4.688733711484399,28.735632183908045,373.0
20303925,BOSJÖN,-0.6059800075692496,-0.5986505933529985,6,4.103732673296204,162.46651708755684,61.0
20304232,BEHAGFULL,-0.4975848838431619,-0.5363016452771289,12,4.585364501069662,59.45413618590787,160.0
20305707,BUSUNGE,-0.5385928961748634,-0.5299090737167569,12,4.325641111838533,171.26436781609195,91.0
20307037,GULLIVER,-0.7875,-0.7819633330270923,16,4.4976458514339175,100.10865644724979,324.0
20307481,LOHALS,0.1215336387750181,0.07466299463693703,20,4.6959098246893225,34.47126436781609,1059.0
20308678,BJÖRKBERGET,-0.1520376175548589,-0.11681029634445363,11,4.49512049206303,91.94252873563217,147.0
20308697,TROFAST,-0.34205590537546704,-0.29250713104192433,24,4.401155494994658,90.37524745291915,843.0
20308701,TROFAST,0.3140326975476839,0.30850513277012215,19,4.670632541269334,44.078754040552454,132.0
20309300,DYRGRIP,0.23354231974921635,0.19741269456057645,23,4.689896516491744,4.586206896551724,418.0
20312492,OBSERVATÖR,0.6842751842751842,0.5581504979372318,13,4.681871939055145,4.897639337839162,225.0
20313284,ELVARLI,0.10626702997275206,0.0956372299511061,5,4.493176959240678,19.590557351356647,100.0
20314467,SKOGSKLÖVER,-0.4067164179104478,-0.4496568287879158,5,4.2027481346832545,51.712643678160916,1654.0
20316046,BORGHAMN,0.7047448165869219,0.6903269241659881,20,4.777435931601455,12.643678160919539,257.0
20317079,SPRUTTIG,0.6812499999999999,0.630751739073906,33,4.699352188410353,2.1535148438701737,6782.0
20317852,LILLVIKEN,0.29506172839506173,0.29396827132348247,15,4.404605931437037,6.885057471264368,198.0
20319361,MAXIMERA,0.039141414141414144,0.0588539939660742,5,4.498577528604947,67.81609195402298,548.0
20320312,NISSEDAL,-0.051912568306010876,-8.032190934398125e-05,27,4.69917599722978,31.400966183574877,5328.0
20320798,SKÅDIS,0.5233100233100233,0.496875162239775,17,4.690822669146668,3.4482758620689653,462.0
20320802,SKÅDIS,0.26406926406926406,0.240427305122329,15,4.498475153769697,2.408809359944941,510.0
20320897,TULLSTA,0.43582887700534756,0.4195715326433266,7,4.402414760170874,71.29667624128027,394.0
20322472,KORKEN,0.43274968164453337,0.4038501972126442,32,4.59784344469404,1.8875060683505938,1190.0
20325772,HÖLJES,-0.399203187250996,-0.39838321327903703,18,4.309910926207092,42.48414409793137,264.0
20327945,BERÄKNA,0.21074380165289253,0.24567574695102876,5,4.696569222110904,8.03160149973219,1266.0
20328228,HALVED,-0.6318325434439178,-0.6349385851916629,14,4.495717453140426,217.24137931034483,170.0
20328544,BROGRUND,-0.20142857142857143,-0.1498429602776129,24,4.402112274289597,9.555340406326161,453.0
20330066,LILLABO,-0.35036496350364965,-0.31543995523054896,23,4.694627903890732,28.72413793103448,802.0
20331198,LÄTTHET,0.2923186344238976,0.3051750299658095,19,4.404162682805022,3.1505986137366095,221.0
20331693,SPILDRA,0.035075653370013726,0.034029985374181664,11,4.328813208148454,12.643678160919539,79.0
20331711,LÄTTHET,0.15219665271966526,0.15216828986871403,15,4.238290676586667,2.2988505747126435,102.0
20333951,EKET,-0.6800239234449761,-0.6762654692627903,5,3.126602923871756,78.7143325680551,899.0
20334309,BILLSBRO,0.3562653562653562,0.2983479220771427,19,4.597478103766117,22.988505747126435,1015.0
20334314,BILLSBRO,0.6515513126491647,0.5706400209345479,27,4.597478103766117,4.508566275924256,1015.0
20334922,KUNGSFORS,0.8396464646464646,0.7795750767164813,25,4.690381836660262,2.6455026455026456,440.0
20335648,EKBACKEN,-0.3148148148148149,-0.2893654128730139,3,4.402144140496552,68.95402298850574,592.0
20335851,LOMVIKEN,-0.48631840796019904,-0.48640782364904667,5,4.262943577950686,10.613751730503,62.0
20336407,KRISPIG,-0.03935774946921444,-0.09192248634165387,18,4.687231539682319,9.555340406326161,327.0
20338411,BAGGANÄS,0.6137037344858156,0.5500543732526058,16,4.69378685640395,13.778864181123478,691.0
20341692,TOLLSJÖN,-0.8787878787878789,-0.873035965329337,13,3.1378677957389476,261.49823104137823,172.0
20341970,HELMER,-0.503868086361017,-0.5173394662823001,4,4.101597123174425,57.45977011494253,3986.0
20341989,LAXVIKEN,0.2289723129446547,0.24264381153895567,4,4.59110880952355,22.765668563373858,275.0
20342578,VOXNAN,-0.2925531914893617,-0.30861913833104965,7,4.081137437528714,19.58076207268097,83.0
20342724,ULLVIDE,-0.13529411764705884,-0.13324962449267067,13,4.31383604549703,20.64005505849965,3611.0
20343224,STRANDMON,0.41360022189349116,0.2887247130923371,18,4.5993049309472775,249.7349273965362,3730.0
20343728,NATTJASMIN,0.5313953488372093,0.5224684600015349,15,4.499295609090463,7.6803723816912335,1125.0
20343912,PUDDA,0.2053505430147268,0.20106708482918287,6,4.49105423544889,14.23930426091302,72.0
20346958,PAX,-0.6523897161340695,-0.5780507928907208,6,4.497812177147827,167.5539774301387,350.0
20348896,ÖSTERNÄS,0.43156396651023887,0.4122331465266459,22,4.594606379276191,13.793103448275861,465.0
20349023,UNDVIKA,-0.13136315228966988,-0.120862735402806,24,4.309841130952113,5.572697895409487,266.0
20349650,VALLAMOSSE,0.23076923076923078,0.2172537750893888,16,4.404829520341749,8.902298850574713,188.0
20349853,NORDLI,-0.47528089887640446,-0.40818550220443006,3,4.401484897299105,524.5746691871456,652.0
20351006,LATTJO,0.4993857493857494,0.46747754173801986,22,4.690189044967484,20.128772524942818,431.0
20356075,LERHYTTAN,-0.3618581907090464,-0.3788456494570978,3,4.19404237044706,68.82312456985547,50.0
20356909,NYMÅNE,-0.434156378600823,-0.45262774271955925,19,3.7178880015663163,22.97701149425287,742.0
20358970,TORNVIKEN,-0.2039312039312039,-0.15663736325655547,7,4.492998966873044,80.18327605956472,97.0
20358994,TORNVIKEN,-0.09856363994657447,-0.08844946425262379,4,4.492998966873044,78.8362871165064,97.0
20359154,VADHOLMA,-0.2541371158392435,-0.21394528104330607,19,4.591486539837908,665.5172413793103,288.0
20362929,SIGFINN,-0.15178983453095124,0.09002862885853048,26,4.5966771443755094,22.97701149425287,766.0
20366404,STRÅLA,0.5523012552301255,0.38280101828210805,21,4.592682250534831,5.747126436781609,338.0
20368714,NORDVIKEN,-0.3928571428571429,-0.3925238485611323,5,4.5895795247616,481.0736407432897,232.0
20372834,KUNGSFORS,0.25538422451532206,0.2943346794188616,22,4.691462948043411,7.028314808855443,498.0
20373206,BLOMNING,0.4403765690376569,0.4247707473435571,7,4.691379415245402,2.8620689655172415,516.0
20373225,GRÖNÖ,0.5243137641187288,0.5129626690158996,12,4.5959982813984634,9.221583652618136,633.0
20374908,KAFFEREP,0.5384615384615385,0.4742736747463929,19,4.695894577064679,2.28735632183908,1055.0
20374927,KAFFEREP,0.12650602409638556,0.14906673406624077,15,4.6970033205376875,5.735632183908046,1452.0
20381273,TISKEN,-0.2626100171552174,-0.1892269677253955,6,4.307240624845595,6.075943279158938,368.0
20382324,MAMMUT,0.6083916083916084,0.5431870241243725,7,4.596625493769948,7.867448151487826,754.0
20383465,NORDLI,-0.4970588235294118,-0.49062932504048307,14,4.2510542354488905,103.0167107664879,72.0
20383521,LACK,-0.13850063532401524,-0.008569917955761008,3,4.401273855557491,34.47126436781609,763.0
20386421,HOPPVALS,0.14226342710997442,0.1722445788557875,10,4.499206779497931,40.79832015233731,997.0
20386548,HILDRUN,0.06756756756756754,0.0576421168512918,5,4.564313440964384,11.909736732135395,197.0
20387411,POLYSCIAS,-0.5688181729645501,-0.5525264264287387,12,4.4067221702054065,40.38647222826819,130.0
20388967,LAGAN,-0.6119425516673869,-0.5940445652216849,12,3.7999623616941185,88.5,118.0
20388972,VIKHAMMER,0.0641956700465881,-0.0019014866800698637,20,4.592246670209523,70.01182843610499,318.0
20390951,RANARP,0.20457689351891384,0.20072937602650934,12,4.675527117724445,34.47126436781609,162.0
20390970,RANARP,0.22314917598838702,0.21708286188609893,16,4.680246103992826,34.1314843029342,205.0
20391856,DUVHOLMEN,-0.11397058823529405,-0.11760857277738734,19,4.578290676586667,20.689655172413794,102.0
20393600,HEKTAR,-0.1955555555555556,-0.20491590926933664,21,4.594527061324369,83.91094307918505,458.0
20393662,KULLEN,-0.618705035971223,-0.6191463698948695,27,4.003591096051884,97.70114942528735,2264.0
20396298,STORSINT,-0.4593984962406015,-0.4347842784165811,17,4.497732059691268,17.229885057471265,337.0
20396316,STORSINT,-0.4826836581709145,-0.45428127388374306,16,4.4966028742210975,15.295250925262007,219.0
20396929,FRIDANS,-0.5905797101449275,-0.6816816816816816,3,4.101863310370163,57.45977011494253,3414.0
20396967,FRIDANS,-0.15143513203214692,-0.1586109407572743,4,4.101863310370163,27.574712643678158,3414.0
20397491,VOXTORP,-0.22844443647363358,-0.26859848856202007,4,4.402590854003687,64.94252873563218,367.0
20399777,NISSAFORS,0.3194928943613724,0.24537785338145623,32,4.5992040578033615,29.502717436588917,3255.0
20399895,PERSHULT,0.27971576227390177,0.27874818101110393,19,4.410256507117527,5.154639175257731,79.0
20400002,SKUBB,0.34762979683972905,0.2723638425897833,3,4.761931786444172,7.171572146446518,145.0
20400243,LEN,-0.8045003598231726,-0.7725479941234175,18,4.30810110489971,28.72413793103448,327.0
20400304,TISKEN,-0.36455874639391556,-0.3582820193547641,30,4.105401082086487,7.015146044653236,1166.0
20400691,BRIMNES,-0.41624999999999995,-0.3811360755233669,5,4.311003469253544,171.26436781609195,236.0
20401515,PELARBOJ,0.12744037373985745,0.050131858453900134,22,4.59679172560394,32.83732313488667,794.0
20402807,DJUNGELSKOG,-0.3821428571428571,-0.35463928745913614,21,4.689683562506792,22.97701149425287,409.0
20403562,MALM,-0.12408312958435208,-0.15929521031851912,27,4.499708501517162,102.07221994255232,2744.0
20404095,TÅGARP,0.31632653061224486,0.3412820377882894,25,4.49935744707933,12.99,1235.0
20404806,MALM,-0.1778765713284569,-0.2687483066592592,16,4.597605589329412,561.7299918519748,1070.0
20404887,NÖSUND,-0.701195219123506,-0.7077856490794355,19,4.098733508318073,73.45479478891174,65.0
20406297,BERÄKNA,0.21426772673310068,0.23186153221186623,4,4.696569222110904,11.459770114942529,1266.0
20406947,IRSTA,-0.4152542372881356,-0.44692656383674195,5,4.231688835795863,80.45977011494253,127.0
20408767,AXSTAD,-0.3917274939172749,-0.44746537673674364,3,4.19404237044706,74.45914723797522,50.0
20411425,STACKHOLMEN,0.6844713248369888,0.5957515373749496,26,4.791920418216667,35.84439578748423,750.0
20411524,SOCKERBIT,0.1967592592592593,0.17409482647068972,21,4.49858502845413,19.528735632183906,551.0
20414829,ÅHEIM,-0.45394736842105265,-0.4400468296469399,3,4.118013749832112,50.25125628140703,337.0
20415046,HAUGA,0.04950636070587111,0.008731002408154038,22,4.693838994671888,183.63085719955131,697.0
20415211,NYMÅNE,0.135140306122449,0.2015197990092969,4,4.498157622861328,17.229885057471265,419.0
20419959,JONAXEL,0.5041273584905661,0.5046222223601279,19,4.59185900372,9.195402298850574,302.0
20419964,JONAXEL,0.6967320261437908,0.7055386738157389,11,4.6900336678515835,9.195402298850574,424.0
20420175,SUNNEBY,0.11436170212765959,0.10983111879328175,11,4.30810110489971,9.195402298850574,327.0
20420203,HÅLLBAR,0.04464285714285715,0.09250001740455399,18,4.599413657706594,12.057471264367816,4425.0
20420241,TOFTLUND,0.33040935672514615,0.2916633069266137,29,4.697919169197166,11.482758620689655,2099.0
20421764,VISBÄCK,-0.1737012987012987,-0.13903370842263588,11,4.497897862115927,9.183908045977011,365.0
20422853,HÅLLBAR,0.3621412803532008,0.34012587787168685,22,4.691136581872032,31.275696654033645,479.0
20423720,KALLAX,0.45254470426409904,0.3796980415363706,23,4.596891266336993,14.357501794687725,820.0
20423819,SKOGSVIKEN,0.35638297872340424,0.3636970429843518,20,4.402926121148235,1.8597585265338346,322.0
20423824,SKOGSVIKEN,0.3908629441624366,0.42991417244759494,19,4.589007937512236,3.434273916035788,219.0
20424362,FYRESDAL,0.13636363636363635,0.06496453699581896,11,4.496389601750673,249.0,205.0
20426808,STOENSE,-0.2310344827586207,-0.2430013869543738,23,4.599471256584208,159.77011494252872,4909.0
20427290,KNOPPÄNG,-0.0944444444444445,-0.009108462762434726,7,4.5977941415668075,7.154861944777911,1163.0
20427624,EDSBRUK,-0.19937694704049846,-0.21139382889492028,5,4.594768837731727,14.630297565374212,480.0
20428647,NYMÅNE,0.02561098513479465,0.008027491861065503,18,4.587769395260094,34.39191057392266,195.0
20428789,LERSTA,0.16811740890688257,0.16644202258653143,4,4.499435400554278,22.948281166292716,1408.0
20429604,FRÖSET,0.15319401444788444,0.14034191521663786,4,4.495762532581053,103.43678160919538,172.0
20430141,FULLSPÄCKAD,-0.6476274165202108,-0.6331225871967444,19,4.313567384419418,17.241379310344826,188.0
20430377,REGNSKUR,-0.488095238095238,-0.45646889018536824,11,4.063526210778295,34.47126436781609,111.0
20430382,TORARED,0.31819517930629043,0.26097878784052625,20,4.5960884101957955,22.199539491100726,648.0
20431560,FRIHULT,-0.3699210548416898,-0.38359769355982887,18,3.9025641842643486,25.618112030709334,97.0
20432244,TOBERGET,-0.24909375,-0.25417259824011573,4,4.039398467261539,45.412875843412834,190.0
20432499,RENSARE,0.6961920529801324,0.6367907588826685,21,4.761931786444172,1.7126436781609193,145.0
20433936,FEJKA,0.2995607482887021,0.2981017250076877,8,4.696222025034649,7.785892356083148,1148.0
20434097,SMÅSTAD,0.016064420667791582,0.01646382216970403,4,4.169509578156522,8.045977011494251,74.0
20434163,SMÅSTAD,0.0402372656750197,-0.03457770776588053,8,4.489406331452633,23.73835121816112,58.0
20434832,MURVEL,0.3966094594666709,0.40837324959904037,32,4.499728733554717,1.1379310344827585,2950.0
20435186,GRIMO,0.3053392658509454,0.15381529818297873,3,4.690991577076483,57.47126436781609,471.0
20436713,BAGGEBO,0.3203559510567297,0.2933212644558976,25,4.596117557660804,28.735632183908045,653.0
20437821,UPPVIND,-0.013461538461538414,-0.007705294860098262,9,4.757499186235616,114.9310344827586,128.0
20438547,IKEA 365+,0.20298769771529,0.22954781643852162,21,4.4982343885754394,2.0745030147453885,438.0
20439392,OFTAST,0.8401253918495298,0.7439498870928016,35,4.798188815292002,1.3678160919540228,3408.0
20439472,NORDKISA,-0.399339498498695,-0.40295611927667024,14,4.410256507117527,150.82032742348562,79.0
20440362,SVENSÅS,-0.4428904428904429,-0.4547022969444062,21,4.403712243247762,14.683122734841806,250.0
20440456,ENHET,0.19766081871345031,0.1924636037213025,4,4.589703087709091,48.27586206896551,235.0
20440951,SUNNERSTA,-0.28746819230747533,-0.2758254008227917,14,3.526632541269334,13.78735632183908,132.0
20441333,TRÅDFRI,0.098134280593958,0.09049571172555043,4,4.328231123135354,10.985197034227031,81.0
20442667,NATTJASMIN,0.1653498493471711,0.12563334880966232,4,4.4997441630728945,29.46166306271971,3129.0
20444435,HULTARP,-0.27901234567901234,-0.42409631030816985,3,3.8364039542913577,14.683122734841806,306.0
20444906,ANTHURIUM,0.15049751243781095,0.1160611614736168,9,4.683057235347693,9.183908045977011,242.0
20446095,BINGSTA,-0.22054380664652562,0.03167322503656962,9,4.5734171550040825,171.3695801789401,80.0
20446236,MALMBÄCK,0.680517711171662,0.6775696671151297,13,4.676316565539786,9.10983488872936,168.0
20448160,FRIHETEN,0.637877240753347,0.6531573531989142,6,4.4920285266376245,43.98674937893372,83.0
20448594,OLEBY,-0.07320261437908498,-0.0796913501592247,3,4.2104666997503415,13.233483791546986,421.0
20448749,BOAXEL,0.4652777777777778,0.46675274421568014,13,4.592337885854117,11.494252873563218,322.0
20448773,HULTARP,0.6298913934167896,0.5890853211163747,8,4.692802093448366,8.633873140250369,594.0
20448834,HULTARP,0.6473170250542514,0.6509748900489188,8,4.7879042518331385,13.043782628341187,495.0
20448947,ENHET,-0.11097852028639621,-0.11105190309334939,13,4.496110537151691,86.19540229885057,189.0
20449206,KLOCKREN,-0.43459302325581395,-0.4211254829415347,25,4.401092075949946,8.456167571761055,893.0
20449517,KLEPPSTAD,0.2261330761812922,0.2272000823609506,14,4.496529660303448,13.564586192746876,214.0
20450520,VINDKAST,0.225735992402659,0.2337084356587826,22,4.690232552528603,35.84439578748423,433.0
20450577,STENSUND,0.027409260460107943,0.03519585804363254,6,4.490181477931708,26.4367816091954,64.0
20451303,VESTMARKA,-0.6289695081572452,-0.5577507691323559,6,4.013749800655034,114.45291701228422,578.0
20452114,TILLÄMPAD,0.0234375,0.01496581065942128,17,4.498738058292163,3.4411562284927735,620.0
20452294,HEMNES,-0.7586351340439277,-0.6831343700703347,4,4.105302554884245,263.42192049233483,1188.0
20452307,MILSBO,-0.07422969187675077,-0.081404902933825,5,4.65363032832,205.78114246386784,77.0
20454047,MIXA,0.3503107205623902,0.39429118248718625,10,4.498538804338295,1.1379310344827585,533.0
20454108,VOXTORP,-0.12057877813504814,-0.16496636970143844,3,4.496645338293334,58.49965588437715,222.0
20456838,FJÄLLBRÄCKA,-0.27905624780624777,-0.2633287177689486,10,4.401293733667621,68.95402298850574,751.0
20457381,BOSJÖN,-0.6123737373737375,-0.6358582851865971,3,4.103732673296204,171.26436781609195,61.0
20458088,STJÄRNBRÄCKA,-0.08285407469275746,-0.12338697825212323,6,4.495425461309091,48.13503755368692,158.0
20458192,PAX,-0.6564207650273224,-0.6487681191741954,8,4.307615480082834,235.0574712643678,349.0
20458615,LINDBYN,-0.5863787375415281,-0.5421680090780338,19,4.498569948828419,54.5502651275449,545.0
20458700,IDANÄS,-0.39159454685403017,-0.39079487266721946,6,4.5713723207736265,389.6551724137931,73.0
20458823,IDANÄS,-0.6176470588235294,-0.6193096830748407,15,4.4042698763536485,343.67816091954023,215.0
20458842,IDANÄS,-0.4960784313725491,-0.5409682106666808,11,4.488660298456339,241.02079395085065,53.0
20458941,IDANÄS,-0.9593023255813953,-0.9532076891618846,5,3.380289116565251,584.3083275980729,241.0
20459035,FJÄLLARNIKA,-0.22807017543859648,-0.18959094126931642,17,4.400297068136877,48.96659809971594,3331.0
20459479,KVARNVIK,0.4852640032122064,0.3419281209484434,10,4.597796007775296,10.908045977011493,1164.0
20460331,TEVALEN,0.285982478097622,0.27657640388397586,4,4.404999402966835,8.523564333150372,181.0
20460411,GRÖNAMARANT,-0.4034714504028897,-0.3940753710781852,22,3.9078452756596547,26.999999999999996,1256.0
20461378,KALAS,0.7555555555555555,0.7325691906067917,33,4.796732428220327,1.7126436781609193,1881.0
20461496,LERHYTTAN,-0.2637614678899083,-0.25912218194997333,3,4.409753737160785,103.44827586206895,84.0
20463565,MITTLED,-0.2238394482565467,-0.22249163409686745,6,4.161489242215385,19.559646491770277,86.0
20463650,IKEA 365+,-0.6401727208184452,-0.6395406080360958,12,4.49693871175057,68.95402298850574,245.0
20463711,MIDDAGSMAT,-0.6215999999999999,-0.6053481481481482,3,4.113901915631304,9.785483397002645,442.0
20464065,SOLKLINT,0.41666666666666674,0.4222268266316854,19,4.749551879596749,28.631156930126,105.0
20464254,KOPPLA,-0.5005782155587604,-0.5051835302458278,6,4.494703165726317,19.719313393564043,134.0
20465734,ENHET,-0.04653937947494036,-0.06755913567394053,17,4.162694913631373,11.494252873563218,84.0
20466149,GLIS,0.545138888888889,0.6130035652109452,5,4.5769458512424785,3.3908045977011496,95.0
20466229,PINNARP,-0.7860520094562647,-0.8045127159513732,9,3.921596713303093,286.2068965517241,79.0
20466253,STRELITZIA,-0.47229881535947715,-0.5193993323416519,16,4.496950307539395,68.17854440678668,246.0
20466366,JÄLLBY,0.32075612671846987,0.2788663333815358,12,4.577148080617544,14.644268138723172,96.0
20467200,SANDVEDEL,-0.007352941176470618,-0.034056678721155975,9,4.207293462206985,28.707824838478103,612.0
20467219,LÅNGDANS,-0.03050900592795258,-0.057311262470085104,6,4.12920037073242,19.28264549762283,201.0
20467592,VÄLBILDAD,-0.80005604308483,-0.7729152809309312,12,3.810888783430138,286.2068965517241,55.0
20467629,MYDAL,-0.3147501629644487,-0.31852130356630637,18,4.497951351629517,317.61220838855934,375.0
20467813,TROTTEN,-0.4464285714285714,-0.4416526610644258,3,3.737454296342858,85.42713567839196,94.0
20468105,NOJIG,0.7608695652173914,0.7342795755458712,35,4.698605533773472,1.1379310344827585,3141.0
20468855,GUNNÖN,-0.7338709677419355,-0.7452280017750048,17,4.0123603034546,153.36479277800575,645.0
20470071,VESTERÖY,-0.46124999999999994,-0.43474173553719003,3,4.301095172880251,129.22269596589044,2534.0
20470815,NYSJÖN,-0.33945741758241754,-0.33286257291724314,20,4.401760851664425,80.45402298850574,547.0
20470919,RANGSTRUP,-0.5327455919395465,-0.5014466344389307,3,4.262092989059461,30.672958555601152,56.0
20471141,SKURUP,-0.6354581673306773,-0.6208205135348965,11,3.7673356651130447,45.96551724137931,74.0
20471612,DÄNKA,-0.313953488372093,-0.36577621782765457,21,4.111044699810708,34.47126436781609,561.0
20472918,BESTÅ,-0.267989109587399,-0.2776939372061547,12,4.3115490958280995,47.60894070814408,224.0
20473593,FJÄLLBO,0.0044264015527669676,-0.014159345268238921,8,4.585527117724444,85.56983540993693,162.0
20474366,BAXNA,0.030202355783751134,0.029531495684502335,24,4.4983602468236255,5.735632183908046,473.0
20474762,TROTTEN,-0.28537735849056606,-0.27866554659013504,17,4.230031903205229,40.35166816952209,135.0
20474837,TROTTEN,-0.6598360655737705,-0.6576164996415826,5,4.254700966552382,205.7471264367816,66.0
20476346,RINNIG,0.09330564128581295,0.04585817914417904,34,4.499782046884245,3.797456919152456,3676.0
20476351,NEREBY,0.8130998038210706,0.8163972937661219,14,4.671018955200001,3.4367816091954024,134.0
20476474,BJÖRKÅSEN,0.43925233644859807,0.353221301619314,3,4.499316537513073,34.47126436781609,1160.0
20476520,LIXHULT,-0.31275591489108256,-0.31186117875766606,18,4.216831066631502,42.215848597440406,255.0
20477355,BILLY,-0.018207282913165312,-0.014016219356457249,3,4.4019095608261045,22.988505747126435,503.0
20479359,FÄRGKLAR,0.052631578947368474,0.041832482646761905,7,4.694402644460483,9.555822328931573,769.0
20479383,FÄRGKLAR,-0.24391543633675594,-0.2622230570070869,10,4.595967308344272,11.459770114942529,628.0
20479420,FÄRGKLAR,-0.1718247212937782,-0.2021854296523728,10,4.593437987885139,8.822849398521466,379.0
20480013,IKEA 365+,0.29565217391304344,0.24710611923498227,29,4.5970729002139326,3.097040605643496,872.0
20480145,LÄTTBAKAD,0.05520000000000003,0.05592544776205972,21,4.686445788278155,6.885057471264368,307.0
20481036,BERGMUND,0.12642171754593953,0.12699159905431134,12,4.414012411132395,20.545797943927347,53.0
20481710,ÅNNELAND,-0.8547194603828129,-0.7963275012884933,14,4.010142179691089,621.4720561529666,790.0
20482125,ENGELSBORG,-0.4572368421052631,-0.4443953770706339,7,4.576099827434863,199.96923550223042,91.0
20483002,VIDGA,0.08433734939759036,0.07421239780097981,21,4.014607631355437,4.1034058268362745,543.0
20483262,VIHALS,-0.13788941574295027,-0.1451533940744722,20,4.583919019693827,136.7816091954023,144.0
20483592,HUVUDROLL,0.1517620310723759,0.16245650699248973,22,4.698592164010994,5.735632183908046,3111.0
20483790,FÄRGKLAR,-0.12519809825673534,-0.1221715491303509,7,4.680246103992826,14.93103448275862,210.0
20484332,IKEA 365+,-0.8380952380952381,-0.8447881742366303,15,4.239272488806838,80.44827586206895,99.0
20485058,HÄGRANDE,-0.6115079365079366,-0.6117504817246497,4,4.030692438915356,9.183908045977011,249.0
20485242,FJÄLLBERGET,-0.5847789280185759,-0.5740801543955665,16,4.406029582972122,234.48275862068965,147.0
20485548,BAKGLAD,0.6022556390977443,0.5275649120125173,23,4.694479800990476,1.7241379310344827,780.0
20485727,GRÖNSAKER,-0.2728243998344371,-0.2686256861689281,14,4.664186025938212,23.747430654799807,105.0
20486246,BERGMUND,-0.07608695652173914,-0.07668894140448704,5,4.0470970183356325,20.51702913418137,156.0
20486326,GURSKEN,-0.16184649610678525,-0.16196457734923747,15,4.496237762571963,80.44827586206895,196.0
20487175,BEKVÄM,0.3855072463768116,0.3593983659739146,27,4.694022905278698,5.044474956719002,719.0
20487873,IDANÄS,-0.10387228260869563,-0.11436423048079702,12,4.670435444230873,268.9113289191605,131.0
20488189,SESAMFRÖN,-0.17020250723240116,-0.1774721080826647,16,3.823127218020392,4.46675955822241,492.0
20488900,IVAR,-0.28409090909090906,-0.27975111521834006,9,4.138292701738923,33.33333333333333,149.0
20488943,LEN,0.3902553148204658,0.3486280321747852,18,4.493118642652992,9.183908045977011,99.0
20489179,TONSTAD,-0.6968677284762899,-0.6643885356191783,6,4.2321320362965045,582.3957856723897,125.0
20489867,KABBARP,0.5558380093878652,0.5555720571324859,4,4.659586065966973,14.031605274595936,91.0
20491040,SILVERLÖNN,-0.11437908496732024,-0.1210124357934577,3,4.203016993559029,34.47126436781609,1505.0
20492563,VOLLERSLEV,0.09275527891585256,0.08448854181809491,6,4.734682959898947,71.23762259637823,77.0
20492799,GRÅVACKA,0.15873015873015872,0.11789920821887086,9,4.252214558981819,5.877167205406994,70.0
20492916,VIDGA,-0.13675213675213677,-0.14412560436178204,20,3.917173335378694,13.773117054686697,564.0
20493001,EKOLN,0.2842639593908629,0.31552406393086513,11,4.4981948008753365,3.3908045977011496,428.0
20493666,MÅLA,-0.13250499500499502,-0.13075352370491414,18,4.404563675185322,5.928685963365658,200.0
20495415,LYDERSHOLM,-0.2902097902097902,-0.24511288427001554,9,4.5945951891917005,80.44827586206895,464.0
20497928,NORBERG,-0.3595855773019835,-0.33381969291900465,10,4.33327239512381,100.68988654365148,66.0
20498536,TISKEN,0.07407407407407407,-0.00975833978834986,11,4.301065122404878,3.4367816091954024,2606.0
20498904,LACK,-0.10501355013550134,-0.1044801130463779,9,4.496220099485447,68.1348933241569,195.0
20498937,LACK,-0.04076980318983517,-0.05560350012168271,10,4.497103889174101,55.27544470666558,260.0
20499606,JÄRPLIDEN,-0.5082589285714285,-0.5080042538192369,18,4.148446069624242,42.712649166228175,114.0
20500252,MUNSBIT,0.07668553782810089,0.1027684630759941,10,4.403305253124253,1.8650007233686559,283.0
20500817,TRUMMIS,-0.33,-0.29384812632181884,7,4.405128253558764,11.482758620689655,176.0
20501869,NISSEDAL,0.1908783783783783,0.19380799559370984,7,4.69917599722978,63.77496699459137,5328.0
20502166,STÖRTSKÖN,0.11577181208053691,0.12076450546779881,25,4.498312119896017,3.7935174069627853,459.0
20502963,OMBONAD,0.17687038722070564,0.16447597768205421,14,4.81105423544889,14.93103448275862,72.0
20503547,SKRUVBY,0.28201900970708443,0.19872936689746526,24,4.781961863925582,106.09134842557609,326.0
20503887,YUPPIENALLE,0.48148148148148145,0.4499507966014435,17,4.499255209241813,0.6210400853145975,1063.0
20503910,HEMMAFIXARE,0.016315235901031677,-0.03201747037299058,30,4.6956939210072335,17.115141791505362,1005.0
20504194,GÖRSNYGG,0.650153125,0.648122929492541,20,4.788112799215326,2.9824846122281494,504.0
20505358,ENTUSIASM,0.07544138041391085,0.03807664779402413,22,4.7874644064452525,15.085477565785634,477.0
20506225,ÄPPLARYD,-0.3257575757575758,-0.3744866244866245,3,4.3174680074400005,788.7736699729486,142.0
20506466,SLIBB,0.11904761904761901,0.07647539812433427,5,4.490415252266668,19.022630370613314,66.0
20506758,SPARKA,0.6228448275862069,0.5803099090060542,18,4.777598849062816,2.8620689655172415,259.0
20506763,SPARKA,0.5303010808028821,0.49733887901144996,22,4.786825650085775,5.667407249030891,453.0
20506956,PLOMMONROS,0.46805896805896813,0.4569650574980355,3,4.489808622663292,4.887844059163483,61.0
20507324,JUBLA,-0.2665562913907285,-0.30456715626734093,3,4.206807231393185,7.078375051292573,657.0
20508012,NATTSLÄNDA,0.3325581395348838,0.28360731336914946,19,4.674087536414119,32.297200287150034,152.0
20508494,FELSISK,-0.34591642924976257,-0.353123812158389,6,4.575423407456604,115.62105750290718,88.0
20508842,SKRUVBY,0.249005197147612,0.23902467301668331,6,4.753344971356392,114.45291701228422,115.0
20509549,SKOTTORP,0.19214285714285714,0.18414855554739568,4,4.402281837592661,9.478802169921927,418.0
20509554,SKOTTORP,0.1488888888888889,0.15727436449768875,3,4.31189311144851,9.183908045977011,217.0
20510307,NÄMMARÖ,-0.35000000000000003,-0.3895418508868934,19,4.496740409677733,136.7816091954023,229.0
20510736,VAPPEBY,-0.2445073557878436,-0.3231608510185401,8,4.587535316700478,68.88513262295211,191.0
20510779,STOFTMOLN,-0.4307692307692308,-0.43328720931217063,11,4.123950865881648,34.47126436781609,249.0
20511062,BARNDRÖM,0.7199488491048593,0.6814500305886495,17,4.780548216897806,14.93103448275862,301.0
20511217,STABBEN,-0.6956521739130435,-0.6648798839378549,9,4.327134768838835,57.45977011494253,85.0
20511953,KONSTFULL,0.1280193236714976,0.11779195252321355,19,4.780548216897806,22.97701149425287,301.0
20512245,LINANÄS,-0.4846560846560847,-0.47849594353839375,10,3.6793550576824745,343.67816091954023,176.0
20512330,VINDEBÄK,-0.5512820512820513,-0.5043529702620612,3,4.489677963979489,68.95402298850574,60.0
20512486,IKEA 365+,0.21269841269841272,0.21416893982531762,17,4.5970729002139326,3.4788430637386183,872.0
20512660,TOLKNING,-0.4402294303797469,-0.42636000212034714,18,4.332498618493024,114.9310344827586,68.0
20512938,SURSÖT,0.08939127656175108,0.08273910172767122,12,4.315970749659429,1.430207821960399,157.0
20512976,BJÄLVEN,-0.28571428571428575,-0.2565749504485843,23,4.499081962588826,22.97701149425287,859.0
20513481,MOLNART,0.1728395061728395,0.17712575151899138,21,4.401898628225955,9.183908045977011,506.0
20513872,POETISK,0.07619047619047614,0.09218450596681935,5,4.769878064031069,11.871300200161832,188.0
20514027,BLANDSALLAD,-0.42995395281456955,-0.413283552111445,8,4.496110537151691,14.362068965517242,189.0
20514918,DRYCK LINGON,0.21153846153846156,0.09807040316658187,18,4.693201977145679,4.241920341167671,630.0
20515164,UPPFYLLD,0.1517167747761029,0.14221048639660572,8,4.563817794311112,2.7687420349814382,94.0
20516229,GRYTÅS,-0.29010238907849834,-0.2669437776872279,13,4.567436014880001,14.93103448275862,62.0
20516408,KLYNNON,-0.3263107745754423,-0.3038413095899307,8,4.594715783347667,20.31892604076149,475.0
20517144,KIVIK,-0.3262032085561497,-0.399534880749302,3,3.469072295237819,184.1403364792778,257.0
20517243,HÖGBO,-0.43527738264580373,-0.43117933556812044,15,4.098733508318073,61.52899553914782,65.0
20517573,FINMAT,-0.9239543726235742,-0.9223320754743908,3,4.0249360148800015,95.6641431520991,62.0
20518030,GILLSTAD,0.1418869936034115,0.16522865116010613,12,4.764132261216186,17.796313066281797,155.0
20519874,GIFFLAR,0.051282051282051266,0.06118368470448335,15,4.585607078400001,2.9226272881095214,171.0
20519888,SKÅDIS,-0.05756578947368421,-0.055030924349530046,19,3.9458480788550467,1.4357501794687724,200.0
20520354,SKRUVBY,-0.5592223000311236,-0.5584108791174492,4,4.049071144852695,101.2183908045977,149.0
20521527,GRIMO,-0.6388888888888888,-0.6654611950354254,3,4.308599634432,280.0,307.0
20521532,GRIMO,-0.6944091486658195,-0.6913556772880696,5,4.308599634432,268.4101858224363,307.0
20521565,HASVIK,-0.69141689373297,-0.6957803911459028,3,4.304241094370865,297.7011494252873,642.0
20521693,BILLY,-0.19345661450924612,-0.19572445551675335,19,4.3223590495232,39.181114702713295,107.0
20521952,UPPFYLLD,0.271523178807947,0.21227493072774167,17,4.498166016379043,1.1379310344827585,421.0
20522032,STYRSPEL,-0.8407079646017699,-0.7807722180496509,17,3.9423511914847458,240.19270474879556,218.0
20522046,BILLY,0.11393229166666674,-0.0160549862795223,13,4.599007195575609,69.04577191621412,2606.0
20522065,HULDHET,-0.42408490527519194,-0.4531310343580568,4,3.983990598238656,6.40700361760031,101.0
20522107,BLÅVINGAD,0.2152777777777778,0.18322022221808426,29,4.891635194556322,17.229885057471265,939.0
20523239,KLYNNON,0.22434738080711236,0.21665014313427827,10,4.594715783347667,5.311738121535765,475.0
20523611,OSKARSHAMN,-0.5734375,-0.3949758428655762,14,4.403168411434395,314.9425287356322,296.0
20524390,KAFFEREP,0.0029069767441860517,-0.018259722409376997,22,4.696715049358986,7.46551724137931,1323.0
20524677,BROGRUND,0.4133738601823709,0.4714653710347184,19,4.68125481357617,5.9990770650669125,217.0
20524757,SOPPROT,-0.732919254658385,-0.7252197962288932,3,4.638817794311112,24.695629252541227,54.0
20525356,OLSERÖD,-0.215479902979903,-0.2448078291864166,26,4.0137038146996655,35.64887983591002,580.0
20526563,BLÅVINGAD,0.1445039416926967,0.057675783516683725,18,4.495207626133334,17.229885057471265,150.0
20526964,KIVIK,0.6502722537878788,0.612451705788663,4,4.411986520366266,46.913416272581145,65.0
20527633,RISATORP,0.5505181347150259,0.4282455739458384,19,4.781253417493656,17.17640320733104,313.0
20527968,SVARTSENAP,-0.07907709160618924,-0.06948629601482165,20,3.5474996717966856,1.5567620976735002,344.0
20528128,RODRET,-0.10613612495624197,-0.1057248079803254,12,3.65148789695786,7.785892356083148,281.0
20528190,EPIPREMNUM,0.6509627435342372,0.6433496900784825,8,4.740335396061539,5.311738121535765,86.0
20528369,BLÅVINGAD,0.6941860465116279,0.6983526479261418,19,4.841138832282354,14.683122734841806,118.0
20528388,FRUKTPLOCKARE,-0.03999999999999998,-0.03597826510340841,17,4.308520979239024,2.28735632183908,310.0
20528406,FENOMEN,0.38681592039800994,0.35782065937243573,11,4.674388844130234,4.586206896551724,154.0
20528411,FENOMEN,0.5287165178571428,0.4880973204552556,12,4.6877974548210535,2.384042710981292,343.0
20528473,TONSTAD,-0.35417729591836733,-0.34901837025101295,8,4.414418567976813,108.16977952868025,51.0
20529095,HORNMAL,0.16819221967963388,0.17310407273625078,19,4.403316270634667,13.757742601514106,282.0
20529397,UPPFYLLD,-0.36718749999999994,-0.37229675901539316,13,4.222305248497088,5.735632183908046,188.0
20529482,PINNTORP,-0.33035714285714285,-0.3327895745947439,15,3.7355463176767136,56.13165013525699,55.0
20530065,VITTERYD,-0.6415094339622641,-0.6458835732487059,19,4.249944360765219,171.26436781609195,74.0
20530206,BISSA,0.12022024639702464,0.12678642330162299,12,4.584585095801184,45.96551724137931,151.0
20530621,TEODORES,0.5943396226415094,0.416784960453935,9,4.695180395175493,34.48275862068965,896.0
20530664,ÄLVDALEN,-0.6961627906976744,-0.613681429213558,16,4.143502593131973,469.59433296734187,129.0
20530744,FAMILJ,0.15544460677496036,0.11354813648893329,22,4.497280004021621,2.264367816091954,278.0
20531098,LÖVKVAST,-0.5674342105263158,-0.5105087248035887,7,4.404806189325604,22.97701149425287,189.0
20531611,PÅTÅR,-0.46153846153846156,-0.4406648337178836,13,4.5713723207736265,11.482758620689655,73.0
20532007,SEGLARÖ,-0.8999615975422427,-0.8845006918611896,18,3.654908839553154,274.6584553559421,93.0
20532031,HIMMELSÖ,-0.5873015873015872,-0.6223112110108943,11,3.2943245077573042,76.91124442393478,71.0
20532696,HAMNSKÄR,-0.6373626373626374,-0.6706520833126766,5,4.023393594943211,136.7816091954023,63.0
20532724,IKEA 365+,-0.7883018453427064,-0.7798898226144956,14,4.045527117724445,19.55474885243244,162.0
20532743,NÄMMARÖ,-0.296176471722043,-0.3185398932072338,18,4.404605931437037,90.04512076903069,198.0
20533224,UPPFYLLD,0.08526349206349207,0.08218257225968591,12,4.221776688106162,1.1379310344827585,193.0
20533592,SOJABÖNA,0.1328893069547275,0.12808498125026396,4,4.791726508253867,25.827586206896548,732.0
20534332,FRÖSVI,0.2816728266109594,0.2644787414197658,14,4.587229809756862,38.86235185114525,186.0
20534916,ALMAÅN,0.21428571428571425,0.17191890203180188,19,4.490638153376745,14.357501794687725,68.0
20535044,HEMNES,-0.8407079646017699,-0.8424493150802123,17,4.150753025320635,343.67816091954023,108.0
20535063,HAVBÄCK,-0.4064327485380116,-0.4226314827303489,7,4.406632541269334,180.89093309484264,132.0
20535077,ÄNGSJÖN,0.11999374217772213,0.08817644782190222,12,4.657231856217477,113.88395149504285,85.0
20537175,ÅKERBÄR,-0.7010948423690806,-0.7052519391353269,4,3.920650580971901,40.03795532646048,466.0
20537321,TÖCKENFLY,0.6335070044967139,0.6252773625850735,6,4.595254792696539,6.885057471264368,531.0
20538212,TONSTAD,-0.6149032992036405,-0.6197084806380216,3,4.3393645238084515,262.0247847090947,53.0
20538226,ÄLVGRÄSMAL,0.10601265822784811,0.11444104366876706,3,4.309506398606803,9.183908045977011,276.0
20538392,FÖNSTERBLAD,-0.22826086956521738,-0.20916758795293847,13,3.8202313571018864,17.229885057471265,565.0
20538453,FÖNSTERBLAD,-0.17931612715077283,-0.12400976946967628,12,3.8202313571018864,15.190426509010816,565.0
20538721,HOLMERUD,0.4456663861252217,0.25973253019750336,10,4.688284258485107,57.46551724137931,358.0
20539075,ROSENMANDEL,-0.2991452991452991,-0.297375303069536,13,4.110517896694737,34.47126436781609,590.0
20539080,SOLFÅGEL,-0.21218961625282162,-0.23285470340709163,19,4.63965590671781,19.528735632183906,55.0
20539198,VINDKAST,0.5059523809523809,0.49815422499025475,19,4.838892222827481,25.767468499427263,113.0
20539626,BARKBORRE,-0.3949275362318841,-0.3675018258702768,17,4.658830665330842,18.379310344827584,89.0
20540494,RISATORP,-0.09434335443037972,-0.08474158892458623,16,4.679221137690567,17.229885057471265,194.0
20540601,KAFFEREP,-0.041618828932261764,-0.04319409737479409,12,4.678615928108739,5.787112755614979,188.0
20540663,BLÅHAJ,0.6013513513513514,0.538045349374697,27,4.891617676639163,6.613756613756614,937.0
20541342,TRIPPEVALS,-0.7179487179487181,-0.5455778520995913,3,4.017072669146667,72.40229885057471,462.0
20541568,VATTENKAR,-0.5092621179376351,-0.4027788412955651,18,4.4018254700741295,18.273592645104912,527.0
20542172,SMÄLLSPIREA,0.4026687682278264,0.4243427883170143,12,4.755677722788572,8.514536239544789,122.0
20543157,KAPPLAKE,0.2767440874798678,0.2717382367875686,18,4.317359510499379,4.424949955327355,143.0
20544185,UPPDATERA,0.5820425417432269,0.584636806102906,12,4.635218841035296,10.796850222318959,50.0
20544487,MACKAPÄR,-0.5301587301587302,-0.5466303684208272,13,4.068290676586667,82.35720522578626,102.0
20544492,SILLTRUT,-0.6583586626139818,-0.6410235743144822,18,4.587039209902487,80.44827586206895,183.0
20544878,SANDGRÄSMAL,0.18867924528301885,0.1919989043092596,19,4.207281903629794,4.586206896551724,613.0
20545854,VÅRARV,-0.1854353854350827,-0.1451937593146046,14,4.575878529540741,8.165529554063546,90.0
20546467,UPPDATERA,0.8630971019030721,0.8304382897866702,20,4.796022359737436,2.293103448275862,1542.0
20546622,NYHAMN,0.3048128342245989,0.28919446566505386,3,4.316062535577012,85.06877901281887,156.0
20548292,IDALINNEA,0.8238550092482676,0.8311691904268528,8,4.679793032983487,5.735632183908046,200.0
20548409,SOLHETTA,0.07589285714285715,0.06408179093606907,17,4.042681672866667,5.145977735769796,174.0
20548881,RÖDALM,-0.23913972092059957,-0.18362039326083257,4,4.30867975524969,7.398536529751355,304.0
20548918,RÖDALM,-0.21329639889196675,-0.17922480220387405,15,4.4011029724949005,8.034482758620689,884.0
20549239,HAMMARÖN,-0.7567567567567568,-0.748336015616367,15,4.320857322316418,391.80135174845725,116.0
20549418,RÅGRUND,0.0995203691090136,0.07667079607432098,18,4.580844714635295,55.54120024960116,118.0
20549574,VÅRVIAL,0.29392749942276614,0.28872238309372106,6,4.499122007841221,17.229885057471265,901.0
20550204,STOPP FILT,-0.15216963978573886,-0.16080376900694815,4,4.4005392309975075,7.616809454873389,1827.0
20551091,VATTENTRÅG,0.47339628044877197,0.5192901306855282,18,4.593567607877531,0.689655172413793,387.0
20551312,RUNMARÖ,-0.7816985645933014,-0.7841565408832949,7,3.459711278050576,148.2758620689655,69.0
20553207,CITRONHAJ,-0.2898089171974522,-0.28415455164046477,13,3.4267980560390248,3.4367816091954024,146.0
20553698,SOLHETTA,0.4497449532414276,0.4500105288295491,4,4.488660298456339,2.1413677219361333,53.0
20554382,HOLMSJÖ,-0.10443037974683542,-0.12721393970597128,13,4.3393645238084515,51.18998768978253,53.0
20554532,RÄNNILEN,-0.2976190476190476,-0.33342661566812715,15,3.1723347446736843,11.494252873563218,134.0
20555268,VECKLARFLY,-0.45391803434209277,-0.424637902157877,4,4.16525388969796,41.604195402298856,80.0
20555305,HARVMATTA,-0.13209661240003312,-0.10626521797922844,18,4.582973079675817,10.93131229446701,135.0
20555876,JÄGMÄSTARE,0.459016393442623,0.4534367990001977,19,4.582033663382069,9.183908045977011,135.0
20556404,DRÖNA,0.03107949299085033,0.04125420843680333,16,4.2224140545873174,1.14367816091954,187.0
20556507,BAGGBODA,-0.1962102689486553,-0.19347715006382193,19,4.490638153376745,80.44827586206895,68.0
20556871,SÄLJAN,-0.07902547938008925,-0.010460272655536184,10,4.498326156320998,79.91242474001095,463.0
20557168,SMÅÄTA,-0.5595238095238095,-0.5887158995402056,25,4.207908573477453,8.994589720468891,563.0
20557502,ASKHOLMEN,-0.0007847924659923067,-0.05062627948328483,18,4.407712257289923,34.48275862068965,115.0
20557875,GRÖNSTA,-0.030660377358490587,-0.11615215160126702,3,4.5819088971555555,75.21485477699015,126.0
20558375,RÅDHUSVIN,-0.5832036989024285,-0.566628008911336,4,4.09312364989091,77.8010224244328,70.0
20558511,NORDBERGET,-0.7417721518987341,-0.6268740935394875,5,4.045527117724445,228.73563218390802,162.0
20558573,MARKKRYPARE,0.6201167253798832,0.588586326576203,18,4.76022359737436,8.14662885350167,138.0
20558894,SLAGVERK,0.15337643678160923,0.15380579507121175,14,4.7455691332491226,6.1233024029352485,96.0
20559407,MÅLA,-0.2894736842105263,-0.30329094831102094,17,3.8657912340292695,6.885057471264368,64.0
20560203,ÅKERVINDEFLY,0.5267409770609881,0.3416995408443394,16,4.593941584163721,12.103412810197899,412.0
20560590,SLÄTROCKA,-0.9263074484944532,-0.9149177421049497,5,3.7480277037538468,40.2183908045977,86.0
20560613,BARNDRÖM,0.8895663956639566,0.8815430364593176,19,4.818315114187756,6.885057471264368,80.0
20560670,VARDAGEN,-0.9068450079239303,-0.9022418536977445,12,3.8812650825386683,42.35589917629886,57.0
20560806,TVERSTED,-0.6197916666666667,-0.6359459483181341,10,4.497603813066666,193.68063635088413,318.0
20561801,LAGERPOPPEL,0.5904808159300632,0.4890644083417444,6,4.498007131659406,3.433740174586246,386.0
20562508,CITRONMELISS,0.5101010101010102,0.5360665526242966,5,4.753344971356392,6.867124856815578,116.0
20562909,VÄTTERSÖ,-0.4061624649859944,-0.43134988987559236,11,4.413817794311113,182.75862068965517,54.0
20563560,MALÖRTSMOTT,0.392396100902325,0.3399911767781264,4,4.4964057196,3.4276669335035685,206.0
20563782,LISABO,-0.1808035714285715,-0.18762144949380452,3,4.664186025938212,244.77236914952513,105.0
20564263,TRATTVIVA,-0.03460207612456745,-0.008113456045195588,3,4.411568385934885,25.086255567404805,68.0
20564574,BRUNKRISSLA,0.05913978494623651,-0.058911913251433363,13,4.4989475571116335,31.034482758620687,747.0
20564705,FÄRGKLAR,-0.35146443514644354,-0.3585996786356333,3,4.597478103766117,28.631156930126,1015.0
20565205,EKTORP,0.25661350622308454,0.22773857129336045,4,4.402001773018913,124.89697180395308,479.0
20565856,RINNIG,0.5232175115207374,0.4439004224270353,4,4.598895199826293,1.2410493493405697,2340.0
20565861,EKTORP,-0.22772657450076805,-0.2298813106213486,4,4.042784017005715,242.3427853164103,52.0
20566912,REGNSKUR,-0.42633928571428575,-0.3929845028616432,7,4.063526210778295,33.72333103922918,111.0
20567619,PEPPRIG,-0.2923789173789174,-0.27675985594880315,18,4.574950780676923,11.482758620689655,86.0
20567723,SLIBB,-0.21142857142857144,-0.17635492258541696,17,4.111798673783026,5.689655172413793,524.0
20568162,LAGAN,-0.9067796610169492,-0.8961438345878815,11,3.368941988597184,419.5547153959252,53.0
20568727,DANDERYD,-0.3166144200626959,-0.328511730227414,5,4.4967665911261046,171.26436781609195,238.0
20568987,KÖLVATTEN,-0.2855089131684877,-0.2869393676561024,16,3.279559440811268,14.640678763274499,266.0
20569251,FLYGFISK,-0.08268261064837498,-0.09619939833582995,14,4.025215019047385,2.147106420664935,307.0
20569897,STRIMMIG,0.05312499999999998,0.04828854638091168,19,4.561689429270589,4.022988505747126,50.0
20569977,KNARREVIK,0.4312606191206332,0.43272879741945913,8,4.5906626565964155,15.466579909928475,261.0
20570221,GRÅFJÄLLET,0.0037593614505321837,0.022976869725980766,18,4.4950606208,40.819330299489195,145.0
20570344,EKBACKEN,-0.3635545411722483,-0.35338184754981145,4,4.239955488612175,101.02841884683377,97.0
20570928,VALLKRASSING,0.30398735581188996,0.2140160962099864,12,4.589452960285021,18.405147000472923,229.0
20571579,BERGVEN,-0.6710730514240311,-0.6683523723154462,18,3.756410295395851,68.95402298850574,223.0
20572423,ÅSVEIG,0.8118939431356085,0.8038636382344709,4,4.777018078482962,8.740242197741708,252.0
20572593,BEGRIPA,0.0862884160756501,0.05886393342943802,5,4.05121800744,4.586206896551724,142.0
20573941,SKOGSDUVA,0.33999999999999997,0.29243486807543934,19,4.716147043113515,17.229885057471265,56.0
20574016,POKAL,0.8031914893617021,0.7323548291207341,33,4.7978424482581365,1.7126436781609193,2858.0
20574436,BOLMEN,0.6678486997635934,0.46165151714546476,5,4.694924978329954,1.136756783472545,850.0
20574587,EKET,-0.6632623549890262,-0.6604746123210715,20,3.126602923871756,91.88386418198368,899.0
20574592,EKET,-0.5121527777777778,-0.5104114611488352,9,3.756177195001653,65.3819683413627,224.0
20575266,SLÅNHÖSTMAL,-0.20918367346938777,-0.19728256719453965,3,4.3073164429068065,34.47126436781609,364.0
20575638,PEPPRIG,0.4555335968379447,0.4451980443699168,18,4.674087536414119,1.643971492514612,152.0
20575997,HÄGERNÄS,0.05769230769230771,0.0428817057146571,5,4.687520909887819,199.96923550223042,335.0
20576039,SLÅNHÖSTMAL,-0.2630708294501398,-0.33660028498455097,4,4.401467376387021,14.394171350679134,660.0
20576119,VAGGSÅNG,-0.05208333333333326,-0.08268598426201283,15,4.588771039613793,4.460852176588217,214.0
20576435,ÄRENDE,-0.7426900584795322,-0.73674350726582,5,4.246886542759185,69.65531391054576,80.0
20576652,VARDAGEN,-0.5836539682539683,-0.5845217611139668,14,4.408576561986208,17.975710382389856,98.0
20578585,HARVMATTA,-0.556083507931757,-0.5410401533577964,18,4.495291702867837,25.10235247860549,153.0
20578854,GÅNGLÅT,-0.17307692307692307,-0.19613048083899295,14,4.4953993210880006,2.8620689655172415,157.0
20578972,AURTIENDE,0.014287411531085037,0.00014060017548042647,4,4.649941831709092,9.861086420490246,70.0
20579066,GRÖNFISK,-0.5470224955324292,-0.5627327117132173,14,4.33327239512381,11.817367619835675,66.0
20579090,PILTANDVINGE,-0.10804597701149427,-0.09591475692633994,9,4.303648669961358,21.827586206896548,748.0
20579165,TORKIS,-0.019112874143526803,0.02363003050747801,24,4.593487202976,8.14662885350167,382.0
20579250,BLÅNEPETA,-0.19047619047619047,-0.19328334999109234,3,4.411568385934885,63.89088298636037,68.0
20579448,RODGERSIA,0.5509065491824112,0.5534087484474148,4,4.694871805809546,19.47321967645928,841.0
20579542,RODGERSIA,0.9232736572890025,0.9119263835932186,11,4.776042012318148,4.586206896551724,241.0
20579684,GULVIAL,0.10902255639097747,0.11712788916736287,3,4.597127763164719,14.93103448275862,915.0
20580319,IKEA 365+,0.3547619047619047,0.3362077824521422,26,4.696461751960161,4.586206896551724,1227.0
20580908,HEMLAGAD,-0.9171974522292994,-0.9185475219131625,15,3.4587395510717562,31.400966183574877,113.0
20581333,VARDAGEN,-0.9334600760456273,-0.9406207220248614,9,3.309683889273787,34.47126436781609,188.0
20581489,POKAL,0.2753968253968254,0.27477009785383016,14,4.4094750589561915,0.5763170427715909,87.0
20581903,FINTSEN,0.630287356321839,0.6250448548285632,4,4.599026487739312,2.269538819650275,2658.0
20582035,SKÅLBODA,0.6122835497835497,0.561894580307249,4,4.671018955200001,82.91284512382983,134.0
20582733,IKEA 365+,-0.7974760402073313,-0.7475874200313157,6,3.8228140835404254,16.12560176127089,499.0
20583619,PUCKELFLY,-0.15579710144927536,-0.15811743306471931,13,2.822888818260551,6.740306582506762,91.0
20583704,VECKLARFLY,-0.5316397494108857,-0.5241105643259705,8,4.16525388969796,56.95584327841098,80.0
20584015,SOLHETTA,0.43111052998605304,0.42511218759574254,18,4.4907457608091965,3.4367816091954024,69.0
20584096,SOLHETTA,0.48284097589653147,0.47627190760569227,18,4.495762532581053,3.283537282233985,172.0
20584299,EKTORP,0.8761061946902655,0.8838602400549304,3,4.657643088369231,33.33333333333333,86.0
20584534,NÄSSELKLOCKA,0.1741854636591479,0.1542248127966691,13,4.597002164776065,40.2183908045977,851.0
20585312,ÄNGSNEJLIKA,0.12892263299240042,0.12964342485003472,6,4.587353792186408,39.69485511431766,188.0
20585883,ÄLGANÄS,-0.5341622404635442,-0.5311922847845726,14,4.412132697443904,22.97701149425287,64.0
20586000,HAUGA,0.07813590152496758,0.09406597466448689,8,4.6650387396063495,148.2758620689655,108.0
20586019,MAJGULL,0.06807081807081805,-0.08253236295832643,6,4.596694011662944,51.74389230597748,770.0
20586236,KUGGIS,0.8648325358851675,0.8672712749790185,3,4.7901192375643316,7.99,610.0
20586241,KUGGIS,0.16285644451686493,0.1667692043547511,4,4.498114475855737,2.8477196832274507,409.0
20586420,SKÅDIS,0.6102393617021277,0.4578392060843033,22,4.755358857484893,10.344827586206897,121.0
20587071,JAKOBSLILJA,0.2805379433326729,0.2911078629656943,18,4.659953465367273,34.03269216212538,92.0
20587882,SANDVIVA,0.07016839050234713,0.10221769248281833,12,4.585364501069662,4.536115170548179,160.0
20588136,SVARTHÖ,0.6716101694915255,0.6764700219606629,9,4.787045680982046,17.229885057471265,461.0
20589664,EKBACKEN,-0.42665036674816625,-0.38834880059956195,7,4.239955488612175,104.49485402226422,97.0
20589678,EKBACKEN,-0.4012345679012346,-0.42849929144211507,17,4.304581772443279,91.71738098321032,592.0
20589777,VIHALS,0.1306122448979592,0.10405608543169717,19,4.673463139701205,125.28735632183907,148.0
20590422,ALMTJÄRN,0.17931034482758623,0.10449088750253654,5,4.5980802366915245,15.873015873015873,1339.0
20591049,SKUBB,0.6735436893203883,0.5282168362488255,29,4.7966036569186645,11.482758620689655,1809.0
20591134,SANELA,0.7051106071456991,0.7096347161161348,18,4.64047136743784,6.885057471264368,56.0
20591841,SKÅDIS,-0.21670428893905191,-0.21319649381165173,17,4.2574360148800015,4.614674665436087,62.0
20592044,ÄNGSLILJA,0.4593023255813954,0.42498183718169624,3,4.407424486495524,5.383787109675435,116.0
20592100,LILJETRÄD,-0.24316939890710376,-0.2382321804358389,11,4.591959509846913,17.229885057471265,306.0
20592732,NATTBAD,-0.7847222222222221,-0.6756756883007157,6,4.036916180690412,45.96551724137931,55.0
20593072,NYMÅNE,-0.37755102040816324,-0.3728954787977873,5,4.245948811904,34.47126436781609,82.0
20593454,PLOGSVÄNG,0.888251819102883,0.9003966884290076,20,4.7780737851250885,0.5747126436781609,265.0
20593604,RÅDMANSÖ,-0.6070601851851852,-0.6044798767279463,19,4.2596737816935075,171.26436781609195,59.0
20593717,EKOLN,0.24517188448220467,0.25748763466103824,6,4.4981948008753365,3.2046215702460437,428.0
20594019,TONSTAD,-0.362751102400784,-0.3743843347070958,6,4.246412941317173,68.24431785640334,81.0
20595434,VÄLVÅRDAD,-0.013548263665013577,-0.03192285987920936,14,4.405436509237159,3.20223026775448,165.0
20595523,EKET,-0.3888048411497731,-0.49636706021884597,5,4.109645371327903,22.988505747126435,645.0
20595900,BARNDRÖM,0.5979505813953488,0.5718928868186528,18,4.645615817165433,11.482758620689655,63.0
20596495,KONCIS,-0.27388535031847133,-0.2834930451393239,7,2.7138592555746848,3.4367816091954024,61.0
20596891,FJÄDERHARV,-0.1421095834188385,-0.13951927248083093,8,4.2230898552281415,4.523529536569971,181.0
20597065,DVÄRGHARE,0.6884057971014492,0.6888689943188806,19,4.823760773241906,4.022988505747126,87.0
20597292,IVÖSJÖN,-0.26,-0.3014963656057441,19,4.087179587131915,22.919550838332565,76.0
20597414,NATTJASMIN,0.2430232558139535,0.1690136057659167,3,4.4997441630728945,17.879529580323563,3129.0
20599045,VIPPÄRT,0.25291647604731715,0.24136004780417455,4,4.4916133457333345,8.716093650185256,78.0
20599154,KUGGIS,0.2520775623268698,0.24994273814973197,5,4.646926279402411,1.0,409.0
20600162,RUNDHAGTORN,-0.6214285714285714,-0.6160479943055756,5,4.031511594610527,114.9310344827586,58.0
20600416,FÄRGKLAR,0.40949033391915635,0.4139564764436137,11,4.659586065966973,2.8620689655172415,91.0
20600609,FÄRGKLAR,-0.6452862194189602,-0.6400156542938349,14,4.49385405488855,45.51431858462112,113.0
20601915,BLODFLÄDER,-0.81336523902228,-0.81068620642205,14,4.334083916956098,68.95402298850574,64.0
20602137,BENGTA,0.024034240561896403,0.03828717322278622,22,4.123597347566052,14.497918755737054,253.0
20602439,VIHALS,-0.7172413793103448,-0.6911577796040814,11,3.707167243257832,114.9310344827586,65.0
20602694,DAGGKÅPOR,0.6419491525423728,0.6325074130855918,13,4.582973079675817,5.837979665464086,135.0
20602726,HEAT,0.261640625,0.25928316852984806,14,4.734682959898947,6.885057471264368,77.0
20603047,SANDLÖPARE,-0.07692307692307687,-0.07232967168772177,13,4.785641159862859,22.903780068728523,52.0
20603288,STRÅLFENA,0.16875,0.15799837358067945,9,4.341101193976472,1.0919540229885056,50.0
20603844,PAX,-0.5924209325703681,-0.6004632800453791,4,3.8824816866461545,77.90557712630462,125.0
20604320,EKBACKEN,-0.3876543209876544,-0.3989046289755951,15,4.304581772443279,86.20689655172413,592.0
20604396,POLLY,-0.6569293478260869,-0.6793238066091004,6,4.320550596988236,6.8769798949322585,118.0
20605254,SANDSBERG,0.2056962025316456,0.2018600634624652,3,4.489936014880001,17.241379310344826,62.0
20606102,DJUNGELSKOG,0.5363740736875064,0.5370413006777224,18,4.717265082538668,2.293103448275862,57.0
20606507,LÄKEVÄNDEROT,-0.675,-0.6699363754378153,5,3.5236008730150545,58.97015414890128,75.0
20607248,SKOGSFRÄKEN,-0.5862331583118685,-0.5850827780914426,4,3.9661250871887335,53.70700974912626,53.0
20607333,FÖRSÄSONG,-0.0622568093385214,-0.05707836033310745,13,4.496389601750673,6.99,205.0
20608078,BJORLI,0.169811320754717,0.20942298916196572,9,4.494123220367884,20.64693737095664,119.0
20608083,BRYNILEN,0.3808204798770837,0.37675749010621457,4,4.59210570057697,16.946676529498987,312.0
20608262,OFTAST,0.8805836651597257,0.823865384619869,30,4.7975522213768835,1.1379310344827585,2517.0
20608403,FEJKA,0.3940463606161281,0.3849836971180748,14,4.661016647702656,4.04829943951148,95.0
20609006,EKBACKEN,-0.43112821367711346,-0.39117962257723027,8,4.239955488612175,103.9715649421666,97.0
20609030,EKBACKEN,-0.3144208037825059,-0.32994799899059923,11,4.304581772443279,73.45479478891174,592.0
20609134,VÅGSJÖN,0.027490601503759413,0.037142723463516304,6,4.44937890424321,6.468241928094381,3816.0
20609493,OFTAST,0.8205916876793322,0.8080143203178463,8,4.817145279156653,1.1915335245667087,3701.0
20609902,GULLABERG,-0.9251870429719238,-0.9158814944497413,6,3.6999404789581405,348.1004837690673,68.0
20609916,KILBERGET,-0.7916073968705548,-0.7883473715148729,7,3.899924723388237,175.58496957530895,50.0
20610199,KUGGIS,0.46285714285714286,0.36691816295879853,7,4.7901192375643316,7.471264367816092,610.0
20610279,TOFTBO,0.6826923076923077,0.5505630097253973,9,4.796022359737436,8.034482758620689,1542.0
20611108,FRAKTA,0.9393939393939393,0.9104254250504219,5,4.799305371229195,0.8620689655172413,8915.0
20611392,SKOGSSALLAT,0.6167664670658682,0.6000377985984104,19,4.644239002410128,3.4411562284927735,61.0
20612023,BROKGLIM,0.12499999999999994,0.1440667641325536,3,4.586288848370526,9.99,172.0
20612042,BROKGLIM,0.3838269573563691,0.3760361741645164,4,4.586288848370526,2.6804703958102087,172.0
20612103,BROKGLIM,0.15289256198347106,0.1958055895039008,5,4.586288848370526,7.171572146446518,172.0
20614201,PROFETBLOMMA,0.4556960930200368,0.45563317955057636,4,4.411435415981611,4.586206896551724,69.0
20614376,GULVIAL,0.26548423423423423,0.2707862450922381,10,4.597127763164719,10.365154379332072,915.0
20614381,GULVIAL,0.15825342322348313,0.17670471702010326,8,4.597127763164719,15.289503798825223,915.0
20615408,DVALA,0.05363784076548114,0.01651291118660929,4,4.400209853460586,15.511494252873563,9126.0
20615446,DVALA,-0.04591836734693877,-0.04851187535274975,5,4.302716113887657,16.080459770114942,1011.0
20616295,VECKLARFLY,-0.6209162367968559,-0.6168775781973208,6,4.16525388969796,91.94252873563217,80.0
20616318,VECKLARFLY,-0.5969977663907502,-0.5978132291869362,4,4.16525388969796,72.28405433266416,80.0
20617723,TORNTUSS,-0.01630952380952383,-0.03993950003542057,10,4.489936014880001,33.601653830349505,62.0
20617742,BLÅSENAP,-0.07097457627118653,-0.10102199969352547,9,4.492106678337255,47.15395925225793,84.0
20618044,VÅRVIAL,0.2042606516290727,0.22821235661881412,5,4.499122007841221,20.678160919540225,899.0
20618124,GROVSNÄRJA,0.29047619047619055,0.27829882797448957,11,4.645615817165433,30.672958555601152,63.0
20621598,HUMLEMOTT,0.35933458191957535,0.38677091489129206,6,4.683057235347693,26.90519674921964,242.0
20635944,ROCKÅN,-0.6321593408295387,-0.6285788417160288,10,4.301842373889519,29.003637946581264,1499.0
24524485,TRENSUM,-0.29508196721311475,-0.24705779255396834,31,4.20327971533933,6.613756613756614,1383.0
27150010,JUBLA,0.12072895671369616,0.11386637324273846,4,4.698900644170302,15.991679678884577,3989.0
27470460,FAMNIG HJÄRTA,0.7972972972972974,0.7810022181901718,19,4.863279271515597,10.32346868547832,200.0
29002433,MALM,-0.7226462485820775,-0.7373568525297619,8,4.105031377805193,226.86261112608804,1253.0
29011507,MALM,-0.4002866987558852,-0.5002509109279915,8,4.401403217475882,246.36121261069968,691.0
29018735,BRIMNES,-0.548314606741573,-0.41825379671835217,3,4.301536493232765,386.7334167709637,1801.0
29019056,HEMNES,-0.6972318339100345,-0.6854038085822564,3,4.2126930419624316,329.94761722243516,344.0
29019792,HEMNES,-0.6567796610169492,-0.660161747959675,3,4.2126930419624316,493.10344827586204,344.0
29059448,BESTÅ,-0.9310725200205224,-0.9320884811870145,4,3.8359488119040006,402.2988505747126,82.0
29067293,ANTILOP,0.5754716981132075,0.5805590772366819,3,4.680334291028572,29.8191152766999,206.0
29123958,MINNEN,-0.005720823798627039,-0.14856234588677256,9,4.590206320264661,142.85714285714286,248.0
29157477,LÅNGUDDEN,-0.5106382978723405,-0.5686676859121025,15,4.212834863660336,119.36600799952242,340.0
29158189,VATTUDALEN,-0.476010101010101,-0.46156676045727885,5,4.236467311034922,130.59529303184127,108.0
29171949,TYSSEDAL,-0.4380787037037038,-0.4373533979087165,3,4.404737529478096,151.41087405368202,192.0
29177574,LÅNGFJÄLL,-0.3177966101694915,-0.3203256460127813,3,4.402051301423506,171.26436781609195,467.0
29184329,BRIMNES,-0.4340455032457301,-0.4332982287053763,8,4.489543911563637,210.46664704103878,59.0
29197572,KALLAX,0.07953281423804237,-0.01874912821765722,5,4.6945004758931335,144.3492233529727,783.0
29207571,SOCKERBIT,0.044629349470499236,0.04422263308971173,5,4.407055894967376,18.185810175020386,123.0
29209829,BESTÅ,-0.7420349192903195,-0.7527900537402691,4,3.9900439746882888,197.96337187431973,93.0
29213464,HJÄLPA,0.1985645933014354,0.17079354220317616,19,4.495892250971429,13.84402399630826,178.0
29239831,NORDLI,-0.45025839793281647,-0.45299836498868074,5,4.329732778621278,132.84776364382438,76.0
29240797,POÄNG,0.38429063196865054,0.31951649785653957,8,4.59909260926172,82.12836173195714,2853.0
29241061,SONGESAND,-0.4060911316136321,-0.4637957253794972,4,4.635218841035296,214.72087671375766,765.0
29241320,SONGESAND,-0.30727762803234504,-0.3105292546620133,3,4.402810398842939,343.67816091954023,336.0
29252865,LÅNGFJÄLL,-0.6065573770491803,-0.5830036562184381,3,4.311046961226878,240.2183908045977,235.0
29253445,FRÖSÖN/DUVHOLMEN,0.4256756756756757,0.3499018421406481,3,4.736682461126532,15.382248884786955,80.0
29269074,IKEA 365+,0.21099982562448233,0.19332106034659927,28,4.697272372254118,6.865978632781758,1770.0
29269111,IKEA 365+,-0.2769683590875644,-0.2355759749923675,6,4.40104834688135,7.296836284263694,931.0
29272712,TULLSTA,-0.5321712601124367,-0.36830056771644754,16,4.3164404775905885,184.28675030393669,152.0
29278262,KALLAX,-0.2398325358851675,-0.24428433146448966,15,4.583511906268354,194.20689655172413,140.0
29281066,BILLY / OXBERG,-0.024180209981303047,-0.052812159834533925,14,4.591884365079127,117.92261402755014,303.0
29286257,EKET,-0.1435850287941724,-0.13824701019769048,6,4.306036460454427,23.538299673287923,445.0
29286610,POÄNG,0.1951745545432556,0.2737696990681893,10,4.59909260926172,91.37356321839079,2853.0
29287346,BILLY,-0.24986335997813763,-0.24767591457790453,6,4.578290676586667,215.50574712643677,102.0
29290612,BERGSHULT / RAMSHULT,0.07113821138211385,0.06981645855661779,3,4.494771955781818,29.072450392247347,136.0
29291956,SLÄKT,-0.46244131455399057,-0.5032538684646345,23,4.4014738980598525,362.4155157214223,657.0
29301762,BESTÅ,-0.9119676994802471,-0.918365581106874,14,3.7233101453298714,339.4534616749596,59.0
29303898,SKÅDIS,0.399637516304183,0.31874122020779033,14,4.659211862874075,21.89412540106758,90.0
29305661,SÖDERHAMN,-0.1685185185185185,-0.1011513823885186,6,4.321014144288722,332.9392720146076,115.0
29305760,SÖDERHAMN,-0.4129032258064516,-0.41023620294307533,3,4.324954296342858,919.5402298850574,94.0
29305816,SÖDERHAMN,-0.8938723518369536,-0.8878997068053033,8,3.5944773691780223,933.5468584569271,164.0
29326041,BERGSHULT / SANDSHULT,0.26569037656903766,0.25771756085621633,13,4.573948811904,20.04581901489118,82.0
29331900,ELDBERGET / MALSKÄR,0.07,0.07487903356876503,15,4.4063368228687905,66.27592425608657,139.0
29332075,KOMPLEMENT,0.004575163398692905,0.02055859761912813,5,4.568986680838096,59.770114942528735,66.0
29336356,EKET,-0.09023252623636738,-0.09405076747548216,4,4.412754887056412,41.95402298850574,60.0
29390107,GRILLSKÄR,-0.7802660908331012,-0.77771701254842,18,4.145034374580282,249.4252873563218,124.0
29392413,VIMLE,-0.0895820954644484,-0.08085594437404392,4,4.339926874148572,435.2600932802059,52.0
29406368,SKÅDIS,0.07482514961424763,0.07509573831266655,14,4.798669382156963,33.33333333333333,61.0
29406797,GLADSTAD,-0.8312020460358056,-0.8143384569760048,7,3.9876743964070176,343.42739160357877,96.0
29412487,BESTÅ,-0.8958068614993647,-0.8703686825146079,3,3.6058070763294134,258.43503230437904,50.0
29416758,LAGKAPTEN / ADILS,0.2586206896551724,0.13488699899676526,17,4.497847275910161,46.47013188518231,356.0
29420393,SANDSBERG,0.5265306122448979,0.41204938062379126,25,4.695784575301818,51.58730158730159,1027.0
29424942,TROTTEN,0.5619047619047619,0.5094383421823239,21,4.785833062078539,81.48798695188508,420.0
29425729,VRESJÖN,-0.8123456790123457,-0.8432569657582777,3,3.8446263956425537,373.5632183908046,76.0
29428266,VIDGA,-0.3382352941176471,-0.31404598959138147,19,4.250493199894507,48.68270332187858,73.0
29429237,POÄNG,-0.28,-0.1945074298293891,3,4.401786142173071,148.2758620689655,539.0
29429256,POÄNG,-0.4306071016600632,-0.3423834061209112,8,4.401786142173071,116.52234072323623,539.0
29434130,TROTTEN,0.06267241379310351,0.048260240854397174,4,4.688617264057882,318.9859541194919,369.0
29440471,KIVIK,-0.7987267080745342,-0.7843429577668708,4,3.9892400106285724,1089.9672496855494,95.0
29440819,SAMLA,0.5201502732240437,0.44483864088210495,36,4.699299328963003,27.017193442265942,6269.0
29442615,KALLAX,0.15006756153124579,0.15303547568642012,12,4.6729747312294485,88.07064975176974,145.0
29444214,FÖRNUFTIG,-0.4827586206896552,-0.46374470898305054,11,4.496903389193847,91.94252873563217,242.0
29481659,KALLAX / LAGKAPTEN,-0.3470588235294118,-0.3395639952293383,17,4.488660298456339,127.31903222646685,53.0
29481701,KALLAX / LINNMON,-0.3491664958666393,-0.34742320871284205,18,4.413444340410813,121.25862068965516,56.0
29483328,BILLY / OXBERG,0.006674082313681828,-0.05672849839203683,3,4.694126508253867,229.8735632183908,732.0
29483535,BILLY,-0.3166512648723577,-0.31245324721477163,4,4.5812581380604325,286.92787693898714,121.0
29487840,BILLY,-0.05206250833000131,-0.05371958125456582,12,4.566167288187014,81.82140895287253,59.0
29489603,HYLTARP,-0.5179512516469038,-0.5105365179181776,16,4.258908733210258,1140.2924035131448,61.0
29501054,UPPDATERA,-0.0896828258891007,-0.06399723268116968,12,4.332880955181177,36.490780616156805,67.0
29501695,BJÖRKSNÄS,-0.4729022191400832,-0.4731680866241823,4,4.406377443528206,535.346826594658,138.0
29502001,POÄNG,-0.27913232600732607,-0.3809872100349463,4,4.594648423622342,249.05546194555853,480.0
29502039,POÄNG,0.053254437869822424,-0.06597951498171557,9,4.401786142173071,228.73563218390802,539.0
29502119,POÄNG,0.05336518684934974,-0.0336713786039828,6,4.401786142173071,160.8784043459106,539.0
29509031,EKTORP,-0.5523809523809524,-0.5660658417295586,3,3.915636090101961,653.5166816952209,84.0
29516753,ORRSJÖN,-0.48148148148148145,-0.49586048654235615,5,4.321334970919084,102.29885057471263,113.0
29533012,EKET,-0.0482885085574572,-0.06407428581908674,3,4.412754887056412,40.229885057471265,60.0
29535596,EKHOLMA,-0.42407407407407405,-0.40917323417323415,4,4.187105961359229,674.9712245861379,58.0
29561284,KUGGIS,0.7393360853113176,0.610450625061435,8,4.694271627035631,7.728532563193984,751.0
29563122,IKEA 365+,-0.40800000000000003,-0.2927714224900362,23,4.334083916956098,7.867448151487826,530.0
29563216,LYCKSELE MURBO,-0.3792372881355932,-0.3894090789551418,3,4.493454318621139,470.1149425287356,105.0
29568836,EKET,-0.5813008130081301,-0.5855421079801281,3,3.6457193321220345,72.46376811594203,100.0
29570373,BILLY,-0.06597222222222221,-0.0704808788770708,7,4.566167288187014,79.745326008262,59.0
29580536,IKEA 365+,-0.4281725474966017,-0.41699466842171334,16,4.497744765239216,14.925287356321839,339.0
29580763,RÅSKOG / NORRÅVA,0.30199855703458117,0.30301733170501094,14,4.678922876509092,42.82094517091076,191.0
29581913,BILLY / OXBERG,-0.3072916666666667,-0.30845094739479023,8,4.57734679296,277.05172413793105,97.0
29586736,METOD / KNIVSHULT,0.056895146393953044,0.03825766969362529,4,4.735363345733334,271.0618757620896,78.0
29586883,METOD / KNIVSHULT,0.023316062176165775,0.017763244320430787,3,4.735363345733334,372.2205896757763,78.0
29588981,METOD / KNIVSHULT,0.042959427207637235,0.04132986198600105,3,4.735363345733334,314.42844548927417,78.0
29597872,STRANDMON,0.4813664596273292,0.46041846632883526,11,4.488498302720001,78.89990982867448,52.0
29600167,KUGGIS,0.4714225463252701,0.5062871516986513,4,4.694271627035631,5.670711660426978,751.0
29612189,BESTÅ,-0.7712824634392335,-0.7556985438228628,6,3.9900439746882888,202.053223216334,93.0
29902933,BRIMNES,-0.5770114942528735,-0.40956069775580906,5,4.301536493232765,262.0247847090947,1801.0
29904178,BERGSBO,0.08903301886792447,0.07032129016042399,3,4.593661511412165,64.81481481481481,393.0
29929249,RÄCKA / HUGAD,0.1428571428571428,0.10484174151173492,15,4.4965445544652365,29.93068683049779,215.0
29931596,MALM,-0.6207942303242229,-0.48735737367357274,6,4.105031377805193,188.50574712643677,1253.0
29931600,MALM,-0.6021505376344086,-0.4697672612942048,3,4.5812581380604325,283.53531132469703,1253.0
29932181,LINNMON / ADILS,0.1323529411764706,0.13406926970802893,23,4.400662812252099,39.17131942403761,1483.0
30011832,ORDNING,0.15517241379310348,0.13938967670700567,31,4.597678147228521,2.9699719419736135,1104.0
30015123,SVALKA,-0.031332908034104934,-0.08585237127725126,32,4.598952084147386,6.677031598131688,2468.0
30019569,KOPPLA,0.5670995670995671,0.5651916289182123,3,4.717265082538668,5.9990770650669125,57.0
30064849,VESSLA,0.7548899755501223,0.6850727017441273,23,4.6945004758931335,7.988505747126436,783.0
30069762,OMAR,0.10199994325060535,0.03870581764973122,22,4.588722429395671,45.64858722000329,213.0
30083334,GRUNKA,-0.2171875000000001,-0.25144877681995753,23,4.5951306190474766,9.785483397002645,517.0
30090382,DRAGON,-0.03953359744803464,-0.0613600459293485,20,4.5914305302315785,5.735632183908046,286.0
30091452,TROFAST,0.40821661998132586,0.3587542762373068,22,4.692996631463275,40.57493196364477,611.0
30091763,DRAGON,0.3509174311926605,0.27708755587583395,23,4.784902387324574,5.735632183908046,393.0
30101031,SILL DILL,0.20914693255781744,0.12896588413242355,20,4.595297619477256,2.8980952532501627,536.0
30102078,LYCKSELE MURBO,0.20075757575757575,0.048160450660450625,3,4.319963437074286,112.71415689810641,122.0
30102974,SAMLA,0.6387914258756929,0.5753680885937719,36,4.599620411072475,6.885057471264368,6845.0
30111087,LÄMPLIG,0.07086614173228345,-0.00412828577064775,31,4.696009856150725,6.885057471264368,1086.0
30131716,ORDNING,0.17873883928571432,0.1452632195447434,30,4.695784575301818,5.095226346244399,1027.0
30141126,BÄSTIS,0.5934782608695652,0.5921169954467889,18,4.798529592699146,2.9871834919866043,4202.0
30147425,MONTERA,-0.36038500506585613,-0.38201752773545855,12,3.7715520062652637,7.930455210243835,172.0
30148514,KNÄCKEBRÖD RÅG,0.25,0.17951205818723545,19,4.597895703707916,2.8735632183908044,1220.0
30152346,STABIL,-0.27325581395348836,-0.3226823396501338,5,4.494523001295239,6.973723435969506,129.0
30152638,TJUSIG,-0.17543859649122806,-0.2889187630131676,17,4.691827237830056,34.358533791523485,521.0
30158678,IKEA 365+ HJÄLTE,-0.2464619824840764,-0.26353878041575857,14,4.404605931437037,5.735632183908046,198.0
30160407,BERGSBO,-0.2391602474323063,-0.22289221736987128,14,4.401760851664425,54.02298850574712,547.0
30167507,MARTORP,-0.5674537221337579,-0.5543013796755945,24,4.4982759768531055,34.509333308707184,449.0
30171123,TROFAST,0.3411497730711044,0.2841170058073851,23,4.692217104576679,56.32183908045977,548.0
30175140,IKEA 365+ VÄRDEFULL,0.3054635761589404,0.31532248804188934,21,4.694817507282824,4.586206896551724,1374.0
30178879,BEKVÄM,0.5048543689320388,0.3049816906266282,3,4.5992694563068985,29.99,3548.0
30179435,MULIG,0.19410569105691056,0.18680907671314323,28,4.596406732676414,5.735632183908046,707.0
30180504,NORBERG,0.14705882352941174,0.11685974777160739,19,4.498887957445304,47.48795595320027,706.0
30193323,MÅLA,0.38924216943451756,0.35997874093643145,24,4.787152963127122,7.907466704496708,465.0
30197260,ENUDDEN,-0.29308194343727334,-0.2882455960196317,26,4.108832708826519,6.132968053893471,706.0
30199283,ÖNSKLIG,-0.13805970149253727,-0.1451312714452708,25,4.69064730613673,12.724066999706142,453.0
30200253,SIGNUM,-0.2182275803722504,-0.20919398135084166,20,4.497870056059259,13.206896551724137,360.0
30201648,SILL MATJES,-0.15816326530612243,-0.17962150892572934,15,4.4022610936145465,2.7471264367816093,422.0
30204798,DJUPVIK,0.12380934054303692,0.2419729671802398,16,4.407480309702256,29.692918013517485,115.0
30205095,RINGHULT,0.17708333333333331,0.18420611711661578,5,4.587994844195392,34.48275862068965,199.0
30205104,RINGHULT,0.11980440097799516,0.14784036513751214,7,4.575878529540741,39.224734656206735,90.0
30205439,VEDDINGE,0.14668583646685834,0.1642919412743982,6,4.4958499030432995,24.56916442563213,176.0
30205528,METOD,0.2802815290882117,0.24539941198079068,18,4.596607918216667,34.414267919502024,750.0
30212675,TÅNUM,0.6044776119402985,0.5181072908186167,19,4.693813035379775,5.9990770650669125,694.0
30213076,MICKE,0.5,0.483007971440385,30,4.599343798788513,60.7770442024299,3952.0
30213552,KORKEN,0.3443708609271523,0.2882108267040385,33,4.598494150977109,2.625498844780508,1712.0
30214504,KOMPLEMENT,-0.15302857577139384,-0.1447922884769237,26,4.203586948626386,18.1688409205304,1263.0
30217135,HUGAD,0.7615384615384615,0.7064924216035006,11,4.598375861091271,5.747126436781609,1586.0
30217140,HUGAD,0.7008547008547008,0.6592463565720761,13,4.597518934467047,9.183908045977011,1032.0
30217159,RÄCKA,0.6865258924082454,0.6729721683638878,10,4.498736077221978,4.06372570959651,619.0
30217654,HEMNES,0.17647058823529416,0.1432945505151165,17,4.781366009580781,136.7816091954023,315.0
30219889,BETYDLIG,0.8088235294117647,0.7925884123168082,19,4.499603389748965,2.408809359944941,2012.0
30221316,KRAMIG,0.7327586206896551,0.7191517073891542,31,4.79787495931178,4.0034364261168385,2902.0
30224046,SKUBB,-0.2953890489913545,-0.3169414711359816,7,4.498495105028786,9.868366859421078,517.0
30231315,RANARP,0.1972470238095238,0.19127130828469102,14,4.69200522902069,43.98979715820927,533.0
30237176,ROSTAD LÖK,0.5192307692307692,0.5252042126863737,23,4.5989172407275145,1.7126436781609193,2388.0
30238543,BUMERANG,0.09722222222222218,0.06695494519821013,20,4.599741453075665,5.735727075442895,10058.0
30238859,MAXIMERA,0.5169796965590777,0.49317725124432527,16,4.585686160386813,9.195402298850574,164.0
30240348,BEKVÄM,0.21602425056236513,0.2091427938263473,16,4.691362512138039,80.44827586206895,492.0
30244346,CAPITA,0.38745980707395494,0.3783954850661288,21,4.59375271268681,13.793103448275861,399.0
30245850,BESTÅ,-0.42513020833333337,-0.43468011967353787,7,4.101419822644405,40.229885057471265,4486.0
30246374,KOMPLEMENT,0.48155737704918034,0.4725713521141375,3,4.695629842450794,29.305680793507666,990.0
30248537,SNIGLAR,-0.2862633793668276,-0.25761892057525687,20,4.4016336308545165,80.44827586206895,591.0
30249546,HEMNES,-0.31377551020408156,-0.3238833907078486,11,4.495994433783085,228.73563218390802,183.0
30250257,KRILLE,0.33611034292035397,0.33098352402161113,10,4.405717707990806,12.295155574757278,156.0
30253067,RÅGRUND,0.2571428571428571,0.2840077122618987,21,4.694134329148336,67.40306582506763,733.0
30253072,RÅGRUND,-0.2258883248730964,-0.08207568893862872,11,4.585993984894624,20.678160919540225,168.0
30256891,KOMPLEMENT,0.3382580485110127,0.25617423554254065,24,4.499643121095035,9.195402298850574,2238.0
30258060,RINGBLOMMA,0.49967484206614643,0.47347320793018594,12,4.499446653739107,17.235632183908045,1437.0
30258913,OFTAST,0.9353375471161368,0.8079307769332069,34,4.798084248592282,0.7453767170024377,3221.0
30261270,TARVA,-0.5206611570247934,-0.5201836040837781,6,4.213318496204058,85.62643678160919,327.0
30263245,KOMPLEMENT,0.8045241352354896,0.7101743078164601,24,4.694337893560926,5.747126436781609,760.0
30263434,ÅSUNDEN,-0.3294510198942332,-0.380653166824341,10,4.5917297815568245,22.954022988505745,297.0
30263844,BILLY,0.24686192468619245,0.17447572336866718,19,4.597821807015385,45.96551724137931,1178.0
30264301,OLOV,0.04310344827586207,0.058748875735405125,7,4.104688329318475,10.0,1346.0
30269129,BESTÅ BURS,-0.37057581403785034,-0.34070399483413294,8,4.563817794311112,286.2068965517241,76.0
30270401,BILLINGEN,0.5657492354740061,0.5380249393828936,9,4.681413000803376,1.872749099639856,219.0
30271491,DRAGAN,-0.11931818181818188,-0.07009149810610159,23,4.4028344193458695,6.885057471264368,333.0
30275861,KALLAX,-0.03169856459330145,-0.1322952021637015,31,4.598885272225245,134.29049011999282,2319.0
30277959,KOMPLEMENT,0.33259176863181317,0.3117850156818835,7,4.499813067376458,12.54626434978985,4289.0
30279675,IKEA 365+,0.2007936507936508,0.157221142978316,7,4.49829423981017,2.2317403065825068,454.0
30279703,IKEA 365+,0.08777429467084641,0.0981633509393041,5,4.693295100746423,6.8390804597701145,639.0
30280004,SKRUVSTA,-0.2473366477272727,-0.298996813372919,10,4.401594360882052,148.2758620689655,606.0
30282946,IKEA 365+,0.6253968253968254,0.5104048905283618,29,4.698003119306619,1.8458698661744348,2188.0
30283521,IKEA 365+,-0.29177118171683386,-0.27125241232445213,20,4.589235046241323,13.525365017730284,224.0
30286770,LOMVIKEN,-0.7421875,-0.708483141040292,6,4.453230069346667,34.47126436781609,1017.0
30287939,KÖGE,0.1102140872691616,0.08108787429424026,22,4.695504980806532,28.749568793034456,962.0
30288241,POKAL,0.38524343818873974,0.39236692502338605,6,4.795810183113031,5.081206896551724,1463.0
30290362,SKUBB,0.023720411044354683,0.020802492871203657,4,4.596585689633551,6.285788955373064,745.0
30290611,RINGBLOMMA,0.4008620689655173,0.3830894294099494,13,4.499446653739107,22.93103448275862,1437.0
30291658,GLASSVIK,-0.15188024727284594,-0.1723434255232154,4,4.403932336720949,46.198221650624085,235.0
30291743,VÄRDERA,0.6039755351681958,0.6012696944218421,5,4.693957313018382,1.9953791220331862,711.0
30292083,GRIMAR,-0.0625,-0.02159234508681329,5,4.648175072828236,11.482758620689655,396.0
30292399,LANDSKRONA,0.7101449275362319,0.7185161107850694,5,4.495717453140426,22.988505747126435,170.0
30293898,HYVLA,-0.7460191082802548,-0.7479659498406505,5,4.0795619533048555,17.229885057471265,90.0
30295656,FISKBO,-0.046875,-0.022274168853893273,3,4.675796050496704,2.3529411764705883,3615.0
30298396,IKORNNES,-0.4545454545454546,-0.4468734585626515,23,4.594747744335484,137.12410618082086,478.0
30299070,LISABO,-0.15197956577266925,-0.1484981079827466,20,4.497892359137173,183.67280365354932,365.0
30301964,VÅFFLOR,-0.1384615384615384,-0.13376318790016806,13,4.593144424185263,5.172413793103448,362.0
30308994,OPLEV,0.15202702702702708,0.12088553592115878,25,4.59570820624448,11.482758620689655,589.0
30309781,BEGÄRLIG,0.05186277912761772,0.06147619632484243,14,4.773595239108085,25.928454525301976,217.0
30316296,RIKTIG,0.49972891950503884,0.48354922997934624,16,4.31087502408716,5.0085506713544135,239.0
30318163,IVAR,0.08897001423520227,0.1156942211051222,14,4.40069426461298,11.418429642560369,1415.0
30319129,ODNES,0.5073033707865169,0.539096753556851,4,4.492998966873044,6.41019086296941,97.0
30320316,NISSEDAL,-0.09782608695652173,-0.10636777745768189,23,4.69917599722978,41.75870097307624,5328.0
30320321,NISSEDAL,-0.06658043853165807,-0.05392837271757743,8,4.69917599722978,40.57493196364477,5328.0
30321373,ÅRSTID,0.4668498168498168,0.4229364196118436,26,4.797781509184984,22.97701149425287,2779.0
30323188,HAVERN,-0.29641738864299844,-0.4002071826195815,10,4.213798442013214,14.93103448275862,315.0
30323598,BILLSBRO,-0.11737089201877932,0.019896899986646593,3,4.492106678337255,19.841269841269842,1015.0
30324362,VARDAGEN,-0.2231671673297069,-0.24249524415759321,10,4.14380055609863,3.662202642467679,128.0
30324480,HOPPVALS,-0.18604651162790697,-0.18457265277201163,3,4.300990039387319,34.01149425287356,2805.0
30326177,LENNART,-0.2628299156812852,-0.2813788665744815,34,3.903240882357458,19.759926491641806,3066.0
30326790,KNOXHULT,-0.36524458801063653,-0.40926630268598624,18,4.401792578721442,137.35632183908046,537.0
30328534,BROGRUND,0.5935714285714286,0.5597829009179385,20,4.688587775104663,14.93103448275862,368.0
30330947,PLATSA,-0.29471544715447157,-0.2957690116604057,9,4.3082444872873165,48.97639337839162,321.0
30330971,PLATSA,0.11091353634140921,0.08877891181070341,10,4.582515981143624,45.106853587511736,131.0
30331697,SPILDRA,-0.0035561877667140696,-0.019936824654819864,5,4.328813208148454,16.091954022988503,79.0
30331857,ASKERSUND,0.430246016258878,0.42339321014964104,4,4.673463139701205,23.527620222923638,148.0
30332526,STRÅLA,0.5387755102040817,0.34808772379731917,21,4.594038629726316,7.889990982867448,419.0
30333125,EKLATERA,0.052631578947368474,0.050801530185749705,21,4.689176612261425,8.034482758620689,389.0
30333286,BROR,-0.009779951100244433,-0.00788202296402624,17,4.681334242332204,182.75862068965517,218.0
30333583,SMYCKA,0.14650213960257102,0.1281995650511785,14,4.658442275381133,9.08924888322295,88.0
30333842,BROR,-0.20265452520731297,-0.19524529401788943,10,4.22908152652152,28.211840088262285,140.0
30335191,KARLBY,-0.7957885351502373,-0.8300827943747203,14,3.818118097066667,230.30939537153435,633.0
30336954,ULLVIDE,-0.10872405733434712,-0.07207804092820624,8,4.300772920683185,20.678160919540225,3611.0
30337005,NATTJASMIN,0.05263157894736836,-0.013532103765531565,13,4.4997441630728945,34.27368008619845,3129.0
30339392,UNDERLIG,-0.27380952380952384,-0.29668430352403086,9,4.403553147108572,68.95402298850574,262.0
30340833,NYMÖ,0.3040572232645403,0.2993500402036987,4,4.595715265115789,19.875086802856465,590.0
30341173,VÖRDA,-0.29789829332026785,-0.3344667985387261,4,4.65363032832,28.72413793103448,77.0
30342078,REGISSÖR,-0.5935207823960881,-0.5863276566874077,3,4.488498302720001,599.0,52.0
30342163,AGUNNARYD,-0.4311292790208452,-0.4525335963504614,20,4.49668675386996,102.53325071404976,225.0
30342479,HACKÅS,0.4970006097908988,0.4706419626837937,16,4.59110880952355,8.171276680500329,275.0
30342629,LILLREVET,0.563953488372093,0.5550358918502272,18,4.496529660303448,3.432486328006439,214.0
30342728,ULLVIDE,0.010275502606105769,-0.005467694225853786,16,4.30853169549124,15.289503798825223,3611.0
30343704,NATTJASMIN,0.13548951048951047,0.06577665579496454,12,4.4997441630728945,27.751195907134807,3129.0
30343742,NATTJASMIN,0.04439010109474539,0.047897179200413385,8,4.498442710232882,31.877201164972067,499.0
30346750,MAJGULL,0.0736434108527132,-0.04053118383587834,17,4.596694011662944,41.90296156269691,770.0
30346929,HEMNES,-0.3813775510204082,-0.24951227846130913,7,4.319682261904226,90.17132551848512,124.0
30346934,PAX,-0.34414225941422594,-0.33552701987295636,15,4.498421335667451,189.65517241379308,492.0
30347504,ENERYDA,0.5721605357269495,0.5805865951164851,6,4.594480680488136,6.321839080459769,454.0
30347858,SJÖRAPPORT,-0.6000000000000001,-0.5833801012947855,15,4.4964057196,8.034482758620689,206.0
30348136,EKBACKEN,-0.5176767676767677,-0.46083746605625375,3,4.239955488612175,163.62330734509644,97.0
30349452,KVISTBRO,0.6366893017477482,0.6185134675426417,14,4.696545004855215,34.43797217014342,1257.0
30349490,MONSTERA,-0.38614324417304546,-0.35001197554791724,20,4.498740033161815,21.160519146200713,621.0
30350110,TILLSTÄLLNING,0.06718749999999996,0.0933680124241546,21,4.686569759726829,7.171572146446518,310.0
30351280,ALLEMANSRÄTTEN,0.12763041556145005,0.04593064150864917,20,4.598286106046316,4.010329027925899,1502.0
30352915,VÄXBO,-0.4284699675324675,-0.4273322654486656,6,4.405348823604302,11.482758620689655,168.0
30353608,VÅGSJÖN,-0.08041958041958044,-0.09126110309617205,5,4.400259489095045,4.576174112256586,3898.0
30356065,LERHYTTAN,-0.21520843861269395,-0.21718397046220472,10,4.409753737160785,80.73647662885514,84.0
30357003,KALLRÖR,0.39797821309327586,0.36461931176091944,18,4.594106066041628,14.817723374574834,424.0
30357159,DVALA,0.1910755148741419,0.18359787109848702,9,4.400108801530009,12.632183908045976,9136.0
30357220,DVALA,0.15426997245179064,0.160917073779438,25,4.400108801530009,12.99,9136.0
30357687,DVALA,0.676446091700329,0.7173524400748977,4,4.570129270976441,5.311738121535765,3765.0
30359196,IKEA 365+,0.45871559633027525,0.4766380043297267,5,4.694588306130713,2.520478890989288,796.0
30360232,UNDERLÄTTA,-0.8625756244633908,-0.8562122769156438,18,3.846620083756522,26.287627925167847,235.0
30360982,IDÅSEN,-0.7644906743185078,-0.7464609016418317,8,3.8508400051310345,171.26436781609195,214.0
30362820,DINERA,0.5624795133332048,0.4021383554348583,20,4.695995346536728,2.2407731788924945,1082.0
30363725,LILLABO,-0.13793103448275862,-0.132622065697297,21,4.589323283567213,9.183908045977011,226.0
30365135,GALANT,-0.5594262295081968,-0.5624738336204302,15,4.49385405488855,665.5172413793103,113.0
30365183,GALANT,-0.8677098150782361,-0.8726966129846352,5,4.020420255306025,391.6035788024776,65.0
30367441,SONGESAND,0.33792372881355937,0.2646678632886054,21,4.6935878911068425,51.54066437571591,669.0
30368068,BITTERGURKA,-0.6206467661691543,-0.4867766467440153,5,4.331403159442697,14.93103448275862,91.0
30372094,GOTTFINNANDE,0.8418259023354565,0.82290966112369,6,4.788358126060788,1.1379310344827585,515.0
30372188,KALLAX,0.39084967320261443,0.35339149140879117,7,4.695784575301818,49.41379310344828,1027.0
30372536,SONGESAND,0.07558139534883723,0.10123366211688568,19,4.5923826935391805,58.77167205406994,324.0
30373588,BLÅHAJ,0.12546296296296294,0.09458332499800252,30,4.897017466911476,26.382746770944422,2666.0
30374413,HEMNES,-0.02933985330073352,-0.05513229425968828,23,4.690232552528603,228.73563218390802,433.0
30377242,FLYSTA,-0.1151079136690647,-0.12262313847897072,11,4.4958499030432995,56.32183908045977,176.0
30377911,MOPSIG,0.0508387445887446,0.024093449597481865,4,4.773482398249573,3.5753658541690085,216.0
30380999,TRETUR,-0.21935792033348772,-0.2403212147463272,14,4.3025759273644235,40.2183908045977,1067.0
30381852,LUSTIGT,0.6450924608819345,0.6343044966451767,19,4.6854616540937295,10.70969469737547,285.0
30382776,LYNDERUP,0.20359281437125754,0.23245796940140823,5,4.686190850126646,23.073373327180434,301.0
30383059,SIGFINN,0.10060975609756101,-0.021195634503980876,3,4.496842671334902,5.735632183908046,237.0
30383479,NORDLI,-0.41739931934203056,-0.42990742521921826,4,4.2230898552281415,87.70348328373885,181.0
30383484,NORDLI,-0.3502358490566037,-0.34729387829990094,3,4.2230898552281415,54.370268410185815,181.0
30388882,JESSHEIM,-0.3940677966101695,-0.4119199882750387,5,4.341101193976472,17.710724827812395,84.0
30388981,VIKHAMMER,0.18055555555555547,0.18231611522820937,3,4.68362409364461,99.99,251.0
30391714,FRÖSÖN,-0.29720279720279724,-0.298955406999793,17,4.412593432789874,20.00410340582684,61.0
30393063,IKEA 365+,-0.12580093199359255,-0.10219589563734462,32,4.400310997558737,3.4482758620689653,3181.0
30394944,SNIDAD,0.03513966862933038,-0.10877563568629214,20,4.790228159354961,38.73655957357857,617.0
30395439,EKBACKEN,-0.3125386723238752,-0.3095398110300252,14,4.304581772443279,69.08707148502353,592.0
30396288,STORSINT,-0.30000000000000004,-0.3353768752873396,17,4.594990156135385,14.93103448275862,502.0
30396306,STORSINT,0.3361737677527151,0.3283673306834022,16,4.680246103992826,3.397831742379487,205.0
30396448,MILSBO,-0.20383045818363793,-0.2635690668493734,18,4.596838448046602,266.4823017081385,806.0
30396764,DVALA,0.33870967741935487,0.3369156998189256,3,4.696254150672109,8.034482758620689,1509.0
30396858,FRIDANS,-0.2867647058823529,-0.35203008605231684,17,4.101863310370163,28.735632183908045,3414.0
30396863,FRIDANS,-0.5289855072463768,-0.5509385268296693,21,4.101863310370163,42.51724137931034,3414.0
30401510,LIVSÅR,0.34583333333333327,0.38175137468866166,3,4.658046487527621,22.97701149425287,87.0
30402034,SANSEVIERIA,0.2954545454545454,0.3217329603495279,17,4.592176820391591,4.586206896551724,315.0
30402430,SKUBB,0.673728813559322,0.5543981512906725,13,4.789827674082623,13.547574039067422,592.0
30403566,MALM,-0.1333119550870931,-0.1709300797271225,14,4.599521996548697,136.60106742623682,5432.0
30403571,MALM,0.01822916666666663,-0.05052633231444609,19,4.599521996548697,121.68344007319304,5432.0
30404028,KOMPLEMENT,0.4863842662632375,0.4798995497792021,19,4.677524904032654,20.64693737095664,178.0
30405042,LAUTERS,0.038461538461538436,-0.10625583052158315,29,4.69676569837768,66.13756613756614,1344.0
30405396,SKAFTET,0.2673469387755102,0.08580233687100336,5,4.691961462026278,34.47126436781609,530.0
30405419,SKAFTET,0.2321428571428571,0.19556509029314534,5,4.498118881285982,12.602394454946438,410.0
30405457,MYRHULT,0.3230610952833175,0.17917443643631886,8,4.596554075648677,17.810344827586206,738.0
30405565,KOMPLEMENT,0.274643768356015,0.24882825741381207,16,4.4967665911261046,10.876383720326952,231.0
30407814,RINNIG,0.49843750000000003,0.4100017107008956,27,4.598895199826293,1.4285714285714286,2340.0
30408682,HACKÅS,0.47911547911547914,0.4677013010886627,7,4.59110880952355,9.229349330872173,275.0
30408979,BROGRUND,-0.21176470588235285,-0.16883560407608925,31,4.5962516276120855,21.569769951227933,677.0
30409295,KOLBJÖRN,-0.38655462184873945,-0.3789931619930183,23,4.401484897299105,107.52191970466082,652.0
30409846,SMYCKA,0.18093448355283823,0.16035669619081858,18,4.49591310248934,1.4041533533732395,179.0
30409988,VIMLE,0.421875,0.40428263038392737,3,4.251627878543821,16.65197374865315,71.0
30411726,MATTRADITION,-0.8467153284671534,-0.8783331101132085,3,3.756645338293334,419.5547153959252,222.0
30411769,MATTRADITION,-0.8403361344537815,-0.8334292468489556,3,3.9577738797132955,401.1494252873563,155.0
30412641,POKAL,0.6223404255319149,0.5004634032629659,11,4.795807352155675,2.671482299564205,1527.0
30413495,HEMNES,-0.4940944881889764,-0.4787502208804086,9,4.407315302870589,171.26436781609195,118.0
30415055,HAUGA,0.031165311653116534,-0.0002021509305867047,17,4.690526626215915,199.0,447.0
30417040,MAXIMERA,-0.5716080821574685,-0.6213364484861417,4,3.945638726896804,73.80952062271297,201.0
30419973,JONAXEL,-0.17127349344841605,-0.16655320287009892,4,4.306183365465487,24.093900167987854,434.0
30421023,LEDFYR,0.27339089481946627,0.12733742432525397,12,4.402134938176824,3.963589836518704,448.0
30421235,BERGSHULT,0.4076751946607341,0.40646342008366265,7,4.594527061324369,17.18213058419244,458.0
30422862,MJÖSA,-0.88,-0.8729629629629629,3,4.005209275688422,76.75742193508691,77.0
30424385,TJÄRBLOMSTER,0.7494147659063626,0.6799450642947358,28,4.692906410934621,7.446081105468399,603.0
30424516,UPPLYST,-0.0977599804862184,-0.16608312662603236,20,4.305738975750308,20.01504581901489,469.0
30424724,UPPLAGA,-0.6292048929663608,-0.6313024455491948,19,4.497351582863158,68.15578465063001,286.0
30426836,STOENSE,-0.21666666666666656,-0.20892684594948557,13,4.599471256584208,159.77011494252872,4909.0
30427322,EDSBRUK,-0.2147948705702551,-0.23826007705394414,4,4.5959103315390895,17.43951574937169,619.0
30428326,HYLLIS,-0.22100821460659736,-0.2482831957081632,26,4.101439640069879,16.121594539625853,4424.0
30428901,EKET,-0.04135715505464482,-0.043683926257118956,20,4.319544623709092,17.193955863328153,125.0
30428915,EKET,-0.5096925686858655,-0.5136957076625206,14,3.756177195001653,59.11557373136228,224.0
30428920,EKET,-0.4884196185286104,-0.49355663762995994,7,3.756177195001653,51.72413793103448,224.0
30429613,MALM,0.11816939890710387,0.019149403813228917,11,4.595139703713433,68.95402298850574,518.0
30429774,YLLEVAD,-0.012626262626262624,-0.027964320442800162,11,4.210010634401743,1.7301038062283736,441.0
30430536,GRANHULT,0.588247219514882,0.5819893529917528,6,4.687931181343562,14.942528735632182,347.0
30432502,RENSARE,0.171303457688808,0.0015778710105397373,24,4.684757374361247,5.559507489557068,271.0
30433945,FEJKA,0.035559808689232336,0.06673552544861192,20,4.592514026409195,8.14662885350167,330.0
30433993,KOMPLEMENT,0.3005082592121982,0.2940953923629364,3,4.4967665911261046,7.178750897343862,231.0
30435398,MITTLED,0.034591417529675886,0.04485320295111982,18,4.30980660066807,11.624293642188603,267.0
30439117,FORSÅ,0.4831349206349206,0.4455552094476179,10,4.6977467422968795,21.050114203744403,1937.0
30439363,ALSTERN,0.4189189189189189,0.3850243122970396,5,4.674683225232185,3.7576061727620598,1492.0
30439476,NORDKISA,-0.2696011004126547,-0.2738626673242589,17,4.583511906268354,251.72413793103448,140.0
30439589,SKYDRAG,-0.24320187693758216,-0.24107632603278878,16,4.053913692042106,22.97701149425287,134.0
30439612,SKYDRAG,-0.24815724815724818,-0.24256926074174323,13,4.053913692042106,22.97701149425287,134.0
30440173,RÖDHAKE,0.5303398058252428,0.5140362779863729,19,4.762393219335758,22.520288548241663,147.0
30442365,GLYPEN,-0.0724815724815725,-0.0618097819784013,19,4.49591310248934,57.45977011494253,179.0
30442662,EKOLSUND,0.7670807453416149,0.742942030487901,7,4.642790664810391,68.55715545107259,59.0
30442704,NATTJASMIN,0.5358056265984654,0.5471375575558296,7,4.499295609090463,8.034482758620689,1125.0
30442737,NATTJASMIN,0.08180775339725865,0.06357783097635719,4,4.499015572164533,36.195402298850574,3129.0
30443930,SUNNERSTA,0.5655177074885104,0.5796182306413022,14,4.563308185780283,3.6782960268323084,53.0
30444454,HULTARP,0.7479057660800169,0.5948071266169025,8,4.7879042518331385,8.010053623429313,495.0
30444468,RESGODS,-0.3808058439504185,-0.45237309825239086,24,4.595211178658823,21.971178018095124,526.0
30444784,UPPSNOFSAD,0.47062841530054644,0.4641650481903824,7,4.496421694179556,0.3448275862068965,207.0
30445774,LIDKULLEN,0.04620689655172411,0.047556043276662886,12,4.49829423981017,114.9310344827586,454.0
30446537,KOMPLEMENT,-0.3527866187346873,-0.397709020251243,4,4.0135452581659505,34.38311699278189,587.0
30446896,STOCKHOLM,-0.20393455395403193,-0.1970755760021378,24,4.696176112144445,74.24635496636157,1134.0
30448739,BOAXEL,0.17262723521320494,0.18515555909361067,5,4.311501568684774,3.4482758620689653,225.0
30448777,HULTARP,0.6275862068965516,0.4830860775400081,3,4.692802093448366,8.258774948382655,594.0
30448937,ENHET,0.3134558205472406,0.3146257301595209,4,4.694063182197305,43.27505686912032,724.0
30448975,ENHET,-0.14074074074074072,-0.17453123430667047,9,4.491948811904001,67.10775047258979,82.0
30449588,BOAXEL,0.31945293398533003,0.3237577815275498,8,4.5734171550040825,14.05577280088478,80.0
30449593,SÄLJAN,-0.330257458887681,-0.2989807295617231,6,4.331403159442697,111.33629579744748,71.0
30449908,LACK,0.5523321956769056,0.43845289787562575,33,4.599239159226168,11.744539132138309,3406.0
30450609,VESTERÖY,-0.5148741418764302,-0.43881771930919505,3,4.301095172880251,194.25287356321837,2534.0
30450751,VÅGSTRANDA,-0.7908045977011494,-0.7478708436266636,11,4.1058135283549095,573.5632183908045,1082.0
30450807,VESKEN,0.7362637362637362,0.640154631289383,3,4.699073971240361,11.482758620689655,4739.0
30451369,SMÅSTAD,-0.014121338912133852,0.015587049351314811,3,4.489406331452633,22.988505747126435,58.0
30452156,ENHET,0.6744186046511629,0.6732799500241361,3,4.662024837848277,13.848994665572427,98.0
30452161,ENHET,0.5504240997313532,0.40800080600880667,14,4.662024837848277,11.900025990696392,98.0
30452260,BOYSENBÄR,-0.6487603305785125,-0.5411272047120085,7,4.211781746642052,22.93103448275862,372.0
30452991,OSTBIT,-0.1216887417218544,-0.12857231342800116,21,4.597857632557895,8.805955529434813,1198.0
30454004,KROKFJORDEN,-0.5397553516819571,-0.5333854236924139,19,3.5527450343263807,11.482758620689655,308.0
30454481,SÖDERHAMN,-0.3623188405797102,-0.37788762705150664,3,3.759889344451102,163.0387052255191,209.0
30454674,TRANHULT,0.07392473118279572,0.015447475353910924,8,4.410472433583159,19.921550530687586,77.0
30454891,MUSKOTBLOMMA,0.40621452250124884,0.40893611154415704,14,4.688062008646071,7.354437049996063,358.0
30455089,SAMLA,0.38033012379642367,0.3993039458741041,21,4.497812177147827,5.747126436781609,350.0
30456593,MÅLA,-0.06053629469122426,-0.05698575141393692,22,3.4310881852543376,2.711270770613622,593.0
30456908,HAUGA,0.05069930069930073,-0.10805886634255958,3,4.690145148076957,228.73563218390802,429.0
30457328,LUSTIGKURRE,0.17226973684210528,0.1625988118281043,16,4.78190927460758,18.49027227497036,325.0
30458610,LINDBYN,-0.3931525786528128,-0.31023531267204163,16,4.596335979170745,66.84245670121044,693.0
30458808,FJÄLLBRÄCKA,-0.4195402298850575,-0.44921832318062355,5,4.401293733667621,228.73563218390802,751.0
30458870,IDANÄS,-0.6247139588100686,-0.6338388076510847,7,4.310626924678328,629.5946229783658,245.0
30459167,STORÄTARE,0.14499121265377857,0.17898579583813118,21,4.401270601775735,1.3764624913971093,765.0
30459191,STRANDMOLKE,0.16454081632653061,0.17205414164668859,7,4.688875962602021,99.78463747307968,378.0
30459822,TAGGVALLMO,0.023103344531915964,0.023738799442902293,6,3.87371800744,4.053636225365578,142.0
30459978,UPPDATERA,-0.029040404040404047,-0.038935766442230596,5,3.7061715944165523,5.735632183908046,127.0
30459997,MITTBACK,0.6865913400758534,0.6526439262524494,20,4.686276888443614,41.521019892425436,303.0
30460830,LAGKAPTEN,0.24074074074074076,0.12106805333251099,11,4.498522717780551,46.985759989962986,527.0
30462792,ANNAKAJSA,-0.2846715328467153,-0.28981023278665907,5,4.497892359137173,91.94252873563217,364.0
30463517,MITTLED,-0.10283687943262415,-0.08966199334040412,5,4.161489242215385,17.229885057471265,86.0
30464041,TOMELILLA,-0.6190476190476191,-0.60590765205688,11,4.136334552218182,57.45977011494253,158.0
30465432,KOPPLA,0.6075697211155379,0.6008247798631445,3,4.5697079208186056,3.4367816091954024,68.0
30465489,SMÅGÖRA,0.046855668110114435,0.05337755431395572,16,4.496830240907086,33.33333333333333,236.0
30465757,SKATTÅN,0.6792929292929293,0.7098512451843131,17,4.588265230587388,1.9953791220331862,204.0
30466224,TOTEBO,-0.18945129074375244,-0.1897188494916498,10,3.166846377008918,3.4367816091954024,139.0
30467092,GONATT,-0.6045783299304426,-0.5937450925408501,14,4.249944360765219,295.7748572084807,74.0
30467214,LÅNGDANS,-0.2330508474576271,-0.24435252188693624,7,4.12920037073242,27.529249827942188,201.0
30468119,VARDAGEN,0.4572243346007604,0.39001433704693317,21,4.778749593117809,3.3908045977011496,274.0
30469034,VÄSMAN,-0.6352724594992636,-0.6383575724139651,18,4.327400795984315,205.7471264367816,84.0
30471032,LASSBYN,-0.4937694704049844,-0.45861024945230994,7,4.313245882418958,11.482758620689655,193.0
30471447,GRILLSKÄR,-0.6000000000000001,-0.6060508081027759,17,4.412754887056412,323.0437903804738,60.0
30471598,STANGERUM,-0.04166666666666663,-0.037354353558118635,3,4.735363345733334,182.75862068965517,78.0
30471843,SANDVEDEL,-0.044568822553897186,-0.10773870322556109,10,4.207293462206985,31.786689988339162,612.0
30472499,DUNDRA,-0.16521739130434787,-0.19114365374523837,17,4.586571552527835,148.2758620689655,176.0
30473205,PYNTEN,0.022942935135837783,-0.06242620828731373,16,4.224183585212632,8.525651089364523,172.0
30473719,VÄLVÅRDAD,-0.4153992395437262,-0.4129833397780713,3,4.146006339499281,6.99,121.0
30474592,BULLIG,-0.6298821507082528,-0.6249881413667097,14,4.403070620958025,22.97701149425287,306.0
30474752,TROTTEN,0.6057291666666667,0.6165466797817294,14,4.723393594943211,74.13793103448276,63.0
30474771,TROTTEN,-0.46883468834688347,-0.4757658186261348,15,4.321334970919084,113.79310344827586,113.0
30475389,KALLSJÖN,-0.23690717902936556,-0.2284696750073128,18,4.258163053043039,41.292257675900025,61.0
30477637,KNALLA,-0.52790442418102,-0.5114542664465206,20,4.1187533172739,7.762903850336022,323.0
30477878,PILSKOTT,-0.7998041548911696,-0.7996472569566194,18,4.058955979787051,114.9310344827586,121.0
30478137,FÄRGKLAR,0.018059383030429865,0.022476444108246507,6,4.694402644460483,9.020110850849042,769.0
30481229,TOLKEN,-0.4271196283391405,-0.3957074414480115,4,4.4054069629913055,111.59884568192552,166.0
30481644,ÅKREHAMN,-0.5416666666666666,-0.4717320508406737,3,4.108583733141477,401.1494252873563,727.0
30483073,OMAR,0.571103526734926,0.5739359284674371,19,4.6804216941795564,13.300270513976555,207.0
30483209,BRÄMÖN,0.05508760107816712,0.05496820790030743,22,4.1212454524598,1.6256314333107247,283.0
30483247,VIHALS,-0.5068306010928961,-0.5015566108730375,15,4.4068612495889665,205.7471264367816,127.0
30484015,MUNSBIT,0.4701492537313433,0.4395381632710078,15,4.595202359466666,1.9491177677472304,525.0
30484303,ULLVIDE,-0.38524590163934425,-0.41851940989333497,5,3.9122186811618582,26.425287356321835,800.0
30484652,IVAR,-0.32172131147540983,-0.33048647884649485,7,2.8600703249806454,22.988505747126435,478.0
30485265,LÄTTBAKAD,0.2661148313492063,0.2654790117483882,12,4.747856144457144,6.885057471264368,101.0
30485350,MÅLA,0.30142764438676184,0.31864102490880275,20,4.687081763021701,4.161530146628049,323.0
30487226,LINNEBÄCK,-0.01651503164556964,0.19195356836151614,10,4.494330149228169,68.95402298850574,124.0
30488315,BESTÅ,-0.23087431693989072,-0.23909530722166886,21,3.5592926937600002,12.7762872109365,272.0
30488363,STYRBAR,-0.20207253886010362,-0.22808190242922438,15,3.7249447361291743,11.482758620689655,527.0
30488546,NORDVIKEN,-0.3024408505540581,-0.3147631799681419,6,4.402001773018913,74.13218390804597,479.0
30488966,MÅLA,-0.6914893617021277,-0.6832168494374222,27,4.499302927437576,28.735632183908045,1137.0
30489027,SKURUP,-0.29591836734693877,-0.3005891921072179,17,3.6938712267707325,17.229885057471265,146.0
30489089,TONSTAD,-0.6879712507268343,-0.688063033296463,6,4.2321320362965045,497.5481276865081,125.0
30489536,BEKRÄFTA,0.3879310344827587,0.39032124330055173,15,4.402085704801678,11.44902634593356,459.0
30489904,ÖSARP,0.04361979166666666,0.025133110784504194,9,4.3175778691220135,9.839291571006887,141.0
30490380,SAGESUND,-0.8560487933073453,-0.8536522748313295,10,3.8848552603625905,384.70554744164167,121.0
30491087,TRETUR,-0.3308823529411765,-0.4207403114199153,13,4.3025759273644235,51.712643678160916,1067.0
30491327,SPORTSLIG,0.4829572674140078,0.44877204063126336,18,4.680067335703168,20.32418064883594,203.0
30491718,VIHALS,-0.5806451612903226,-0.5849579124191142,19,4.308469336940607,171.26436781609195,312.0
30492275,ÄNGESBYN,0.11168315304371301,0.11090752617363536,18,4.642037910400001,95.06431174011985,58.0
30492303,LENAST,0.5004224775351536,0.44988968166382887,18,4.655503850408082,17.489128624093752,81.0
30492483,KALLFRONT,-0.09278784443814697,-0.12862300308045374,16,4.40367114830406,22.98275862068965,253.0
30492572,VOLLERSLEV,-0.38188115202333206,-0.377271738489742,6,4.593997422097695,228.83157470133415,416.0
30493010,EKOLN,0.5697886053967405,0.5477053737791614,14,4.692985479602548,4.290900821201113,610.0
30493350,FEJKA,0.30866845969945356,0.2619265985781518,16,4.694196154401054,6.740440735286096,794.0
30493699,LINDBYN,-0.605072463768116,-0.6430348318185467,5,4.498569948828419,45.992924165512996,545.0
30493939,GLADHÖJDEN,-0.5178571428571428,-0.47855899997976564,17,4.319682261904226,199.88545246277204,124.0
30495207,ÖSTERILD,0.13742690058479531,0.15091252622001278,19,4.4986929889454546,5.721649484536083,598.0
30495599,KALLAX,-0.17191770375164378,-0.17144294081497058,4,4.215523247264865,21.270121725137827,278.0
30497268,UNDERSÖKA,-0.466903073286052,-0.44868875356591936,19,4.402225684989709,9.770114942528735,429.0
30497490,STOFTMOLN,-0.2043759119899005,-0.1939739566018201,8,4.123950865881648,19.379479499302754,249.0
30497923,ÖVERMÄTT,-0.2079646017699115,-0.18642688206638575,31,4.499816014897258,6.2668590427200295,4358.0
30498381,VIDGA,-0.14655172413793102,-0.14096821901145293,19,3.0794543666051286,5.383787109675435,138.0
30498418,STIG,-0.10981308411214952,-0.1152252590889512,29,4.106439960916818,19.39487975174554,975.0
30498890,LACK,-0.0375350239062259,-0.028502564563154902,10,4.497103889174101,57.36390567602796,260.0
30498927,LACK,-0.14011800397064403,-0.14952353898332468,10,4.496220099485447,68.95402298850574,195.0
30499535,PEPPRIG,0.04104477611940298,-0.02060209111545473,19,4.016227487505742,2.28735632183908,487.0
30500355,BORGEBY,-0.41908713692946065,-0.45114829520711414,7,4.402892096483722,132.84776364382438,326.0
30500794,NORRMANSÖ,-0.8996731204425447,-0.9002037151176245,12,3.9602101276530126,514.2523783245841,148.0
30501053,ULLERSLEV,-0.4360189573459716,-0.41397083478358226,15,4.4989961112099754,45.06311992786294,784.0
30501213,SINNERLIG,0.09779604246947304,0.09094130271252635,18,4.719414041433767,67.9859383023265,59.0
30501915,SILVTJÄRN,0.566147859922179,0.6047920135854488,19,4.722436014880001,5.735632183908046,62.0
30501920,SILVTJÄRN,0.5959367945823928,0.6048090375326577,19,4.750753025320635,5.4989676531314515,108.0
30502142,STÖRTSKÖN,0.04041137051693447,0.06295994144429318,12,4.5794872534677165,6.885057471264368,109.0
30502260,KUSTFLY,0.6390977443609023,0.645250347109949,19,4.677056672866668,11.482758620689655,174.0
30503354,NÄMMARÖ,-0.45994208494208494,-0.4526286190625028,16,4.494999262052175,148.2758620689655,143.0
30503636,GLADELIG,0.12468291548640764,0.08875611267281183,8,4.7806694118081,10.661723213939235,303.0
30504235,SPORTSLIG,-0.7155172413793103,-0.7035635198204566,19,4.40614124191605,26.34020618556701,144.0
30506239,ÄPPLARYD,-0.87890625,-0.8783309551967641,5,3.5741158672,975.8620689655172,214.0
30506545,TRIPPEVALS,-0.7644927536231885,-0.7344094967808411,17,4.017072669146667,68.95402298850574,462.0
30507012,BOASTAD,-0.7072692198163271,-0.7194034774295601,18,4.3393645238084515,474.1874140802064,53.0
30508021,NATTSLÄNDA,0.3953168044077135,0.361151033443727,19,4.671941918410192,24.08809359944941,139.0
30508040,NATTSLÄNDA,0.28515808727462766,0.26282113478106994,18,4.409385671607549,11.482758620689655,88.0
30508403,FEJKA,-0.15187424944244296,-0.11430789710986242,16,4.591316270634667,13.429001431837419,282.0
30509563,SKOTTORP,0.09423076923076923,0.07355126797197853,7,4.402281837592661,14.93103448275862,418.0
30510302,NÄMMARÖ,-0.07165605095541405,-0.11639880353466112,19,4.586288848370526,103.43678160919539,172.0
30511014,BONDTOLVAN,-0.5286069651741294,-0.4952337956064252,11,4.00747184075699,10.396975425330812,75.0
30511288,LOHALS,-0.42480860371855633,-0.35854981490964893,14,4.499659281079306,68.95402298850574,2345.0
30512235,LINANÄS,-0.6572793722114989,-0.6405379020453653,10,3.15592191184762,477.2854574097354,150.0
30512631,TOLKNING,-0.2685393258426967,-0.26134967788935654,17,4.327948811904001,67.81609195402298,82.0
30512669,HÖSSLA,0.28205128205128205,0.34299315643903056,5,4.493234295717647,1.7126436781609193,110.0
30512810,STOLTHET,0.06349206349206349,-0.10871792122260951,25,4.7853306883933815,14.93103448275862,405.0
30513541,KLAGSHAMN,0.20075757575757575,0.028296991338599402,19,4.249407324627958,68.9655172413793,75.0
30513598,HOLMVI,0.4782608695652174,0.47142982066910905,25,4.49863075032381,6.885057471264368,570.0
30513763,GLADOM,0.6124817251461988,0.5629606141446956,8,4.69861648278593,17.229885057471265,3166.0
30513904,LISTERBY,-0.7231182795698925,-0.7255791324738046,9,4.250493199894507,228.73563218390802,73.0
30514791,LACK,0.8346602972399151,0.7109739283125308,32,4.695201395632243,8.183569367182525,900.0
30515125,TROLLDOM,-0.12197698135198135,-0.12497780240163593,14,4.571683491200001,19.528735632183906,74.0
30515314,LISTERBY,0.16408668730650156,0.16742927449486153,11,4.6729747312294485,114.9310344827586,145.0
30515521,DRAGON,0.2524834437086093,0.22987897217205128,7,4.678719232803865,4.586206896551724,189.0
30517365,VAPPEBY,-0.8275862068965517,-0.8153320561941252,5,4.161489242215385,71.06963388370423,86.0
30518464,GRINSBOL,0.10216981815547349,0.10362613889004123,12,4.81105423544889,34.47126436781609,72.0
30520358,SKRUVBY,0.11231884057971009,0.02179852696602517,3,4.781961863925582,107.89201087660236,326.0
30521541,HASVIK,-0.7278610326825776,-0.7228591183738857,4,4.355832790433194,252.04966339954592,642.0
30521659,KLEPPSTAD,-0.5592948717948718,-0.5236154194053664,4,4.582747557552318,98.72392908657963,133.0
30521800,SVARTRÅ,-0.5359858148790693,-0.6225656709241767,14,3.831989137770875,34.47126436781609,85.0
30521937,UPPFYLLD,0.5816827814569536,0.4807816601627623,20,4.690210847089777,1.14367816091954,432.0
30522116,BLÅVINGAD,-0.1328671328671328,-0.1342734222839299,19,4.688875962602021,11.482758620689655,378.0
30522135,GRUSNARV,0.05853797829811533,0.07594400811832787,18,4.31687006277202,15.184679382574034,3235.0
30522381,PÄRKLA,0.8346776824454376,0.6061628871007027,30,4.7705156043387875,0.6932234583806971,948.0
30523408,REXBEGONIA,-0.21125000000000002,-0.21989824283551673,9,3.5534002521440997,10.760947595118449,304.0
30524002,STENSUND,-0.08171375201518152,-0.0668237812503178,6,4.4088835759646665,53.63984674329501,95.0
30524752,CHOKLAD NÖT,0.025510204081632647,0.04417958929126633,18,4.401712360052324,2.00084555740974,563.0
30526379,DRÖMSLOTT,0.23076923076923084,0.20237960592443494,17,4.735363345733334,24.45777572681126,78.0
30526402,ÄLSKVÄRD,0.7733515595143605,0.7577351420013468,16,4.717265082538668,8.55126593947061,57.0
30526671,NYMÅNE,-0.6556703070591959,-0.6552161059105504,4,3.9283945488363634,56.79571012509976,334.0
30526911,KIVIK,-0.23893805309734517,-0.2536792292972475,7,3.469072295237819,109.0,259.0
30528415,FENOMEN,0.007694087701029723,0.019884441122053977,10,4.495291702867837,4.891420756844509,153.0
30528482,DYTÅG,0.5271841080276083,0.5240468217776432,6,4.589235046241323,13.773099284089643,224.0
30528514,SKOSTALL,0.45360998650472334,0.4392206659980719,18,4.6852671611719074,2.92570780606867,281.0
30529467,PINNTORP,-0.09235112021736225,-0.09187263688564513,18,4.590794633181625,136.7816091954023,265.0
30530526,VARDAGEN,-0.20246389378943278,-0.18946230534414849,26,4.499592138394327,7.2931513722840595,1956.0
30530574,EKET,-0.6212091630873358,-0.5100897004920558,12,4.107042820694272,18.22544907045288,891.0
30530951,SNÖSKYFFEL,0.9866581956797967,0.9607446874041954,25,4.793495682589517,0.6559527714004592,936.0
30531069,GLADELIG,-0.10496730506348734,-0.11135247629668676,12,4.679221137690567,11.817367619835675,194.0
30531074,GLADELIG,-0.1377388535031847,-0.1420125752278786,3,4.679221137690567,16.31103816167419,194.0
30531125,PÅTÅR,-0.3895348837209302,-0.3783248618169626,11,4.563817794311112,6.885057471264368,54.0
30531333,VALLASÅN,0.35408834586466165,0.3226452447428512,14,4.68920314017255,13.66459161723486,390.0
30531936,NATTGIBBA,-0.8142857142857143,-0.7337414396047088,13,4.133835350213757,68.95402298850574,171.0
30532059,HAMNSKÄR,-0.8035714285714286,-0.7619284200166554,3,4.023393594943211,131.1569301260023,63.0
30532634,RÖNNVECKMAL,-0.4479493063248404,-0.4458206730350976,10,4.116696817729504,40.2183908045977,365.0
30532931,BRÖNDEN,-0.8461538461538463,-0.8360123672623674,3,4.311792747638819,228.73563218390802,219.0
30533209,RYKTA,0.8397704009600452,0.7529074759451224,26,4.690841748836591,2.264367816091954,463.0
30534223,ANTAGEN,0.5673775337837839,0.5761556183397883,30,4.597581133881523,0.5536595963186791,1059.0
30534954,HEMNES,-0.46703703703703703,-0.458887274238934,18,4.327400795984315,200.0170080135431,84.0
30535067,HAVBÄCK,-0.6190476190476191,-0.6043349113524552,3,4.318148579158442,180.11722272317402,136.0
30535086,ÄNGSJÖN,-0.510989010989011,-0.5228071478071478,3,4.4037401548511275,177.10724827812396,248.0
30535543,HERRÅKRA,-0.01691243539069623,0.0017403465607789509,14,4.4916133457333345,148.2758620689655,78.0
30536062,JETSTRÖM,-0.8412698412698413,-0.8471771421364905,9,3.837322032226264,99.78463747307968,81.0
30537170,ÅKERBÄR,-0.7678140096618358,-0.6708319738405215,14,3.920650580971901,22.97701149425287,466.0
30538198,TONSTAD,-0.610041265474553,-0.593404155193449,15,4.3393645238084515,262.0247847090947,53.0
30538589,BESTÅ,-0.6122448979591837,-0.5831040273222022,3,4.491342808498926,68.65261775416393,206.0
30540016,KLÖVING,-0.508782023447677,-0.5077643699818065,18,4.008640012939131,34.47126436781609,74.0
30540479,DEKAD,-0.3852108036890646,-0.38276211784432435,18,4.1180646361310735,7.857427570155961,336.0
30540728,GÅRDSMÄSTARE,0.03572510822510823,0.0062474345480868065,14,4.4042698763536485,3.4367816091954024,215.0
30540827,FILMIS,-0.5921158893599838,-0.598780005279328,22,4.11674052667644,14.296198426265047,364.0
30540851,PLUTTIS,-0.11030803648253312,-0.1712295304187589,6,4.584585095801184,8.430179704453337,582.0
30541582,BÅRSLÖV,-0.8079710144927537,-0.8338752987286593,7,3.6102235973743593,636.6833186404153,138.0
30541619,HORNVALLMO,-0.3893812999652415,-0.40237682899480626,18,3.196042839332284,24.94651053800498,236.0
30542379,BLODLÖNN,-0.3582554517133956,-0.337577397601926,29,4.305243679531707,8.506877901281888,515.0
30542911,VIHALS,-0.25488997555012227,-0.26277597611724424,5,4.491948811904001,103.43678160919539,82.0
30543835,FLYGHÖJD,-0.6433860441767069,-0.6222652639675312,12,3.89072985531077,45.96551724137931,112.0
30544458,BUSKVERK,0.4299595332204028,0.44153664368619827,14,4.582861060463158,0.519012748655318,134.0
30547145,GULKAVLE,-0.6517241379310345,-0.6592082857875975,13,3.5085421782308575,57.268041237113394,157.0
30548060,ISKUB,-0.0963855421686747,-0.13291479442826887,15,4.015064119835294,1.9953791220331862,526.0
30548300,SMYCKA,0.28438718763541815,0.24057572295111793,12,4.57105423544889,1.8597585265338346,72.0
30548456,KLOKHET,-0.1216467511277474,-0.12945572605529465,4,4.572577696741053,10.276452423375297,77.0
30548625,FEJKA,0.04956896551724138,0.06765707571680836,3,4.590561163733334,5.613165013525698,258.0
30548885,RÖDALM,-0.0426621160409556,-0.05324617600036282,3,4.496220099485447,6.885057471264368,195.0
30549333,SOLHETTA,0.3869047619047619,0.3834630735674034,15,4.411704484592942,4.384919390251552,67.0
30549583,VÅRVIAL,0.34962406015037595,0.4073477310599509,5,4.499122007841221,13.781609195402298,901.0
30550213,STOPP FILT,0.09935897435897435,0.12261350768610295,3,4.4005392309975075,3.4367816091954024,1827.0
30552269,PLUFSIG,-0.45070422535211263,-0.4384625448757462,7,4.690784270272803,34.47126436781609,460.0
30552764,FÖRLUNDA,0.4318490054249548,0.5161237596292545,18,4.662982194877312,57.44129927139804,101.0
30553607,JÄLL,-0.20090293453724603,-0.19672499541991972,29,4.109294885451162,4.540229885057471,670.0
30553650,KALERUM,0.40766622280400827,0.4067150550005193,20,4.588771039613793,11.494252873563218,214.0
30553706,LISABO,0.046380537974683556,0.07383190570080858,18,4.588914388044255,75.06997155009476,217.0
30553725,RÖDALM,-0.4207650273224044,-0.4257452144618249,5,4.319963437074286,11.482758620689655,122.0
30554188,GULDFLY,0.5552825552825553,0.5376296732081959,11,4.666627887806062,14.683122734841806,114.0
30555036,NISSÖGA,-0.44386322463768113,-0.41491299758579253,16,4.572577696741053,22.97701149425287,77.0
30555159,DOMSTEN,0.7524564043551385,0.7343632320837267,10,4.767512466965445,31.351947868150276,173.0
30555282,TIDTABELL,-0.9218898104265403,-0.9246432134839468,4,3.809636138632259,177.01149425287355,107.0
30555300,HARVMATTA,-0.21561771561771564,-0.2168944482148681,17,4.582973079675817,14.93103448275862,135.0
30557078,TROMMA,0.16000815817256933,0.1342645295595374,24,4.498688731580456,2.8631952867787214,596.0
30557399,MAJBAGGE,-0.5800648626735583,-0.5547850669320639,18,3.628853990245784,11.482758620689655,65.0
30557460,RÅDHUSVIN,0.11669499757163676,0.12498874830919275,10,4.67988530223927,97.81632332526067,201.0
30557498,ASKHOLMEN,0.3377385391533231,0.2973298401411306,18,4.678192481140595,40.2183908045977,184.0
30557554,BALSAMPOPPEL,-0.183849409328949,-0.16941465479593404,4,4.175233896357648,20.924148657903636,67.0
30558474,NORDBERGET,-0.6720314212641578,-0.6877532999052317,8,4.045527117724445,205.2192540386635,162.0
30559001,RELATERA,-0.22861842105263158,-0.21820741829007642,19,3.618331967705748,5.747126436781609,69.0
30559275,HAVSTOBIS,-0.6330128205128205,-0.6194202708322393,25,4.114468056991855,11.482758620689655,424.0
30559548,KOPPARBJÖRK,0.2658811646465658,0.26818923392135785,14,4.823027703753847,17.229885057471265,86.0
30559628,NÄSTABERG,-0.750561797752809,-0.7181189332619472,5,3.921596713303093,299.0,79.0
30559652,NOPAKTE,-0.5585785476981491,-0.48744731014153914,6,3.628853990245784,34.48275862068965,65.0
30561805,LAGERPOPPEL,0.6944450158126141,0.6396832065551116,14,4.5796475093,3.4367816091954024,110.0
30562070,BÖNSYRSA,0.14760127931769723,0.14180227163157877,8,4.5713723207736265,3.1225370348627957,73.0
30562715,HELMER,-0.4614638704009768,-0.4615083540749576,4,4.101597123174425,60.559643114087976,3986.0
30563220,SKANSNÄS,-0.4643962848297213,-0.4699119748671035,5,4.580412640529324,780.4597701149424,115.0
30563871,BLECKBERGET,-0.3267716535433071,-0.33304531634065027,15,4.186417313383785,68.95402298850574,56.0
30563965,AXSTAD,-0.34964200477326973,-0.3376327639671132,7,4.19404237044706,66.14367020458391,50.0
30564012,STENERIK,0.055555555555555566,0.030353004280279386,19,4.221673967879246,22.520288548241663,194.0
30564333,MOSSJÖN,-0.6964285714285714,-0.7011636646616856,19,4.1444088971555555,171.26436781609195,126.0
30564366,TRETTIOEN,0.24702380952380953,0.20899827299438534,6,4.575423407456604,19.974353062629042,88.0
30564583,BRUNKRISSLA,0.1741243794815223,0.07033454609984702,20,4.4989475571116335,21.27888678346692,747.0
30564682,GODMIDDAG,-0.6931014492753622,-0.6982231634350038,12,4.403261905542296,35.561614120475994,287.0
30565262,EKTORP,0.29296875,0.2212346259673575,7,4.402001773018913,131.67304435104447,479.0
30565281,KLINGSTORP,0.19510262210714915,0.21679335885472698,4,4.32253936443871,4.871839442597541,106.0
30566134,LYNGÖR,-0.8238095238095238,-0.8215973804470615,9,3.5938253182693884,230.0,80.0
30566737,STRANDAD,-0.23279352226720648,-0.2522167706053769,19,3.2807028236325935,11.482758620689655,117.0
30567591,VARDAGEN,-0.4658441873634819,-0.3316976484865991,26,4.282059380970392,6.903534734709249,1956.0
30567727,SLIBB,0.5431472081218274,0.584125943023781,21,4.5878265476186915,0.793103448275862,196.0
30567732,SLIBB,0.2619047619047619,0.2619336181793111,19,4.3164404775905885,1.2886597938144329,152.0
30567765,SLIBB,-0.18759011633648698,-0.14160593021987283,10,4.111798673783026,4.756807382683448,524.0
30568519,KUGGIS,-0.03151636920293638,-0.07763870092176102,16,4.498114475855737,5.734387960658846,409.0
30568538,KUGGIS,0.5259365994236311,0.41187656988889754,21,4.7901192375643316,6.885057471264368,610.0
30568623,KUGGIS,-0.1220472440944882,-0.14777797806569729,3,4.498114475855737,9.017132551848512,409.0
30569095,IVÖSJÖN,-0.11538461538461536,-0.16819351791818862,19,4.316836633677109,28.72413793103448,148.0
30569104,VIHALS,0.8258283772302464,0.8243660657144138,8,4.769878064031069,15.7733601954084,188.0
30570225,GRÅFJÄLLET,-0.5190610532407407,-0.5143874197879454,14,4.160329067833962,91.94252873563217,88.0
30570334,KORVTRÄD,-0.2559055118110236,-0.29160998131567384,5,4.563308185780283,7.442187300370512,54.0
30570843,TUVIRIS,0.19718902770233568,0.20977429343279977,14,4.493400665495082,1.752510805012282,104.0
30571772,STOREMOLLA,-0.5195372956278889,-0.5229018819660219,6,4.496389601750673,572.8640834222064,205.0
30572413,GRÖNFINK,0.48125000000000007,0.4835682358163437,19,4.6632906765866675,2.28735632183908,102.0
30573200,SMÅSTAD,0.10436320754716982,0.1052309382655847,3,4.5775420792275865,48.17618719889882,98.0
30573747,FÖNSTERBLAD,-0.5393700787401574,-0.49470913195988964,9,3.8202313571018864,34.47126436781609,565.0
30574370,BOLLSIDAN,0.36404833836857997,0.3632326260721669,23,4.691946766344424,80.44827586206895,529.0
30574596,KRÖNIKÖR,-0.27144351464435146,-0.2727715022676359,19,4.109265082538668,28.72413793103448,57.0
30574902,FRÖSJÖN,0.42380952380952386,0.40522334596343734,17,4.731811881213188,51.712643678160916,73.0
30576185,BILLSBRO,0.4146384053298947,0.32772719977315873,12,4.597478103766117,16.814230339310676,1015.0
30576703,SVARTPOPPEL,0.6332220211803523,0.6264736156038352,12,4.642037910400001,10.365154379332072,58.0
30576717,HAUGA,0.09669691853102574,0.09185643938063584,4,4.495178929283833,40.44687724335965,149.0
30577217,SLÅNHÖSTMAL,-0.20522388059701493,-0.22528575084025385,5,4.401467376387021,8.585337915234822,660.0
30577646,HOTELLRUM,0.03125,0.03267839616523829,5,4.75369314321194,103.43678160919539,116.0
30578556,SONHULT,-0.08787640930498072,-0.08308663755946792,18,4.492106678337255,67.81609195402298,84.0
30579377,IDEALISK,-0.10022252263199463,-0.10754765264805667,12,4.491867486771718,4.586206896551724,81.0
30579872,LUDDVIAL,0.35595776772247356,0.3467386516287532,22,4.499227333196162,1.4801411753081133,1024.0
30580026,FJÄLLKATTFOT,0.39473684210526316,0.37230313546103017,3,4.594789762380799,5.735632183908046,482.0
30580432,KEJSAROLVON,-0.460338527302813,-0.38864998985686666,8,4.225669727320671,55.29391555021007,161.0
30581648,VIMPELFISK,-0.5321428571428573,-0.5255440400923242,14,4.263817794311112,9.183908045977011,54.0
30581988,MAMMUT,0.012195121951219523,0.15182028832918998,13,4.693634221373411,17.229885057471265,674.0
30582068,TROFAST,0.4039351851851852,0.40460215030281854,3,4.4907457608091965,1.5,69.0
30582105,TROFAST,0.5011792452830188,0.40140509437820987,5,4.568986680838096,4.616331555190809,66.0
30582110,SANDBRODD,0.2837209302325582,0.3364538195401638,7,4.404233536980426,11.44902634593356,217.0
30582394,PILTANDVINGE,-0.3220338983050848,-0.2559577293372094,7,4.489543911563637,19.612987864873727,748.0
30582445,KALLAX,0.05047165339400833,-0.032550232212442,24,4.590169362982642,68.75558921978916,247.0
30582681,BRUKSVARA,-0.08849557522123896,-0.0925230437507251,3,4.491342808498926,11.51584045865665,75.0
30582855,FRIKTION,0.1380597014925373,0.24083363088861912,5,4.401509683141731,2.408809359944941,641.0
30583384,GRUNNARP,-0.29924242424242425,-0.3731561425407076,11,4.245493873172278,631.0344827586207,83.0
30583534,RINGBLOMMA,0.2914835164835165,0.31692529650916906,10,4.499446653739107,27.133919601545145,1437.0
30584034,SOLHETTA,0.7814980158730159,0.780609805981805,18,4.649366450464369,2.959570939168097,69.0
30584147,EKTORP,0.47593582887700536,0.4278877005347594,3,4.408290676586668,72.98886788489813,102.0
30584623,KLIPPOXEL,-0.3723233355000464,-0.37956627301318113,4,3.8723612342969327,21.294999679563297,145.0
30584703,FESTLIGT,-0.037464985994397765,-0.06582306764214604,18,4.497427735432588,2.557471264367816,441.0
30584798,ÅKERBÄR,0.09920634920634919,0.06579742752974292,3,4.58371800744,14.99,142.0
30584915,FISKBO,0.29527559055118113,0.2914667193809889,5,4.584211401153939,3.4367816091954024,147.0
30585175,ÄNGSLILJA,-0.2541795864170986,-0.21597327814702694,12,4.203231280724614,20.678160919540225,1404.0
30585830,DITTE,-0.09328358208955229,-0.05446930073795747,3,4.567838039387655,12.539991217614954,63.0
30586033,MAJGULL,0.05555555555555558,0.06115923869475807,9,4.596634213424289,52.404956941818945,756.0
30586293,SPLITTERNY,0.2032652102727721,0.20951483890111994,14,4.493118642652992,1.7126436781609193,99.0
30586349,LUDDVIAL,0.3071895424836601,0.3158514860446379,5,4.499227333196162,1.6309988632432166,1024.0
30586684,FJÄRILSBUSKE,0.22388059701492538,0.3162236821986082,3,4.568230258419513,5.613165013525698,64.0
30586783,RÅSKOG,0.2671640606397333,0.1971711419646644,26,4.596076628298795,34.47126436781609,646.0
30587829,MUSKAN,0.2880696889317579,0.2905159777646341,4,4.5878265476186915,45.96551724137931,196.0
30588094,IDANÄS,-0.38858131487889275,-0.38645521196167837,6,4.497652714840816,826.2241379310344,325.0
30588206,FYRTAKT,0.09701492537313433,0.09720776912722665,14,4.329732778621278,1.4063928360436555,76.0
30589531,TROFAST,0.7681032367440719,0.7670962697106178,8,4.688126364394609,4.597701149425287,353.0
30589885,SANELA,-0.9145299145299145,-0.9183285849952516,3,3.7107545409381304,89.9458972046889,121.0
30590426,ALMTJÄRN,0.011278195488721776,-0.06258280988697143,5,4.5980802366915245,22.97701149425287,1339.0
30590761,FODERTRÅG,0.832409972299169,0.8574414651827595,9,4.822280399906797,3.4367816091954024,85.0
30590978,DYTÅG,0.4577464788732394,0.4610898734411047,11,4.589235046241323,14.683122734841806,224.0
30592755,VIHALS,0.17473118279569888,0.14514848950332818,3,4.673463139701205,113.79310344827586,148.0
30592760,VIHALS,0.6904024767801857,0.690424920174404,9,4.754036156965927,40.2183908045977,117.0
30594151,LÖVSKOGSLUND,0.26969897060815384,0.25228666503567415,16,4.498131974919722,0.8177335048295403,413.0
30594716,SKUGGSTUBB,-0.10976045115894043,-0.10090502331417911,16,4.582033663382069,6.874718656900562,127.0
30595693,IKEA 365+,-0.0950570342205323,-0.07917871755378132,17,4.5734171550040825,6.740306582506762,80.0
30596169,BRUGDHAJ,-0.28749244400165674,-0.28639076623953585,18,4.5713723207736265,11.482758620689655,73.0
30596174,BRUGDHAJ,-0.32063492063492066,-0.3217162361241814,7,4.407006205566198,6.885057471264368,124.0
30596720,KLIPPLAX,0.09037100643514404,0.08863547746640908,6,4.233056699211511,1.1379310344827585,121.0
30596800,DRÖNJÖNS,0.45132743362831856,0.4428363839093496,19,4.492106678337255,4.586206896551724,84.0
30597418,NATTJASMIN,0.20300751879699247,0.24177543226555623,3,4.4997441630728945,23.961584633853544,3129.0
30597442,NATTJASMIN,0.11518324607329844,0.11422739784036502,3,4.498442710232882,34.42528735632184,499.0
30597606,TIMMERFLOTTE,-0.08091361260943354,-0.08475409465950334,16,3.8611133740435237,9.254552730813344,175.0
30597687,POÄNG,0.21148036253776434,0.24920769866812761,5,4.40736949029926,17.229885057471265,117.0
30597908,STRANDMON,0.6497012867647058,0.6574525989737386,6,4.4937587689178295,51.7183908045977,111.0
30598644,DAGGKÅPOR,0.6419491525423728,0.6325074130855918,13,4.582973079675817,5.837979665464086,135.0
30598696,PACHIRA AQUATICA,0.6571804766126088,0.6610839285118747,12,4.751140796774804,4.586206896551724,109.0
30599771,SCHERSMIN,-0.5652173913043478,-0.592480955958905,9,3.556376659640656,45.96551724137931,287.0
30599851,PILDVÄRGMAL,0.30624795684864337,0.29664515309941875,16,4.65263313107957,28.72413793103448,75.0
30600425,FÄRGKLAR,0.396551724137931,0.40385301207449054,5,4.659586065966973,2.625498844780508,91.0
30600717,GLADELIG,-0.049626327520650326,-0.06994476834425581,8,4.563817794311112,5.1534486379998405,54.0
30601608,NATTBAD,-0.7724867724867726,-0.7848582983640454,6,4.036916180690412,44.06422328051438,55.0
30602047,KACKLA,0.5175438596491229,0.4420407862870969,9,4.6764432149219255,2.2498060512024827,175.0
30602801,BRIMNES,-0.07096301597788057,-0.04081096535328138,4,4.578029269924798,114.36206896551724,387.0
30603056,SANDLÖPARE,0.2947404707968089,0.31296955698059636,18,4.848685135835899,11.482758620689655,138.0
30603080,SANDLÖPARE,0.08214285714285707,0.07303537020641368,19,4.765139781968539,11.482758620689655,160.0
30603829,PAX,-0.5435113879836038,-0.5544827384700217,10,4.256726928276544,135.38939906329148,63.0
30604193,KLIPPBOK,-0.10714285714285715,-0.1101235955730012,17,3.7524245662415847,9.183908045977011,83.0
30604334,SÄLJAN,-0.1468458116031704,-0.11970517679219965,18,4.497853016507733,93.2554023690094,357.0
30604348,VITTSJÖ,0.4598214285714286,0.3021405762765745,19,4.692883491422294,55.05161734342738,601.0
30605423,SANDSBERG,0.2603174603174603,0.24918611856635078,12,4.493346125540497,14.490476266250816,103.0
30606130,VINTERROCKA,-0.20514632936507934,-0.21911167848995836,12,4.489543911563637,5.8015020553196806,59.0
30606413,HAMPFLOCKEL,-0.49927231762270124,-0.5051406295966543,8,3.7849680074400007,34.47126436781609,142.0
30606516,LÄKEVÄNDEROT,-0.6683206160653266,-0.6693527817525284,6,3.5236008730150545,44.07614157702811,75.0
30607002,FRÖDINGE,-0.7710843373493976,-0.7642422748424095,7,4.19404237044706,7.537301953545608,50.0
30607144,KLADDIG,-0.39828255813953495,-0.3534173502828448,10,4.258163053043039,6.53956934127568,61.0
30607375,VÅGSJÖN,0.031034482758620696,-0.010405401070130719,7,4.400259895817764,3.908316191595651,3816.0
30608247,OFTAST,0.514140389038211,0.5147167382750154,12,4.652118273808696,1.7126436781609193,74.0
30608252,OFTAST,0.8254483095262564,0.8078652185587207,26,4.797462119096278,1.1379310344827585,2427.0
30608756,EKLATANT,0.0011720815800970175,-0.0018409275287853213,14,4.691609297505524,9.129717444000658,507.0
30609039,EKBACKEN,-0.4189212904300442,-0.37440070273462595,6,4.239955488612175,102.75450077587385,97.0
30609143,VÅGSJÖN,-0.1386622042912158,-0.17812914818406725,8,4.404532077069945,10.84368037067701,3898.0
30609181,FLISAT,0.488,0.25521169334209043,17,4.765527117724445,91.94252873563217,162.0
30609906,RINNIG,-0.27644761904761905,-0.27419841872709344,12,3.8689759133941526,3.641171915196071,153.0
30610839,KEXCHOKLAD,0.4285714285714286,0.38288399449855237,7,4.578820172279675,1.8458698661744348,105.0
30610858,ENERYDA,0.6268551984472518,0.5706819369865208,8,4.686928430832048,9.465395505696804,319.0
30611481,KAJPLATS,-0.21626984126984128,-0.24013436066757468,11,2.9284983027200013,11.482758620689655,52.0
30611886,SKOGSTA,-0.14685314685314688,-0.13992503157161046,5,4.674388844130234,353.79172435009997,154.0
30612051,BRUNBÄR,-0.21522974420420093,-0.07093802137296834,10,4.590595238954513,17.229885057471265,261.0
30612254,PURRPINGLA,0.36349048897187536,0.3682666679364432,18,4.564795691762163,11.34894960218229,56.0
30612697,KLOKHET,0.13219952523738132,0.13173813513158583,12,4.572577696741053,4.737025477857603,77.0
30612824,HÖSTULOTA,0.11020408163265306,0.10887905956731544,19,3.924156644109474,2.0063119927862942,77.0
30613055,STYRSPEL,-0.8333333333333334,-0.635967218831735,5,3.9423511914847458,263.2183908045977,218.0
30615399,DVALA,0.2115531457636721,0.2545064319363582,6,4.400108801530009,9.552698288536892,9136.0
30615417,DVALA,0.07671344463797292,0.070141525675906,4,4.400108801530009,20.103448275862068,9136.0
30615851,SOLFIBBLA,0.07616707616707619,0.11024701645773617,3,4.490638153376745,20.266005410279533,68.0
30616308,VECKLARFLY,-0.618095653121255,-0.6255923176230908,6,4.16525388969796,103.43678160919539,80.0
30617713,TORNTUSS,-0.12140685855419392,-0.1465524928009591,10,4.489936014880001,52.0616350565288,62.0
30618114,GROVSNÄRJA,0.18445402298850577,0.1788361282016878,10,4.645615817165433,46.55973824681862,63.0
30618166,VÅRVIAL,0.4337209302325581,0.4264030345389423,13,4.499122007841221,12.19669777458722,901.0
30635948,ROCKÅN,-0.6321593408295387,-0.5990432482793043,12,4.301842373889519,34.47126436781609,1499.0
30641874,SORGMANTEL,0.36842105263157887,0.2978374655504132,9,4.597219723789114,26.149968494013862,919.0
36418000,GALEJ,0.740066225165563,0.6232920481325717,21,4.77497935963871,2.0646937370956637,230.0
37489609,IVAR,-0.12311741969878716,-0.12650834528182875,4,4.115420861836621,14.58767616653141,53.0
38006200,FRÄCK,-0.35172413793103446,-0.2978552519199195,25,4.401148823545497,9.183908045977011,848.0
39017486,KALLAX,-0.41551198899371067,-0.4167574958511907,8,4.493991650674627,197.0691630129952,116.0
39017839,BILLY,-0.457866863561574,-0.4646073948668765,12,4.488331611455074,206.43517941564903,51.0
39031411,HEJNE,-0.16708605002850982,-0.20125079224534956,6,4.401782941201435,35.29792813241711,540.0
39047737,BILLY / OXBERG,-0.10924369747899165,-0.109728624413719,9,4.675252141519101,291.9550838332564,160.0
39068329,BESTÅ,-0.6760066155611333,-0.6673020045616291,6,4.2431453753110215,227.91885199863935,89.0
39068334,BESTÅ,-0.660757946210269,-0.6605756453081185,3,4.243347935758491,216.0919540229885,89.0
39090250,TYSSEDAL,-0.37347188264058684,-0.3748975371472993,7,4.404737529478096,114.94252873563218,192.0
39184343,BRIMNES,-0.08969907407407407,-0.0980242557610384,13,4.63965590671781,204.59770114942526,55.0
39216754,FRIHETEN,-0.5454545454545455,-0.569725672772167,29,3.9040728937206195,573.5632183908045,2436.0
39239779,REINSVOLL,0.043958278282966556,0.045115254052564,4,4.650504283038203,135.64586192746876,71.0
39239835,NORDLI,-0.42332328328821067,-0.4243164439948113,14,4.405377736164325,149.42528735632183,167.0
39240787,POÄNG,0.38697506561679784,0.3557066207921593,26,4.59909260926172,91.35057471264366,2853.0
39240792,POÄNG,0.2322834645669291,0.294237780655491,5,4.59909260926172,91.89655172413792,2853.0
39241211,SONGESAND,-0.6519281943157376,-0.6506756810428532,6,4.208604646423971,233.97945752101407,516.0
39241225,SONGESAND,-0.5696437575146414,-0.47695223307858803,6,4.20586830292516,177.01149425287355,765.0
39241348,SONGESAND,-0.42500000000000004,-0.42701916260776107,3,4.402810398842939,417.52577319587624,336.0
39253713,HAVSEN,-0.5068883277216611,-0.5508181605193416,18,4.230031903205229,143.67241379310343,135.0
39260841,KOMPLEMENT,-0.005862870954134486,-0.020749602767261264,22,4.49712457568,40.70964174270253,262.0
39269083,IKEA 365+,0.28321678321678323,0.26409225007523285,5,4.685167950136028,4.077765001490566,279.0
39269097,IKEA 365+,0.12586757080175506,0.18635464985344388,4,4.596134838561424,4.065477787655852,656.0
39269120,IKEA 365+,0.42945079365079364,0.3738484185487287,30,4.699068488304166,4.2730014217696795,4711.0
39270289,LANDSKRONA,-0.1470588235294118,-0.09496369715180318,7,4.405436509237159,556.0806553245117,165.0
39270326,LANDSKRONA,-0.4598930481283422,-0.4557728059560923,9,4.215844417897931,676.0595130748422,272.0
39276818,IKEA 365+,-0.08935361216730042,-0.21350396376515093,3,4.5991339365659565,8.264921233636565,2990.0
39281004,IDÅSEN,-0.23333333333333328,-0.23403858988598186,7,4.59038701546273,700.0,253.0
39281725,ÅHEIM,-0.20013003510196103,-0.27531046736500575,16,4.497841504531904,109.00778133270134,355.0
39284998,BESTÅ,-0.6450471698113207,-0.6480561089576112,13,4.0795619533048555,120.68965517241378,85.0
39285808,EKET,-0.11953551912568305,-0.09244284613247006,18,4.306036460454427,22.988505747126435,445.0
39287398,BILLY / OXBERG,0.16386554621848737,0.09710106923373675,13,4.682925896086822,97.68965517241378,240.0
39287421,BILLY / OXBERG,0.18253138075313813,0.07576759480216465,15,4.685651078796091,91.94252873563217,289.0
39290824,BERGSHULT / GRANHULT,0.6124861265260821,0.6086136734447823,18,4.777353580986861,23.733453578823283,256.0
39301771,BESTÅ,-0.9030479822563703,-0.9071859561866882,4,3.7233101453298714,310.9737287531932,59.0
39305415,SÖDERHAMN,-0.27407407407407414,-0.3085209126385597,5,4.209612722155648,507.61421319796955,460.0
39305420,SÖDERHAMN,0.04769544181308888,0.046604131162954726,4,4.405784192967443,416.17778067487995,154.0
39306368,NYHAMN,-0.4942648996357436,-0.5741661401574002,14,3.7559460131292184,326.22590199261396,225.0
39318031,HYLLIS,-0.36077481840193704,-0.38385844031558597,19,4.142071586778948,52.194917034236504,134.0
39319686,NYMÖ / SKAFTET,-0.06349206349206349,-0.05612270618909277,15,4.662668484664407,80.4367816091954,100.0
39323669,ENHET,-0.4782608695652174,-0.4917248744930854,21,4.59406578858861,95.82215408202376,423.0
39332013,KOMPLEMENT,0.03790849673202612,0.061519789636105306,3,4.580844714635295,60.91954022988505,118.0
39384568,BERGMUND,-0.08602150537634407,-0.11257148816222155,11,4.4984025420444445,87.34482758620689,486.0
39388081,BERGMUND,-0.07753164556962028,-0.08765048824871251,9,4.4984025420444445,96.55172413793103,486.0
39392568,VIMLE,-0.5373944044020771,-0.4851904959118034,6,4.013578195345455,411.189332869797,70.0
39399112,VIMLE,-0.7785547785547785,-0.7669026936605061,4,3.7944088971555563,964.367816091954,126.0
39407070,IVAR,-0.7512861309997347,-0.7523660010203902,18,3.1869465089662348,114.76439433721072,59.0
39412689,BESTÅ,-0.9036458333333333,-0.9042451262412349,3,3.5407028236325933,365.0,117.0
39417601,KOLBJÖRN,-0.23809523809523803,-0.24810831564865607,19,4.5833005204512824,208.98970804452844,138.0
39428280,HJÄLPA,0.21121273712737132,0.20763336669028462,18,4.407006205566198,8.045977011494251,124.0
39429232,POÄNG,-0.2916666666666667,-0.2833520327629744,5,4.401786142173071,136.7816091954023,539.0
39429699,BESTÅ,-0.8503981797497155,-0.8491262521776025,17,3.154498919912728,195.4022988505747,92.0
39437500,IKEA 365+,-0.49609375,-0.4137194838083633,27,4.334083916956098,9.99846177511152,1098.0
39440475,KIVIK,-0.8037037037037037,-0.8155679412402101,7,3.8966793540196725,1263.2183908045977,104.0
39440814,SAMLA,0.6152915711739242,0.5594993411610103,34,4.699299328963003,15.511494252873563,6269.0
39443049,KIVIK,-0.43241758241758244,-0.43531758096975487,4,4.210233588397328,688.5057471264367,435.0
39449616,SÖDERHAMN,-0.20454545454545459,-0.20561721869861405,3,4.324954296342858,620.6896551724137,94.0
39470231,KIVIK,-0.837682301931415,-0.765425837110665,8,3.8651650894497243,477.33307259413766,166.0
39481357,LURÖY,-0.5168391300182045,-0.4127432981122485,6,4.116230662919796,45.531337126747715,376.0
39483337,BILLY / OXBERG,0.10872395833333326,-0.15375800959473965,3,4.685651078796091,125.4295532646048,289.0
39483808,BILLY,-0.10179344217250935,-0.11038635132880918,12,4.562784017005715,102.02897185522313,52.0
39483907,STRANDMON,0.002119309262166469,0.025151477671717756,16,4.596655816675738,344.2322317102318,761.0
39494760,PAX,-0.18057842021905463,-0.29143293068389275,6,4.594617523120661,212.64367816091954,466.0
39501317,LOBERGET / SIBBEN,0.1285714285714286,0.14613085550406632,11,4.493059320606897,37.532687278880175,98.0
39501987,POÄNG,0.2293195934500282,0.23604703217474954,4,4.59909260926172,145.6209029136843,2853.0
39507277,METOD,0.21776155717761558,0.19213880840066458,3,4.714998372471234,102.60449485402226,55.0
39508998,EKTORP,-0.32887700534759357,-0.27464137449054493,3,4.306607284138062,556.0806553245117,405.0
39509040,EKTORP,-0.6767886683209263,-0.6541800019710933,8,3.915636090101961,759.4038582923581,84.0
39516762,BACKSJÖN,-0.38888888888888895,-0.37340657303110375,3,4.413265082538668,219.54576737783893,57.0
39521160,BRIMNES,-0.3757749278311486,-0.3602054739558526,6,4.210735703715888,468.4541323518652,410.0
39522956,BLÅLIDEN / STRIMSÄV,-0.5966981132075472,-0.5922189256217516,9,4.044853350585508,105.98761183757742,51.0
39534761,HAVSTA,-0.6076565528100775,-0.606334301072416,10,4.412920534940261,764.9425287356321,59.0
39552175,KALLAX,0.06651930403138684,0.0669581995273319,4,4.643524117825643,124.13234643018777,60.0
39552953,KALLAX,0.059486506323396526,0.0036612336509586965,8,4.594158926435875,85.59270114942528,428.0
39561288,KUGGIS,0.41346912018190485,0.4160720198487504,6,4.708353820957816,12.4332434869841,751.0
39571391,BILLY / OXBERG,0.07754629629629639,0.07430058204118324,7,4.587711703728302,48.09763101220388,194.0
39574865,TROFAST,-0.6921213417526109,-0.6938972399495199,18,3.4824360148800015,111.56413117476544,62.0
39578509,VIHALS,0.050699300699300676,0.04283432932092392,19,4.569351543416471,68.81624225739847,67.0
39581494,BILLY,-0.06839622641509435,-0.07784226046480015,7,4.591884365079127,121.26825944380562,303.0
39581559,BILLY / OXBERG,-0.27670499213836475,-0.2766143923529127,6,4.57734679296,207.22599250548274,97.0
39581880,BILLY,-0.04456018518518512,-0.03994301865647195,3,4.59038701546273,114.9310344827586,253.0
39588933,METOD / KNIVSHULT,0.014319809069212375,0.014957735832752802,3,4.735363345733334,373.2001175433441,78.0
39612221,BESTÅ,-0.9333325343177206,-0.9303929737963673,8,3.8359488119040006,530.6030105862645,82.0
39619067,SOCKERBIT,-0.06732223903177004,-0.06780530236520019,17,4.407055894967376,34.41156228492773,123.0
39620749,SAMLA,0.2956403269754768,0.3063130732744614,15,4.561689429270589,14.942528735632184,50.0
39895258,PAX,-0.40625,-0.48609256078741064,5,4.498759447134669,320.7331042382589,631.0
39895296,PAX,-0.5903614457831325,-0.5040711053718726,3,4.684434209153357,172.86914765906363,631.0
40014340,IDEALISK,-0.25069911132726147,-0.24613237652018283,22,4.30707564858329,4.4228857834198845,458.0
40031373,BLECKA,0.30000000000000004,0.3108420175186954,21,4.685365053788705,5.735632183908046,283.0
40033763,IVAR,-0.5633971291866029,-0.5851587467287072,17,4.107695404561252,97.70114942528735,813.0
40041131,SMULA,0.3650740392234548,0.2540074995995361,24,4.6943306064226515,3.433740174586246,759.0
40054538,KRAMA,0.6039781703288811,0.5306951233524949,28,4.697552711772445,5.035573547296719,1782.0
40064702,RAJTAN,0.36937542709957777,0.33600865936882346,24,4.6937159503429395,2.886173428005673,788.0
40065160,HULTET,0.36906377204884666,0.3231060816505805,22,4.687831163509393,5.735632183908046,344.0
40076093,ANTILOP,0.6568424566088118,0.6435157843676577,24,4.597063000214656,5.747126436781609,869.0
40078030,DIGNITET,0.5294117647058822,0.535594431244624,13,4.328231123135354,4.586206896551724,81.0
40082536,SOARÉ,0.268,0.2590172138224636,23,4.691625249411407,5.012232607741045,508.0
40102978,SAMLA,0.7254030474728173,0.6808375017335703,36,4.599620411072475,2.867816091954023,6845.0
40103633,LACK,0.14320647744784257,0.12215701150102776,4,4.499736544892146,22.42962856693423,3038.0
40103751,LACK,-0.12010463907785338,-0.05346399073081528,6,4.492967666135133,33.77002371829958,763.0
40104109,BILLY,0.02071210764840821,0.017571780464341845,20,4.1286765972663675,5.747126436781609,205.0
40104294,LACK,0.2584634991177047,0.19619516544314375,18,4.499783162184325,27.27555845280778,3695.0
40111987,MERETE,-0.4379084967320262,-0.42226288976696824,19,4.107193342171428,44.99,871.0
40125550,ARV BRÖLLOP,0.006399999999999961,-0.0682348223220012,29,4.793635775579897,20.678160919540225,957.0
40125786,DYNING,-0.22892469996128528,-0.2118605400258915,4,4.242154873306423,33.87630815418318,91.0
40143304,LEN,0.352348945196056,0.3295965179325534,20,4.403797256451909,7.028314808855443,244.0
40149848,SLUKA,-0.7617346688871474,-0.7544097904539911,10,4.226870650236258,21.214022372793544,153.0
40151841,LÄCKÖ,0.27419354838709675,0.25913250240638935,19,4.685067393865762,50.12232607741045,277.0
40152633,TJUSIG,-0.3936170212765957,-0.3878071730028021,13,4.589621040599203,33.68712505768343,233.0
40153699,KRITTER,0.6862745098039216,0.5891396135765542,17,4.688528336433333,22.97701149425287,366.0
40153859,KRITTER,0.33591331269349844,0.2236623474858902,17,4.590922930977003,39.90358864488484,269.0
40154401,JUBLA,0.25272477800502235,0.20727105865772905,14,4.6914463712434955,7.9509654550542574,497.0
40155311,SEDLIG,-0.721875,-0.7442910108468561,15,4.404288280993104,57.45977011494253,214.0
40176846,STORNÄS,-0.47619047619047616,-0.4820140177283035,3,4.737322032226263,298.45979344516746,81.0
40176950,FLUNDRA,-0.05044709480122325,-0.04233277465236203,30,4.580433044028772,4.414784001914149,1095.0
40177228,STÖDJA,0.5745721271393642,0.5822737910694201,17,4.497763558862222,2.28735632183908,342.0
40177233,TURBO,-0.8629441624365483,-0.8631318642617063,23,4.111219089807719,52.404956941818945,552.0
40178591,LAIVA,0.15424964256535947,0.14358136813650405,14,4.4995051513155495,29.871153798549393,1609.0
40178888,BEKVÄM,0.5285269247886071,0.38146737273797293,8,4.5992694563068985,23.69109073962433,3548.0
40180136,DIMPA,-0.1943681318681319,-0.18877866467962048,16,4.593180317252356,9.08924888322295,364.0
40188585,SEDLIG,0.13167828746177374,0.1508144247897282,10,4.7409036303847625,9.484695721489828,186.0
40201676,SENAP MILD,0.25696771245811756,0.23718525156758866,24,4.597807139049158,2.651833103805091,1170.0
40203557,MORUM,-0.14179104477611948,-0.12712627846362257,3,4.59876300151491,68.95402298850574,2088.0
40204651,UTRUSTA,0.47296832652400794,0.4577085955123207,16,4.584493340419048,9.195402298850574,150.0
40205090,RINGHULT,0.25126262626262624,0.26967853953638776,5,4.575878529540741,24.137931034482758,91.0
40205537,METOD,-0.16543209876543208,-0.15864049300481237,17,4.316836633677109,46.14674665436087,148.0
40211637,VÄSMAN,0.032786885245901676,-0.024829657739377984,13,4.587166902415763,57.4300071787509,185.0
40212203,RIKTIG,0.6353174603174603,0.5937399538279043,24,4.499041525226667,4.586206896551724,822.0
40212482,GRÖNSAKSKAKA,0.0784313725490196,0.03873564108455619,22,4.796752946724438,6.885057471264368,1893.0
40216357,MOPPE,-0.6977838945924053,-0.6989640193725409,6,4.402090086534454,32.541359390764455,458.0
40216908,HEMNES,-0.1813059507971227,-0.1855840823247433,6,4.583406886563058,171.26436781609195,139.0
40217149,RÄCKA,0.7330508474576272,0.6589025707196527,21,4.597102203771302,6.8728522336769755,881.0
40217248,BLÅST,0.7573529411764706,0.7609140091411802,19,4.681012418924138,8.614501076812633,214.0
40217677,HEMNES,-0.2559793148028442,-0.2628684352657643,16,4.497194707980488,181.4379217064146,269.0
40222607,DRAGAN,0.02372094154265153,0.013354779240792338,16,4.683744949042067,14.93103448275862,253.0
40222933,KOLDBY,-0.5672514619883041,-0.5467820166609859,19,4.4979408726097185,228.73563218390802,373.0
40224098,SYRLIG,0.6379310344827587,0.5421015198713244,17,4.498170184523637,4.022988505747126,422.0
40226766,DRYCK BUBBEL PÄRON,0.142352016762703,0.057921179175540974,16,4.690402791264488,4.346718541974974,441.0
40240989,DAGOTTO,-0.6446193609022557,-0.49148361010947744,28,4.301855830803718,21.49833237207792,1488.0
40242653,TJUSIG,-0.2031073446327684,-0.09610949375459953,18,4.497782041846833,11.509722642139936,345.0
40243596,LILLNAGGEN,-0.03125,-0.04124743332660208,18,4.201384834596263,2.0682232591529073,3300.0
40244831,FROST,-0.17448249424993612,-0.19278271992422552,18,4.302285266713328,22.954022988505745,1205.0
40246156,RISSLA,-0.41666666666666663,-0.4553286178745547,21,4.594361214697835,34.47126436781609,444.0
40247373,BESTÅ,-0.29281045751633983,-0.37729451158436894,3,4.301816037160753,45.97701149425287,1521.0
40249485,MALM,-0.10135135135135132,-0.10317242239195239,3,4.493710009300001,159.77011494252872,614.0
40249541,MALM,-0.0449438202247191,-0.02986866936080053,21,4.499128659296971,78.89990982867448,906.0
40253076,RÅGRUND,0.3,0.2615374587138849,21,4.593180317252356,40.2183908045977,364.0
40253081,RÅGRUND,0.07446808510638298,-0.0008945059602849526,9,4.493176959240678,45.96551724137931,100.0
40255462,GESTALTA,-0.1413964477757862,-0.13491866166872535,26,4.498887957445304,10.05940836516799,706.0
40256621,VÄXBO,-0.2935323383084577,-0.32261836867047206,25,4.498770810977709,11.482758620689655,637.0
40256895,KOMPLEMENT,0.31570609921894544,0.2531244501881385,6,4.499643121095035,14.10297219511761,2238.0
40258125,LINDRIG,0.17711184035261918,0.11497834703672113,16,4.8244800112301895,13.143471971208061,95.0
40258154,SATSUMAS,0.015504196469177667,-0.10653337650066073,26,4.7923013414272955,45.96551724137931,788.0
40263853,BILLY,0.2960527935023382,0.22369712811951267,12,4.5917297815568245,22.988505747126435,297.0
40272353,SIGGERUD,-0.26924282529952637,-0.25332702374983573,16,3.3441504908501063,13.21264367816092,453.0
40273178,VOXTORP,-0.12469733656174331,-0.10303522513203174,3,4.4025976010193215,48.17618719889882,367.0
40273183,VOXTORP,-0.1675632374161786,-0.17729429876181357,10,4.4025976010193215,63.79310344827586,367.0
40277143,GNEDBY,0.22941176470588237,0.18730494733491784,11,4.594747744335484,44.82758620689655,478.0
40278468,RÖRT,0.23473196991422032,0.24590433475689596,28,4.499553456012424,2.2685811865207812,1785.0
40279731,BOTKYRKA,0.09789014442952387,0.14547406022244305,10,4.5819088971555555,45.96551724137931,126.0
40281994,NYTTIG,-0.34556628199659983,-0.3290740723596883,8,3.3836614091906987,16.277548324803895,68.0
40282998,IKEA 365+,0.528,0.4473819098570881,17,4.697780796569471,2.8620689655172415,1967.0
40286736,IKEA 365+,-0.21760000000000002,-0.2701025632184818,17,4.685067393865762,22.97701149425287,277.0
40288274,FULLÄNDA,0.2236423250779907,0.31662996069885735,4,4.729232858936909,0.6908318883108799,102.0
40288354,EFTERFRÅGAD,-0.5360902255639097,-0.5007306507380334,21,4.402518686557975,11.482758620689655,377.0
40291747,SKRUTT,-0.017375168690958162,-0.005916067394923845,6,4.4977510647776535,4.586206896551724,340.0
40291766,MOSSLANDA,0.8006355428842955,0.6573738371096576,36,4.699333163970693,6.1875597193916665,6588.0
40291851,HANVIKEN,0.1421188630490956,0.13361158044244129,3,4.49582839995026,21.003990758244065,175.0
40294982,KARMSUND,-0.21259842519685046,-0.24804568754662365,25,4.695253104731035,68.15578465063001,910.0
40295439,FNISS,0.7650462962962963,0.7420286426729039,18,4.797900128998443,1.8975651613172104,2937.0
40295528,BESTÅ,0.2365340859368163,0.2397790481598423,4,4.649990457316253,6.283125266964789,1536.0
40295552,BESTÅ,0.20971871453161056,0.2360858151654194,10,4.4029434354745565,5.747126436781609,320.0
40296108,HEKTAR,-0.247983870967742,-0.3195012382658317,7,4.4981866693477475,47.937868237814676,426.0
40296170,ELVARLI,-0.2953929539295393,-0.29739194350439363,17,4.23797422471405,43.07250538406317,104.0
40296212,ELVARLI,0.4645175508895656,0.4511750861518649,6,4.568613026390362,6.015033379660888,65.0
40297848,RIKLIG,-0.14375000000000004,-0.15075741463921974,9,4.599226049076173,9.25925925925926,3348.0
40297990,LIVLIG,-0.059491978609625684,-0.09645196956220062,8,4.777270627071062,23.19538918827967,255.0
40298126,TYSSEDAL,-0.21238079931426124,-0.2116461461521164,10,4.497184899267133,110.34482758620689,268.0
40298895,FILBUNKE,-0.01124578688099559,-0.04146782363559355,4,4.410932760334067,3.1440885015022237,226.0
40299687,BURFJORD,0.09090909090909094,0.11177414996264447,3,4.4968177122150195,20.64693737095664,235.0
40300662,BRIMNES,0.05517633674630262,-0.12314406973646609,21,4.598392894010118,89.9458972046889,1603.0
40301223,BRIMNES,0.18462343096234313,0.19541116676214104,7,4.696146002791252,114.9310344827586,1125.0
40303444,VITTSJÖ,0.2154811715481172,0.23391503146505654,3,4.66736949029926,68.95402298850574,117.0
40303726,SUNNERSTA,0.7063496272724594,0.6311645092588181,22,4.590629069030216,0.6720920085495069,260.0
40307866,VESKEN,0.6726190476190477,0.5917087353588234,21,4.699073971240361,11.482758620689655,4739.0
40309304,DYRGRIP,0.006369426751592355,0.0174817425871303,21,4.497411193538264,3.4367816091954024,293.0
40309460,FIGURERA,0.8504,0.8192099323609149,5,4.746042445133913,0.5632183908045977,232.0
40309573,STUK,0.7222222222222222,0.6918067208360327,25,4.697320487342092,10.32346868547832,1626.0
40309686,STUK,0.2512437810945273,0.24447374472764324,23,4.697320487342092,8.585337915234822,1626.0
40309785,SANNOLIK,0.4371584699453552,0.43547507674150354,7,4.66736949029926,4.586206896551724,117.0
40310208,IVAR,0.3615069291214482,0.354074391305428,18,4.584211401153939,11.900025990696392,147.0
40314466,SKOGSKLÖVER,-0.3571428571428572,-0.3708931740196227,9,4.2027481346832545,45.96551724137931,1654.0
40316069,SOCKERBIT,0.7411371701362801,0.6086528773956686,32,4.696218782137683,7.163217045612215,1147.0
40318563,ÄNGSLILJA,-0.2199021159369322,-0.22255522463513278,4,4.203231280724614,29.40156169625494,1404.0
40318978,BORGHAMN,0.610705596107056,0.6113603784939453,19,4.777435931601455,17.241379310344826,257.0
40321004,JÄTTETRÖTT,-0.2880861040068201,-0.2097487755588996,4,4.489265082538668,129.05124968025677,57.0
40321631,SKÅDIS,0.5047732696897375,0.41786265420194396,17,4.495871185591795,2.2988505747126435,177.0
40323593,BILLSBRO,0.44173040696352595,0.33119143011806224,12,4.597478103766117,13.520216569239189,1015.0
40323654,KORKEN,0.3179916317991631,0.2783139113790877,27,4.696108552288339,4.586206896551724,1114.0
40324366,VARDAGEN,0.2731528108405054,0.26636815148345594,12,4.628068588609894,3.4367816091954024,276.0
40327505,FÖRBÄTTRA,-0.2788697788697789,-0.2675933464370453,11,4.034432273909244,22.988505747126435,220.0
40328538,BROGRUND,-0.45968035532255713,-0.5325577930133949,8,3.6916361975619054,11.940453686200378,150.0
40328557,MÄRKBART,-0.1406139134801166,-0.1295629708962834,28,4.302960679227119,3.6248361467055457,926.0
40329868,GREJIG,0.4683544303797469,0.45723065866332335,31,4.69856088898739,4.586206896551724,3043.0
40331055,FONNES,-0.1239698943310959,-0.13133102324545154,4,4.3085732551852765,26.088122340906168,308.0
40331164,HJÄLPA,0.2607510989084399,0.25050435254610115,14,4.496792355340239,12.180818434951789,233.0
40333587,SMYCKA,0.07218441013138291,0.025031787414835305,14,4.578820172279675,6.442067268165641,105.0
40334558,EKET,-0.24829931972789113,-0.2549717001312431,11,4.107042820694272,17.241379310344826,891.0
40334916,KUNGSFORS,0.5896464646464646,0.5863547845900245,19,4.5939696323851855,6.740306582506762,414.0
40334921,KUNGSFORS,0.13131313131313127,-0.03632501431994202,23,4.498272277232618,20.266005410279533,448.0
40337694,BRIMNES,-0.13010899182561309,-0.1515115883063159,19,4.4986260771167235,95.71568502193261,568.0
40339382,VIMSIG,-0.20467128027681658,-0.11357282398893209,8,4.491248708591305,84.62442915700375,74.0
40339711,NORRSJÖN,-0.9187898089171974,-0.9212634613797889,19,3.2134645636762795,28.707824838478103,197.0
40339792,HEMNES,-0.6830357142857143,-0.6642604923325263,3,3.9684983027200014,240.22988505747125,52.0
40339867,UNDVIKA,-0.22176897176897176,-0.22798297806230597,24,4.1161486898747475,5.735632183908046,378.0
40341101,IKEA 365+,-0.580879365079365,-0.5935501594656113,16,4.498478036276749,51.718390804597696,511.0
40341568,FLAKNAN,-0.36046511627906974,-0.38014616920615035,5,4.590457440257875,27.5223675154852,255.0
40342134,FULLTALIG,0.28116343490304707,0.2739233541776175,23,4.79087482528,13.781609195402298,662.0
40342803,ULLVIDE,-0.08354430379746833,-0.12286545522782051,3,4.209513211574327,17.229885057471265,465.0
40343001,TILLAGD,-0.8941720765964396,-0.8253314218279396,18,4.049071144852695,68.95402298850574,149.0
40344312,BONDLIAN,-0.5288753799392097,-0.5155986463515022,7,3.8227700409081082,11.436781609195402,500.0
40347730,FÄRGMÅRA,0.07958477508650519,0.05992747507509402,11,4.11007067904,5.642183011899878,617.0
40348715,BESTÅ,-0.19074453551912568,-0.19061106713636808,22,3.8543542912000004,12.180818434951789,199.0
40348895,ÖSTERNÄS,0.35172218946540884,0.3507409736374908,22,4.594606379276191,18.39080459770115,465.0
40349404,DVALA,0.2648305084745763,0.26099812434947783,11,4.400108801530009,9.183908045977011,9136.0
40349531,FEJKA,0.3426724137931035,0.2829398967712201,23,4.6974813500231,6.740306582506762,1731.0
40349847,NORDLI,-0.47321428571428575,-0.4743586080679706,5,4.401484897299105,458.6206896551724,652.0
40349946,MOTTAGA,0.5315030696006071,0.5379942305840711,6,4.786569006905627,4.068275279640464,444.0
40353537,MITTLED,-0.2741886409736308,-0.2831213759110339,4,4.021508874515486,19.170929512346895,363.0
40357074,MUSIK,0.13297872340425532,0.14206455274986632,21,4.594694259043584,28.631156930126,473.0
40357535,ENEBY,-0.43104806934594175,-0.36090844744370404,16,4.491784501942858,22.97701149425287,80.0
40357644,DVALA,0.128099173553719,0.232400789218971,3,4.302716113887657,8.148798695188507,1031.0
40357998,TOKABO,-0.021978021978021983,0.09063682411877778,9,4.216648120255073,11.004817618719889,258.0
40358592,EVEDAL,-0.6699788148991337,-0.6793390124046771,12,4.315272574810929,332.183908045977,165.0
40359148,IKEA 365+,0.4488,0.47748244447943683,27,4.59604686068346,1.7126436781609193,660.0
40359209,IKEA 365+,0.4592468551901743,0.43453779868574866,6,4.698560418689674,3.2311914252338534,3042.0
40360991,IDÅSEN,-0.4613473767885533,-0.46001600599919656,8,4.256035136468294,150.89948466239167,64.0
40362264,KÄMPIG,-0.1316666666666666,-0.1158562045538049,13,4.66784584810511,21.381325949853867,119.0
40365125,GALANT,-0.8144853875476493,-0.8182000693643774,5,3.5700633920831177,192.01651754989675,59.0
40365371,MAMMUT,0.7249267265066861,0.5727379691034497,16,4.693634221373411,17.229885057471265,674.0
40366115,VADHOLMA,-0.4546632124352331,-0.48092208480797527,9,4.494080008752942,458.6206896551724,118.0
40367780,FRUKTSKAL,-0.13851468378288895,-0.1655278401976909,10,4.690898514856199,17.804597701149426,466.0
40368713,NORDVIKEN,-0.44359218607825296,-0.4342000868947332,4,4.585028052818391,682.2826301006395,156.0
40368765,MATÄLSKARE,-0.8432043669553597,-0.8020417172258291,14,3.7548180693161295,331.2892678926894,230.0
40368770,MATÄLSKARE,-0.8194444444444444,-0.8030535924936391,13,3.7781315010942533,338.40947546531305,156.0
40369109,NORDVIKEN,-0.24428256181353125,-0.260276718483387,14,4.402001773018913,74.70689655172413,479.0
40370396,SILVERHÖJDEN,-0.10886512320288322,-0.11801193498775384,8,4.499072443767742,7.547551489906418,853.0
40370400,SILVERHÖJDEN,0.03125,0.03386306507678778,5,4.499072443767742,4.035166816952209,850.0
40371225,KUNGSFORS,-0.17187527088016552,-0.32661055217602863,14,4.326873857600001,45.03155996393147,86.0
40371254,TOMAT,0.4737550984797261,0.42805742001965097,30,4.598275897544937,1.5264115183974383,1493.0
40380989,TRETUR,-0.3131267245440474,-0.40055873466449754,14,4.3025759273644235,56.77272161935264,1067.0
40380994,TRETUR,-0.5230769230769231,-0.5071519474387975,11,4.3025759273644235,60.64021641118124,1067.0
40381253,TISKEN,-0.3695652173913043,-0.2768967718860505,33,4.102484413826884,6.196177273681999,2556.0
40381286,TISKEN,-0.032154340836012874,-0.061097676484479,25,4.107169149316592,8.251892635925671,874.0
40381291,TISKEN,-0.04487179487179488,-0.02265882160325177,17,4.208524825956216,3.3908045977011496,521.0
40381795,NORDRUTA,0.45148247978436656,0.3617258892201264,5,4.682588463203162,26.425287356321835,235.0
40383469,NORDLI,-0.5504462634110248,-0.5517853554820659,14,4.231471788975343,115.15469768576718,128.0
40383474,NORDLI,-0.4285621924297906,-0.449665261842869,4,4.2230898552281415,79.88505747126436,181.0
40383737,LOMMARP,-0.13411279229711137,-0.15431800537228996,15,4.689359616401933,458.6206896551724,396.0
40385067,MEDELVÅG,0.7015776202807688,0.5958504540627169,26,4.696169461904696,1.120677760536994,1132.0
40385289,ISTAD,0.45337995337995335,0.35151787701936454,5,4.782471415792091,2.125240943013888,1373.0
40385492,SALJEN,-0.1276595744680851,-0.1576249208962592,17,4.312533099508521,25.767468499427263,205.0
40386590,HEMMA,0.13104317424180828,0.11174860595626643,10,4.211632610608608,5.741379310344827,377.0
40388315,LILLVIKEN,0.6731835900606186,0.6837004461593844,12,4.637956073104227,6.261019939722662,53.0
40391092,FORSAND,-0.18487928843710294,-0.193927023707435,5,4.401328279292925,40.09163802978236,731.0
40391657,TORNVIKEN,-0.035455910455910455,-0.06324856586443735,22,4.694647486258081,416.09919677842237,805.0
40391879,SAXBORGA,-0.23911195195931245,-0.19161780019051036,10,4.590243000713109,16.426877128677848,249.0
40392044,BRIMNES,0.050387596899224785,-0.07470330581817819,5,4.6863195068024845,114.9310344827586,304.0
40394118,VATTENKRASSE,0.2622950819672131,0.2546372224278349,23,4.69568125606902,10.15592942141978,1002.0
40394321,POÄNG,0.8444444444444446,0.8039519716394716,5,4.497699660544001,21.839080459770113,332.0
40395245,NEIDEN,-0.5279126213592233,-0.4575772836860806,19,4.010426057494148,56.32183908045977,768.0
40395288,FEJKA,-0.1808873720136519,-0.2736711133547398,9,4.694196154401054,45.96551724137931,794.0
40395617,NYPON,0.6582125603864735,0.6333466477324534,13,4.697523823041259,2.6455026455026456,1761.0
40396018,STORSINT,-0.25095057034220536,-0.277547575159273,23,4.596938755805406,11.482758620689655,833.0
40396612,FÖRNUFT,-0.033333333333333326,-0.03582616707616704,3,4.826558543031194,12.110726643598616,91.0
40399045,TRAMPA,0.1722856477166822,0.10935758580886246,18,4.499679490919745,5.8377880339276365,2494.0
40399314,KLIPPAN,0.018939393939393978,0.024467873497192642,18,4.405957372397606,403.34748090337155,149.0
40399899,TOMTHULT,0.3415071770334928,0.3427560332720988,19,4.408727027985965,2.1536252692031583,96.0
40399903,KROKSHULT,0.7198824604525116,0.7227035301133841,20,4.675527117724445,5.086572457586835,162.0
40400001,SKUBB,0.1325503355704698,0.007473415660207524,31,4.697784145468009,11.909736732135395,1970.0
40400044,BERGSHULT,0.43766937669376693,0.40029616168915844,13,4.594527061324369,13.793103448275861,458.0
40400478,BRIMNES,-0.226161369193154,-0.29255941908960553,23,4.499308910893047,148.2758620689655,1147.0
40402811,DJUNGELSKOG,0.11567164179104483,0.0608684345895132,15,4.783882808286753,11.436781609195402,367.0
40404103,SKAFTET,0.2405857740585774,0.2419764271477122,7,4.498118881285982,13.525698827772768,410.0
40404886,KNIXHULT,0.1582112332112332,0.15672238594683305,6,4.790340838224659,57.45977011494253,55.0
40404891,NÄVLINGE,-0.18560567404837225,-0.20785355733093872,16,4.2069725056000005,19.450356712277255,641.0
40405777,KOMPLEMENT,0.2524997333617748,0.246120631081983,22,4.49825353837397,14.62187462969546,443.0
40406951,IRSTA,-0.47058823529411764,-0.45718954573992576,5,4.231688835795863,96.35237439779765,127.0
40407559,RÅGKORN,-0.009888438133874244,-0.02610340413830082,10,4.694095015000537,47.98275862068966,728.0
40407564,OXBERG,0.15245478036175708,0.14796693985445272,9,4.5874753903384615,40.229885057471265,190.0
40407922,BRIMNES,-0.5542407660738714,-0.5409137169919297,28,4.400313052608685,198.78290481752418,3160.0
40408455,DRACAENA MARGINATA,-0.29361979166666663,-0.27002168400044035,18,4.498715918963955,21.682276390962343,609.0
40410335,TULLSTA,0.5151515151515151,0.4674226377008364,13,4.402414760170874,39.518900343642606,394.0
40410811,LEIKNY,0.7612268580989907,0.7652672360823346,4,4.82320465156131,6.923708422844232,628.0
40414079,GRADVIS,0.49854713501458225,0.5097111111107712,6,4.791499837247123,6.575958256992198,712.0
40415465,LOMMARP,0.10894808743169399,0.11430359406834634,4,4.744597153485715,192.9321745799778,94.0
40416498,LISABO,-0.20602435335634234,-0.22144410263757042,20,4.59385585186415,205.76413445032472,406.0
40416827,BROGRUND,0.06895876417873034,0.06345484247956963,6,4.411054235448891,8.60919540229885,72.0
40417577,RÖDEBY,0.5132743362831858,0.5465659174672081,20,4.400911898432998,14.93103448275862,1073.0
40419958,JONAXEL,0.023325358851674693,0.015519195170167624,9,4.4014738980598525,15.900697578990563,657.0
40419963,JONAXEL,0.7681257620843679,0.7671543232665547,14,4.690339651733334,5.691417140843464,438.0
40419982,ALEFJÄLL,-0.2974137931034483,-0.2887014062867422,17,4.4991152540553845,293.84856499167404,892.0
40421188,MEHAMN,-0.13056667979691874,-0.12955232441673573,6,4.403947941231747,40.16076154362681,234.0
40423559,FRÖSET,0.4633006077606358,0.3221844897879612,4,4.495762532581053,96.57992081506586,172.0
40423719,KALLAX,0.4898871527777778,0.4366697063189347,22,4.691672743271078,24.317396082426576,511.0
40424224,SILVERTOPP,0.09741784037558684,0.07247342752743917,13,4.20823455410466,6.194477791116447,540.0
40426341,VANILJSTÅNG,-0.47176079734219273,-0.4770127924112802,15,4.592470754885548,57.45977011494253,328.0
40427005,STOENSE,-0.1325573203535289,-0.146801818374218,10,4.634440076869883,61.616298963340185,4909.0
40427109,GULSPARV,0.24125874125874125,0.23812617559708305,17,4.6715798786477425,17.17640320733104,137.0
40427294,KNOPPÄNG,0.05434782608695654,0.023901127096848385,5,4.5977941415668075,10.417288520088354,1163.0
40427326,EDSBRUK,-0.2271654870239299,-0.22716366395763948,4,4.5959103315390895,21.507465339495198,619.0
40428482,FÖRNUFT,0.27660929176305793,0.24846564338286828,22,4.594079275432727,2.325895875591616,422.0
40429580,SPJUTROCKA,-0.44670846394984326,-0.4423931815240611,17,2.8980094776,4.300071787508974,286.0
40429976,MALM,-0.30620524126716075,-0.30472929778752716,4,4.010129643004203,28.729885057471265,791.0
40430164,VÄLVÅRDAD,-0.40297315830721003,-0.37512498836364916,6,3.829475058956192,5.09379583905216,87.0
40430588,LACK,-0.12465846994535519,-0.1586964413586992,4,4.005734696424353,8.034482758620689,1411.0
40431601,FRIHULT,-0.1949221046443269,-0.1599653518334929,18,4.410932760334067,34.47126436781609,73.0
40432479,BUMERANG,0.5060975609756098,0.47810515678707144,29,4.597574377272253,1.2357884330202669,1056.0
40433105,UPPDATERA,0.5086045075451855,0.5175439477973045,14,4.576317101730909,6.885057471264368,92.0
40434322,VOXLÖV,0.037698412698412676,0.0434720279269723,16,4.773482398249573,343.2515596448029,216.0
40436774,KONSTRUERA,-0.08868064379500214,-0.08688146513813128,18,4.254057425769413,16.091954022988503,67.0
40439254,TRÅDFRI,0.2588492063492064,0.26646289897002395,8,4.492409224369796,10.16096523029492,99.0
40439763,BRUSALI,0.35126785714285713,0.30590729298226943,14,4.593487202976,80.96813140697702,382.0
40440342,UPPLYST,0.11646586345381527,0.02095425820892585,11,4.494805685099355,19.99,137.0
40441619,EKOLN,-0.19178571428571428,-0.15923780932338857,10,4.30208728991068,6.226387060889522,1321.0
40442195,TONSÄTTA,0.02102547211242861,0.024986866067276736,8,4.772543722081417,31.77185738003172,208.0
40445392,GRÄLVIKEN,-0.42991913746630733,-0.38004880339786,3,4.402577412410363,516.2068965517242,368.0
40447051,LIVBOJ,-0.14333333333333334,-0.16239081426238697,6,3.4138953044553038,5.734387960658846,1349.0
40448036,TENHULT,0.026658408332490655,0.0797197489544778,6,4.316391147188653,22.97701149425287,170.0
40448437,BÄSTIS,0.8309859154929577,0.7395578109291112,25,4.789151890193007,1.7126436781609193,554.0
40448734,BOAXEL,0.5109289617486339,0.5012651969777001,11,4.589279346462551,8.401596303297627,225.0
40448946,ENHET,-0.1274399647499449,-0.1170824560149522,10,4.496110537151691,82.89884267488249,189.0
40449168,KLOCKREN,-0.05520000000000003,-0.08002655660826678,29,4.4990798642176,4.586206896551724,857.0
40449192,KLOCKREN,-0.5934955141476881,-0.590888383736158,20,4.403657651435295,16.67017556139075,1058.0
40449639,NYDALA,0.5166852057842047,0.5189175632614871,9,4.669194973359441,16.091954022988503,125.0
40450618,VESTERÖY,-0.3406270376005217,-0.30437462434821383,10,4.448280504613877,220.8248717559484,2534.0
40450680,VALEVÅG,-0.7094240837696335,-0.6673615012913532,15,4.102585879979943,343.069873997709,2455.0
40451236,VADSÖ,-0.5348190266568844,-0.48056428867276374,4,3.820875895912212,92.78154160328624,547.0
40451284,VESTMARKA,-0.7288732394366196,-0.7286666290349031,5,4.013749800655034,194.25287356321837,578.0
40452189,JUTHOLMEN,-0.2704918032786886,-0.31148820000818966,17,4.491248708591305,74.71264367816092,74.0
40452368,FEJKA,-0.2180685358255452,-0.20802129530901073,13,4.661016647702656,26.425287356321835,95.0
40452603,PLATSA,-0.0038938176607022923,-0.0011395394532245269,12,4.575423407456604,77.01149425287356,88.0
40454008,KROKFJORDEN,-0.4946529656172443,-0.49097716523870566,20,4.021794896782979,11.817367619835675,358.0
40454485,SÖDERHAMN,0.3106060606060606,0.3179960647475964,5,4.2574360148800015,25.773195876288657,62.0
40454560,SUNNERSTA,0.8443288295283947,0.7520556344308519,24,4.7857024912221195,5.00397343862168,416.0
40455649,BINGSTA,-0.18437499999999996,0.05568790256380208,11,4.5734171550040825,171.26436781609195,80.0
40456757,TIPHEDE,-0.3448275862068966,-0.3183534535244035,29,4.301218344023714,11.482758620689655,2276.0
40456922,HAUGA,-0.21760996858805365,-0.21729990916729897,14,4.587166902415763,206.32183908045977,185.0
40458186,PAX,-0.6323833257555265,-0.6311321486088405,4,4.307615480082834,198.2758620689655,349.0
40458426,SMÅSPORRE,-0.0877350580907893,-0.1189610869176213,4,4.694352411782564,32.2140854055414,762.0
40458643,STJÄRNBRÄCKA,0.1413612565445027,0.15344463867694416,3,4.674536885493643,103.43678160919539,155.0
40458756,GRIMSBU,-0.22093549448741157,-0.3266403136153872,4,4.643524117825643,52.066089106141945,187.0
40458898,IDANÄS,-0.4226968956596723,-0.43108168143741527,4,4.4063368228687905,352.0690173398423,151.0
40459708,ISJAKT,-0.6489795918367347,-0.6538469270807734,19,4.304911917733567,102.54645560908465,551.0
40459973,UPPDATERA,-0.014184397163120588,0.04039084279576837,13,4.309254573478146,19.528735632183906,284.0
40459992,UPPDATERA,-0.012164638775023315,-0.009256307996500323,12,4.159765244770094,11.482758620689655,89.0
40460368,LAPPTÅTEL,0.09272300469483567,0.10038940778759715,27,4.202379534536717,6.46337778928741,1913.0
40460815,LAGKAPTEN,0.022091358667360755,0.0027534619527380716,14,4.303597015689061,33.77002371829958,759.0
40461631,LUDDROS,0.07676206221153474,0.10388950427569459,10,4.301258388649437,15.498457787710322,2203.0
40465276,LEN,0.530690537084399,0.5071445805830677,15,4.578108245297479,9.183908045977011,102.0
40465399,ALMTJÄRN,0.19580419580419572,0.20682347955075228,3,4.5980802366915245,7.974532600826199,1339.0
40465403,ALMTJÄRN,0.0,0.0022839021267929325,3,4.5980802366915245,29.99,1339.0
40465441,LINNEBÄCK,0.49804607157548336,0.32195923163670254,8,4.494330149228169,66.42245298743305,124.0
40465733,NISSAFORS,0.27115156662430345,0.14985494924772755,8,4.5992040578033615,29.839183007410178,3255.0
40465771,KNOPPÄNG,0.004672897196261627,-0.0007539645608173631,11,4.736682461126532,26.321839080459768,80.0
40466148,GLIS,0.9207317073170732,0.9135927592704505,5,4.767341479949474,3.845562221196739,172.0
40466228,PINNARP,-0.7586376924917284,-0.7609944656770735,6,3.921596713303093,225.2422498721712,79.0
40467548,VÅTHULT,-0.15918367346938778,-0.14712281149365555,19,4.308367907755689,22.97701149425287,316.0
40467826,HÖGKLASSIG,-0.9035144306392605,-0.8911842844686567,12,3.7425451962074083,809.3537333778888,90.0
40469019,FEJAN,-0.07142857142857145,-0.12914275697390473,19,4.1259954519934965,19.375448671931082,228.0
40471828,LÅNGDANS,-0.2629310344827586,-0.27190205448960597,9,4.12920037073242,34.47126436781609,201.0
40472031,SOLKLINT,0.06485355648535562,0.07197850367427223,21,4.593144424185263,34.404679972470745,362.0
40474756,TROTTEN,0.6723471258869489,0.6771921246160306,10,4.718353699873685,56.89080459770115,58.0
40474761,TROTTEN,-0.5263157894736842,-0.5086450315761928,15,4.338286043704111,171.26436781609195,55.0
40474841,TROTTEN,-0.283661119515885,-0.2784016642930613,3,4.230031903205229,45.96551724137931,135.0
40475572,RENGÖRA,-0.9104995600742984,-0.8946555938402742,14,3.4840481468601774,510.34482758620686,208.0
40477397,BILLY,0.29199110122358174,0.2577268202995828,3,4.497334043676822,12.310217480508824,284.0
40477646,SKÅDIS,-0.07146616541353384,-0.06996169811397245,14,3.634504706054322,1.1494252873563218,63.0
40477665,TJOG,0.0714285714285714,0.12648029526880508,5,4.5794872534677165,6.196177273681999,109.0
40477726,HEKTOGRAM,-0.04016064257028107,-0.03877550750676964,19,4.496529660303448,26.149968494013862,214.0
40478189,FÄRGKLAR,0.3773885350318472,0.3392445276909974,15,4.596356477189371,2.146446518305815,697.0
40478207,FÄRGKLAR,-0.10023328050713154,-0.1162721745879913,4,4.593437987885139,7.440691276459918,379.0
40478354,SESAMFRÖN,0.6689750692520775,0.6512364602291841,7,4.856493919513044,5.01794687724336,166.0
40479216,VÄSTANHED,0.27727057710501424,0.2731054322143999,18,4.687831163509393,9.062333842589801,344.0
40480154,GENOMSNITT,-0.7944444444444445,-0.7957316409964673,17,3.3486999559494146,14.93103448275862,409.0
40482450,DVALA,0.11946902654867253,0.027381365525561235,3,4.400109291573152,14.016573870257671,9136.0
40484109,TYNGDLÖS,0.1484375,0.11581390059485196,15,4.84627437040537,15.647973114891828,131.0
40484232,IKEA 365+,-0.4312913907284768,-0.42282519786108785,25,4.498041073455961,13.781609195402298,393.0
40484270,IKEA 365+,-0.6812339862798579,-0.6792281129667308,4,4.499456000804324,33.298850574712645,1462.0
40484294,IKEA 365+,-0.7869565217391304,-0.7731482596755469,11,4.23022948151579,32.172413793103445,134.0
40484835,STORSTOMMA,0.8752885045988494,0.7962128573915753,22,4.874293348594873,1.1379310344827585,1096.0
40485585,NISSEDAL,0.31503378378378377,0.31473092254342255,8,4.69917599722978,45.96551724137931,5328.0
40486387,TÅGARP,-0.06024153670597185,-0.088425626108308,18,4.303731483565287,16.937247682932714,731.0
40487278,STRANDTORP,-0.13070539419087135,-0.1300282820321312,7,4.688284258485107,573.5632183908045,358.0
40487283,FÖRNUFTIG,0.04444444444444451,0.06623193453392019,17,4.575189344670477,13.503155996393147,87.0
40487787,HUVUDROLL,-0.08823529411764708,-0.1724237176098113,5,4.794884485729925,12.388162422573984,1413.0
40488126,IKEA 365+,-0.5765262999018943,-0.4784480012101559,6,4.4981866693477475,38.22556331296591,426.0
40488447,NYMÅNE,-0.7289156626506024,-0.7352742237960235,9,4.124407943474809,90.80459770114942,244.0
40488796,DELSJÖN,-0.42719987157639966,-0.4320240812684713,14,4.2173391743033966,90.93494489868468,247.0
40488961,HAUGA,0.36318131256952163,0.373321485245713,3,4.6895116218819055,46.163315551908084,402.0
40489135,TONSTAD,-0.7003642544924721,-0.6893848702274421,12,4.2321320362965045,573.5632183908045,125.0
40489319,TONSTAD,-0.3801955990220049,-0.40602632377430875,3,4.4067221702054065,136.00084015963031,130.0
40489423,ALMTJÄRN,0.05688622754491024,0.07531229577936216,15,4.5980802366915245,23.84932242851173,1339.0
40489668,POÄNG,0.5536431310624859,0.41039178475170884,12,4.40736949029926,13.922070490633233,117.0
40490742,STUDSVIKEN,-0.034556854526651776,-0.034475719799200236,4,4.41081392598261,35.86793559741868,74.0
40493910,EKOLN,-0.08249999999999999,-0.03579948160526215,8,4.498912001608649,11.096226659032563,722.0
40494250,VEDBO,0.01458380329348069,0.054610251218991476,8,4.590696004251429,258.7438807669723,262.0
40495136,YTTERSKÄR,-0.49931693989071035,-0.5268221987622964,7,3.3796359592811607,48.96659809971594,51.0
40496310,KNOXHULT,0.2907801418439716,0.31082160602319453,11,4.649941831709092,41.37931034482759,70.0
40496471,NYSJÖN,-0.5439560439560439,-0.5526396624510238,19,4.310275298494118,126.43678160919539,254.0
40497395,ORMANÄS,-0.4060175698239223,-0.40771121779554537,18,3.72936874949916,34.84830715698911,101.0
40497828,HJÄLPA,0.1785262636402748,0.17389637632103552,18,4.320400592630658,4.594685274614251,119.0
40497932,ÖVERMÄTT,-0.1289808917197452,-0.124969457677666,7,4.5796475093,6.885057471264368,110.0
40498922,FRAMTUNG,-0.29477793304575006,-0.3076118379057722,20,4.4971650746140845,8.32183908045977,266.0
40498941,JUTTERSBO,0.10143198090692124,0.10323554541430773,19,4.490638153376745,17.241379310344826,68.0
40499974,LINANÄS,-0.17701863354037267,-0.15727311336006988,9,4.223443271379592,234.12546314041137,178.0
40500005,IDANÄS,0.02481425426527245,0.02640913711885754,16,4.708748252800001,256.0073923545474,50.0
40500345,KÄTTIL,-0.30333548670193317,-0.31713874003279036,4,4.036421694179556,51.69776221006511,207.0
40501302,ULLERSLEV,-0.43790849673202614,-0.45168146087263733,3,4.4989961112099754,45.96551724137931,784.0
40501892,KALLAX,-0.2067368477445623,-0.20148385295598198,16,4.305738975750308,34.38311699278189,469.0
40502194,JÄMLIK,-0.297791294749976,-0.2741827892633881,10,4.4122824838321,9.102802403367509,63.0
40502250,SAXHYTTAN,0.29223581863024095,0.30905535760791236,20,4.5924489309866665,19.196942732595424,327.0
40503358,GRÄDDAT,0.39669385629989584,0.3789930816946228,12,4.67902324376381,2.3030939537153436,192.0
40503363,FASCINERA,-0.6051324503311258,-0.6060461027285741,11,4.402794610085394,17.229885057471265,338.0
40503546,SKRUVBY,-0.5470660146699267,-0.5420330086058589,15,4.049071144852695,88.78183069511356,149.0
40503626,GLADELIG,0.4064039408866995,0.38949420688407604,11,4.79466948934737,4.577191621411948,1333.0
40504193,GÖRSNYGG,0.912568306010929,0.8818073559449375,7,4.747856144457144,3.4367816091954024,202.0
40504249,HEDERSAM,0.027918781725888325,0.03357098929164858,5,4.488331611455074,3.3588818755635708,58.0
40506192,LÄTTLAGAT,-0.664179104477612,-0.6718813504399722,11,3.8657912340292695,4.93688007213706,80.0
40507342,TROTTEN,-0.23199999999999998,-0.23809963151285407,11,4.495372880404598,183.90804597701148,156.0
40507813,LÅNESPELARE,-0.2263552859999561,0.06281291105474143,10,4.575423407456604,19.55474885243244,88.0
40508426,KLARBÄR,0.29635761589403975,0.2513782740719618,7,4.661358606933334,6.885057471264368,96.0
40509968,BYMOTT,0.44843203398300846,0.4238685472343135,22,4.497334043676822,9.594454263585067,284.0
40510306,NÄMMARÖ,0.180327868852459,0.1589503677091764,19,4.736029702993815,80.44827586206895,79.0
40510735,VAPPEBY,-0.49156588924081,-0.36887969656053915,12,4.587535316700478,68.75558921978916,191.0
40510839,FIKADAGS,0.6669187213302753,0.689408741037405,24,4.690210847089777,1.0982763802949742,432.0
40511056,NACKANÄS,-0.3696663538526047,-0.3677196077345416,14,4.566167288187014,234.87821306737933,59.0
40511358,MÅLERÅS,0.6342012214721955,0.608251948713579,8,4.6897316577864805,14.36206896551724,411.0
40512372,VODSKOV,-0.8010075566750631,-0.7982169600587355,3,4.035065962032434,57.45977011494253,56.0
40512386,VODSKOV,-0.8619402985074627,-0.8484506508809337,3,4.14047393158481,148.2758620689655,140.0
40512466,IVAR,-0.6662125340599455,-0.6705678309016854,17,3.899924723388237,114.94252873563218,50.0
40512800,LILLHAVET,0.04189500560468304,-0.017968308403714564,4,4.492404539532076,9.588560712017166,88.0
40513140,HEMKOMST,-0.4164779243119266,-0.4071487659338224,6,4.594158926435875,35.23710675811148,428.0
40513159,HEMKOMST,-0.4419699727024568,-0.44003894981452035,12,4.584765387078363,28.72413793103448,153.0
40513220,KVARNVEN,-0.09874517758421825,-0.07179230199751438,14,4.496499483436523,48.488816118741376,212.0
40514823,FÖNSTERBLAD,-0.26449275362318836,-0.2651564833593146,13,3.8202313571018864,20.678160919540225,565.0
40514917,DRYCK FLÄDER,-0.2011494252873563,-0.21600301460520013,19,4.498778271912595,4.011494252873563,641.0
40515530,DRAGON,-0.09491670115894041,-0.10953834447610344,6,4.489265082538668,4.586206896551724,57.0
40516228,GRYTÅS,-0.49746192893401014,-0.49090248485089005,3,4.567436014880001,28.72413793103448,62.0
40516313,LASSBYN,-0.4522946859903382,-0.4318670162898455,8,4.313245882418958,12.487519199807602,193.0
40517020,VATTENVERK,-0.5389221556886228,-0.5373419552634806,7,4.402638942149603,45.96551724137931,359.0
40517572,FINMAT,-0.9163498098859315,-0.9144563747630555,11,4.0249360148800015,79.61053837342497,62.0
40517685,DYTÅG,0.07726990652755691,0.07206077695577685,16,4.404974405952001,21.604456078375208,182.0
40518246,SNICKRA,-0.23219686324889258,-0.23536469005096622,14,4.570396377163637,15.079730439348854,70.0
40518270,VEVELSTAD,-0.15466101694915246,-0.10897693048477256,13,4.495149886689157,99.0,148.0
40519887,SKÅDIS,0.513157894736842,0.5192517322849703,15,4.681012418924138,2.2988505747126435,214.0
40520720,UPPDATERA,0.6277641277641277,0.5787722554801285,19,4.689536534894062,11.482758620689655,403.0
40521852,JÄRVFJÄLLET,-0.8039999999999999,-0.7520876107827675,7,4.011509664593259,228.73563218390802,694.0
40522088,SOCKERBIT,0.22614379084967318,0.2216858081742947,19,4.575189344670477,24.47840141052013,87.0
40522125,GRUSNARV,0.21505376344086014,0.15392350622626028,3,4.496072591172684,23.84932242851173,782.0
40523403,HÖGBO,-0.47025818697938915,-0.4721907664785995,4,4.098733508318073,63.218390804597696,65.0
40523460,HALVTOM,-0.48043841059602643,-0.4755066264335106,12,4.491342808498926,13.642382595897722,75.0
40523827,ODDNY,0.8321533706211364,0.8243682382897688,16,4.681721498715354,5.458829538985837,223.0
40524756,SOPPROT,-0.7080745341614907,-0.674260138838144,3,4.638817794311112,19.52545724172022,54.0
40525275,BILLY,-0.0604066985645933,-0.06012357317658444,5,4.315441332543647,17.18213058419244,163.0
40525303,BERGSBO,-0.7440009094940657,-0.7483806663462257,4,4.248367170425264,293.4575841027132,77.0
40525685,ISTAD,0.5508274231678487,0.46679224288561455,31,4.893736213764006,4.586206896551724,1260.0
40526449,IKEA 365+,-0.336929246885307,-0.3362860131538405,8,4.58361560497107,9.745704467353951,141.0
40526637,HEJSTA,0.33448275862068966,0.2300002588795692,3,4.63965590671781,49.557744181669904,55.0
40527081,PEPPRIG,-0.24000000000000005,-0.24364389233954453,7,4.4950606208,5.735632183908046,145.0
40527547,KIVIK,-0.46745562130177515,-0.4690469786623633,3,3.469072295237819,163.33224007871434,259.0
40528165,SANNAHED,-0.2759695290858726,-0.25248637200878515,6,4.596257013204597,20.78458278958201,678.0
40528354,SKYMNINGEN,-0.12274096385542171,-0.125072474713387,18,4.637956073104227,89.04680500355906,53.0
40528448,KURA,-0.046067415730337125,-0.06918597512842553,11,4.413265082538668,40.931473122691834,57.0
40528900,VEDBÄK,-0.37184343434343436,-0.3534509259194316,18,4.58361560497107,101.14442528735631,141.0
40529462,PINNTORP,-0.05714285714285716,-0.05085040924130727,3,4.590794633181625,104.49485402226422,265.0
40530229,STÄLL,-0.3506944444444445,-0.3509754024727047,5,4.4928114392000005,171.26436781609195,94.0
40530743,FAMILJ,-0.15116653823599258,-0.12321194620070149,14,4.218908976092182,3.397831742379487,225.0
40530861,ROSENVIAL,-0.6636155606407322,-0.7418926521921171,3,3.740703237097007,91.94252873563217,316.0
40530917,OLSERÖD,-0.22391304347826088,-0.2780208735847433,11,4.0137038146996655,39.17131942403761,580.0
40531356,VALLASÅN,0.7927631578947368,0.7576889296213861,11,4.68920314017255,2.28735632183908,390.0
40532624,RÖNNVECKMAL,-0.3483009708737864,-0.40787773466718497,3,4.116696817729504,35.80221583914649,365.0
40532662,RÖNNVECKMAL,0.37223587223587223,0.363165909693435,11,4.492183312528156,9.183908045977011,85.0
40532704,HAMNSKÄR,-0.7005879790940767,-0.7011329459501788,12,4.023393594943211,108.83787109675436,63.0
40532742,NÄMMARÖ,0.03190789473684208,0.014401934865683197,20,4.590206320264661,86.74281401862584,248.0
40533063,SVARTSENAP,-0.14436090225563908,-0.12413830900932836,17,4.404094161277367,4.586206896551724,225.0
40533204,RYKTA,0.8470239946928327,0.763745726211751,26,4.690841748836591,1.6718212707020679,463.0
40533586,SOJABÖNA,0.2671280495512577,0.21946542531853938,10,4.791726508253867,14.33151891021134,732.0
40534086,BLÅVINGAD,0.7928852119305295,0.7888865543246593,6,4.713817794311112,10.365154379332072,54.0
40534152,ÖSTAVALL,-0.6122448979591837,-0.6063413458269399,15,4.223206470658586,146.50283553875235,180.0
40534562,DUNDERGUBBE,0.7016469242815866,0.6060918362087527,22,4.598187112867362,3.010273942200844,1419.0
40534576,HAVREHOJ,-0.008571428571428563,-0.032835303903906585,19,4.594348983059436,11.482758620689655,443.0
40534703,SEGRARE,-0.1311475409836066,-0.11802526628208772,19,4.413444340410813,114.9310344827586,56.0
40534996,HAVBÄCK,-0.478021978021978,-0.5035597250024059,15,4.247369909179382,90.80459770114942,79.0
40535000,HAVBÄCK,-0.40419676642586855,-0.40727413744360375,14,4.406632541269334,184.66081591740988,132.0
40535057,HAVBÄCK,-0.4876519756838905,-0.513559659722737,4,4.247369909179382,98.35589451650985,79.0
40535062,HAVBÄCK,-0.42944785276073616,-0.45340398339716675,3,4.406632541269334,194.25287356321837,132.0
40535081,ÄNGSJÖN,-0.07785997834716712,-0.08225172616412242,6,4.679318691034743,216.11612235585466,195.0
40535948,FÖRENLIG,0.5013850415512465,0.5603155111622434,3,4.795890649794966,8.148798695188507,1492.0
40537283,HAVSKÅL,-0.023983662613981757,-0.02278018439087551,18,4.322181596749207,4.473437810566425,108.0
40537725,NICKEBO,-0.4288990825688073,-0.4177933330163291,5,3.9493022935493682,46.67624128026262,61.0
40538386,FÖNSTERBLAD,-0.33333333333333337,-0.3542247954921352,9,3.8202313571018864,26.425287356321835,565.0
40538447,FÖNSTERBLAD,-0.3232758620689655,-0.3221718639588818,19,3.8202313571018864,22.97701149425287,565.0
40539084,VINDKAST,0.25769230769230766,0.2577416328909419,19,4.818315114187756,45.96551724137931,80.0
40539630,NONNEA,0.30245460860400497,0.3081044480212515,4,4.315441332543647,5.311738121535765,163.0
40540445,MOLNART,-0.12040816326530612,-0.10973515264475701,17,4.246886542759185,19.99,80.0
40540855,ROTBLÖTA,-0.9044368600682593,-0.8952425004919979,13,3.5058899127762384,45.06311992786294,83.0
40540884,TJALLA,-0.3173276110913012,-0.3086233105704143,6,4.4966028742210975,10.903113653083988,219.0
40540902,GLASSVIK,-0.1361586034215956,-0.13483638387035674,4,4.403932336720949,38.72891732827744,235.0
40541421,HOLMERUD,0.35528790509259256,0.2614545287189404,20,4.688284258485107,56.79571012509976,358.0
40541572,VATTENKAR,-0.5527083333333334,-0.5568573514251706,4,4.4018254700741295,18.66016969475885,527.0
40541614,HORNVALLMO,-0.2222222222222222,-0.23870849844151748,17,3.8575360058068298,21.381325949853867,187.0
40542859,KALERUM,0.8114456747681484,0.8106044422875109,10,4.714998372471234,5.691417140843464,55.0
40542958,VARIERA,0.11625282167042889,0.1339556036950285,13,4.599518995788478,6.8390804597701145,5398.0
40543203,NESNA,0.00846354166666663,0.03943239675673502,3,4.407209283988406,20.64005505849965,120.0
40543298,VATTENVÄN,0.3172413793103448,0.3058877734128716,3,4.412436014880002,12.151976618981696,62.0
40544716,HERRÅKRA,0.2964387464387464,0.07511891042019017,10,4.4916133457333345,139.81937602627258,78.0
40546471,UPPDATERA,0.8714643304130163,0.8359811465354731,26,4.796019808332521,4.687389763718972,1542.0
40547003,EKPURPURMAL,0.24655647382920104,0.2583471355435744,5,4.494871854715924,12.539991217614954,139.0
40548088,TORSBODA,-0.7336932736577367,-0.7082295144422447,12,4.156591868941593,878.1609195402298,95.0
40548917,RÖDALM,-0.3488372093023256,-0.24164644967244245,9,4.30867975524969,10.32346868547832,304.0
40548922,RÖDALM,-0.038781163434903065,-0.031755656520477425,17,4.498998608445771,8.456167571761055,786.0
40549403,SPETSBOJ,0.14940476190476193,0.13505127349332852,10,4.403407127364384,11.482758620689655,274.0
40549629,DVALA,0.13513513513513514,0.13833189891274966,3,4.400108801530009,13.781609195402298,9126.0
40551047,LILJETRÄD,-0.2602264486782253,-0.26654511731215125,8,4.591959509846913,20.588671479068182,306.0
40551052,UPPDATERA,0.6536643026004728,0.6172414203149242,11,4.666627887806062,9.183908045977011,114.0
40551542,AFTONSPARV,0.2867132867132868,0.29997337638363675,17,4.84835407219613,11.482758620689655,137.0
40551556,AFTONSPARV,0.4788732394366197,0.5032046545468676,19,4.883391869689627,9.183908045977011,464.0
40553211,CITRONHAJ,-0.0816869167106885,-0.07869551214337686,14,4.114566927540774,2.28735632183908,421.0
40553225,CITRONHAJ,0.007572178877646385,0.002842600998022568,12,4.411054235448891,3.4367816091954024,72.0
40553616,BAGGEBO,-0.31966145833333337,-0.3281412387685057,23,4.24139532603964,53.12806098547762,93.0
40553659,KALERUM,0.3701137424969809,0.3561290887734198,20,4.588771039613793,13.793103448275861,214.0
40554362,ÅKERVINDEFLY,0.33978502289181445,0.23559589522883417,8,4.593941584163721,11.282082975380115,412.0
40554381,BONDSKÄRET,-0.7896253602305475,-0.7865598285241655,17,4.258908733210258,45.96551724137931,60.0
40555309,SKÅLBODA,0.7100000000000001,0.5309058268370209,11,4.671018955200001,80.44827586206895,134.0
40557092,PAPPERSBJÖRK,-0.5893531445286531,-0.562207524591505,10,4.219891260564502,11.03652035615002,213.0
40557247,APTITLIG,0.23769083004751793,0.21968521690087273,14,4.676188546975135,4.586206896551724,167.0
40557450,RÅDHUSVIN,0.13390663390663393,0.17008402636982403,9,4.67988530223927,78.35243412675091,201.0
40558044,NÄSFJÄLLET,-0.6767296147345108,-0.6743660175635409,6,3.7844402558409946,84.62080040502804,143.0
40558713,AFTONSPARV,0.3373015873015873,0.25324229668722975,19,4.659953465367273,22.97701149425287,92.0
40559185,VIPPSTARR,0.19822285766783804,0.2508611880808212,14,4.68015712247928,5.735632183908046,204.0
40559190,VIPPSTARR,0.036423305499134875,0.025908995902991807,14,4.235619234034109,1.7558234522365521,111.0
40559449,SANDSKÄDDA,-0.05714285714285716,-0.036002153046789734,11,4.656384962281189,9.075526842024304,89.0
40559492,AMBRARÖNN,0.02045929771432692,-0.030292481772099162,12,4.569351543416471,11.34894960218229,67.0
40559680,FINFÖRDELA,0.23913043478260868,0.216912292642724,15,4.49796687169293,1.7126436781609193,378.0
40560283,NORDSTÅLÖRT,0.10302312621900253,0.0806220977880692,26,4.4986692251081,23.7277064523865,587.0
40560674,VARDAGEN,-0.8470919117849607,-0.8571045371365843,6,4.168762163337635,40.104195402298856,75.0
40560805,TVERSTED,-0.630718954248366,-0.608622090107673,7,4.497603813066666,286.2068965517241,318.0
40560867,SKOGSRÖR,0.35551330798479086,0.32452965635136083,3,4.59110880952355,1.088332205904816,275.0
40561013,SKOLÄST,-0.16666666666666666,-0.1664216336803343,19,4.02239038576612,5.735632183908046,348.0
40561273,TALLBARSMAL,0.6551724137931034,0.656106201707049,11,4.578108245297479,6.885057471264368,101.0
40561800,LAGERPOPPEL,0.5784810126582279,0.5188135475861649,9,4.498007131659406,3.4367816091954024,386.0
40561843,MULIG,-0.6118012422360248,-0.5857635015821879,3,4.14736949029926,9.639149777558082,117.0
40562036,SANDBRODD,0.24744897959183673,0.22570037108345328,15,4.404233536980426,11.482758620689655,217.0
40562079,KALLAX,-0.4177758251833741,-0.4380833789396052,16,4.172669104436364,80.21913793103448,70.0
40562244,LISTERBY,-0.7712264150943395,-0.7390058078619273,5,4.192679437542029,194.25287356321837,51.0
40562772,MOPPE,-0.7777777777777778,-0.7840947060183836,7,4.21646910820932,29.1005291005291,261.0
40563173,SKANSNÄS,-0.6866904203499911,-0.6808280398453253,4,4.071259836438262,139.71639609748388,97.0
40563516,VINDSTILLA,0.18202322679719746,0.17923487970865698,4,4.636157698411595,7.68747570039949,51.0
40563696,NÄTBARB,0.5406450909883405,0.5258967035110833,14,4.647558109409525,1.4833981585250622,66.0
40563776,LISABO,0.04140127388535031,0.012283602763256317,13,4.648777688260466,136.9580178940124,68.0
40564709,FÄRGKLAR,-0.3959191456903127,-0.4248719520835107,8,4.597478103766117,42.53611463488987,1015.0
40565558,HAVSTA,-0.3934782608695652,-0.38498049373118165,3,4.4902997733783145,157.0048309178744,66.0
40566341,TROJKA,0.24452357959117976,0.22569193674076787,20,4.4981866693477475,1.752510805012282,426.0
40566398,RÖDALM,-0.5348519506925912,-0.3943692420533418,4,4.30695244077214,13.041115798283212,384.0
40567637,PEPPRIG,0.41798941798941797,0.4235549106559435,18,4.688791046286005,1.718390804597701,375.0
40568302,STRIMSÄV,-0.007564484126984142,-0.006311336434996724,12,4.167314538846316,10.473542531918167,77.0
40568528,KUGGIS,0.906559664810312,0.8363123287623935,16,4.7901192375643316,4.591954022988506,610.0
40568646,ÅFJÄLL,-0.5325842696629213,-0.4892672869197883,13,4.108105045868695,102.29885057471263,771.0
40568726,DANDERYD,-0.38349514563106796,-0.3899652541998235,11,4.4967665911261046,176.30522088353413,238.0
40569924,SKÅDIS,0.39993746091307064,0.42964569905755456,4,4.690822669146668,3.4148502845060786,462.0
40570239,VALTORP,-0.6721791207295496,-0.6889251179482411,12,4.24139532603964,197.11105453272438,93.0
40570244,FÖRLUNDA,0.8136645962732919,0.8101623090696446,5,4.662982194877312,69.99,101.0
40570404,GUNDE,0.7401627883751123,0.7356454157998141,16,4.6796999133198165,9.765536117869399,199.0
40570871,SVÄMSKOG,0.04831378839842165,0.043598802556667156,12,4.311501568684774,2.8907942331809746,225.0
40570989,IDALINNEA,0.8233082706766918,0.8270382214746297,3,4.679793032983487,4.8107364074328975,200.0
40571154,HOTELLRUM,-0.009868421052631526,-0.011486647758161847,3,4.75369314321194,163.33224007871434,116.0
40571248,SLATTUM,-0.49302325581395345,-0.44273942044888565,13,4.211997078826109,118.62068965517241,365.0
40571535,IBBARBO,0.6673469387755102,0.6392752331575634,19,4.662982194877312,9.730813287514318,101.0
40573054,ÄNGSFRÄKEN,0.30438136755485895,0.24745561101349345,18,4.490638153376745,4.586206896551724,68.0
40573209,BEGRIPA,0.11368269397466477,0.1082963001606537,10,4.05121800744,3.5152362799217762,142.0
40573285,GLOSTAD,-0.18012422360248445,-0.17918054671166322,19,4.046983546917648,180.11722272317402,50.0
40573695,ANTILOP,0.2551867219917012,0.22969710459523568,19,4.490528014004707,9.183908045977011,67.0
40573756,BAGGMUCK,0.7999278783110413,0.7465334567183747,26,4.796400743149884,2.28735632183908,1706.0
40574096,FRYKSÅS,-0.6827425129317943,-0.6781803485830236,16,4.329419802004211,343.67816091954023,77.0
40574435,BOLMEN,0.5500451722190853,0.54040139908116,8,4.694924978329954,1.929954710589804,850.0
40574987,SILVERPÄRON,0.35929779430492587,0.3845461879460041,14,4.787251847752114,11.365815739560336,53.0
40575128,PEPEROMIA,0.1600564221705941,0.1424788366212592,12,4.580412640529324,6.442067268165641,115.0
40575289,SLÅNHÖSTMAL,-0.15102974828375282,-0.16169395248878562,17,4.3073164429068065,28.631156930126,364.0
40575883,SUNDSÖ,0.28963414634146345,0.40194394878864376,3,4.744098028742343,28.735632183908045,93.0
40577311,MALINDA,0.17337461300309598,0.1761175037784749,3,4.400437695200352,6.846899794299148,2255.0
40578283,SKOGSDUVA,0.2990936555891239,0.26125277085562554,19,4.492613588902753,8.034482758620689,91.0
40578532,DJUNGELSKOG,0.47407407407407404,0.3497820094570447,13,4.865643266911589,7.167572911517548,215.0
40579334,BREDVECKLARE,0.15386528028933089,0.12630541086012484,6,4.568613026390362,29.66740660588026,65.0
40579517,RODGERSIA,0.7199001489282819,0.7032008242281759,12,4.7771870632,12.316839080459768,254.0
40580479,STRÅLFENA,0.5845407269025304,0.5715855252502031,14,4.669619870278622,1.1379310344827585,127.0
40580851,UPPSTÅ,-0.6,-0.5889080909856808,15,4.490528014004707,20.266005410279533,67.0
40581153,TAGGHAJ,-0.33173076923076916,-0.383092951589316,19,4.314259597910205,5.735632183908046,178.0
40582044,HAUGA,0.6324890525477707,0.6243068838064615,14,4.664474848309678,17.88004723151682,106.0
40582100,TROFAST,0.767578125,0.7560066304829969,21,4.688126364394609,4.597701149425287,353.0
40582402,PILTANDVINGE,-0.13175675675675677,-0.04253307421922457,7,4.489543911563637,13.163314057892222,748.0
40582529,VÄGSKYLT,0.4586776859504132,0.42080491454925034,9,4.642037910400001,6.885057471264368,58.0
40583487,HEMLAGAD,-0.9833797101449275,-0.9817613533552219,8,3.288817794311112,80.44827586206895,54.0
40584081,SOLHETTA,0.3630952380952381,0.36450753375654266,17,4.4065024914405235,4.384919390251552,135.0
40584255,GIFFLAR,-0.09770114942528735,-0.1267296739513,12,4.497812177147827,2.9153262680403333,350.0
40584302,EKTORP,0.8636363636363636,0.8505346397788258,4,4.657643088369231,36.42611683848797,86.0
40584910,FISKBO,0.40552335434885767,0.3979602865457412,4,4.584211401153939,1.1237600531315963,147.0
40584929,FISKBO,0.05248289270371691,0.08116568877610088,4,4.494036156965927,3.729885057471264,117.0
40585009,GODMIDDAG,0.5459587955625991,0.5429112065696011,11,4.708748252800001,3.4367816091954024,50.0
40586023,MAJGULL,0.09829059829059827,-0.004357987895660331,5,4.596694011662944,49.99,770.0
40586216,STOCKHOLM 2025,0.17236199473041586,0.17715047289521355,18,4.809032740800001,57.45977011494253,70.0
40586264,LÅNESPELARE,0.537765625,0.2483600509561139,8,4.572577696741053,22.97701149425287,77.0
40586344,LUDDVIAL,0.3181818181818182,0.30011518695729217,3,4.499227333196162,2.99,1024.0
40586400,UTVISNING,0.17757009345794394,0.17447962657359398,11,4.578470092482645,113.97479954180984,103.0
40586508,STOCKHOLM 2025,-0.6892764857881137,-0.6913711544488489,19,4.33005248591828,401.1494252873563,75.0
40586607,MAMMUT,0.4474038353706403,0.4097990539082304,4,4.596625493769948,9.75862068965517,754.0
40587112,PILSPINNARE,-0.3406731113498031,-0.33838044057336947,16,3.7413218273264444,19.55474885243244,311.0
40587503,NÄSINGE,-0.04771784232365145,-0.05518124843458352,7,4.494207778348202,63.206896551724135,121.0
40588885,ALEX,-0.28515625,-0.2894455259562842,3,4.401537683447296,146.91938485649916,629.0
40589762,NÄSSELKLOCKA,0.31744186046511624,0.31124240845478596,7,4.341101193976472,5.448671931083991,50.0
40589880,SANELA,-0.8842254663422546,-0.8809433960332871,4,3.7107545409381304,71.83333333333331,121.0
40590204,ULLVIDE,-0.08395254329510385,-0.04420733660413898,6,4.300772920683185,20.666234533947172,3611.0
40590256,ULLVIDE,0.5126582278481013,0.4573566390710851,3,4.499404057135751,9.183908045977011,1333.0
40590770,ÅSJORDFLY,0.731457800511509,0.6812026380576555,7,4.71260396042817,11.482758620689655,53.0
40590954,STOCKHOLM 2025,-0.6956521739130435,-0.7146929157798723,3,4.258163053043039,230.5187985717286,61.0
40591128,SANELA,0.698356807511737,0.7040078920239936,13,4.64047136743784,6.92201199815413,56.0
40591147,STRANDLUMMER,-0.1236888111888112,-0.005261814425703726,14,4.496289775070968,11.482758620689655,199.0
40591152,ALMTJÄRN,-0.10330578512396693,-0.1264256518124252,5,4.5980802366915245,26.84101858224363,1339.0
40591406,SANELA,-0.8786764705882353,-0.8750239853085103,5,3.7107545409381304,68.81624225739847,121.0
40591581,LOCKIG,0.37931034482758613,0.3806967041524613,19,4.817473001962888,9.15807560137457,79.0
40591736,KÖRSBÄRSBJÖRK,0.8360655737704917,0.7845969481673334,7,4.726129537980953,6.196177273681999,66.0
40592123,TJINGA,-0.17604863612969635,-0.17653137008863626,14,3.377912450318111,3.4367816091954024,109.0
40592825,TIPHEDE,0.2881944444444444,0.29314898679803053,23,4.498742001860001,2.6238110856018366,622.0
40593071,NYMÅNE,-0.3772321428571429,-0.38040151114285436,14,4.245948811904,34.47126436781609,82.0
40593882,TONSTAD,-0.7585519652367105,-0.7555950157960444,14,4.329419802004211,351.89086217504996,77.0
40595522,EKET,-0.22700471698113206,-0.22936330004425062,3,4.107042820694272,16.398819285011477,891.0
40595697,FRIDANS,-0.2121212121212121,-0.18562059113240215,3,4.101863310370163,22.97701149425287,3414.0
40596159,HEMNES,-0.7780068233899193,-0.777981470804452,12,4.105302554884245,253.44847816118858,1188.0
40596550,KALERUM,0.4669926650366748,0.4739638712761621,13,4.588771039613793,9.195402298850574,214.0
40596890,FJÄDERHARV,0.08645533141210371,0.1388534654721374,17,4.5697079208186056,4.460852176588217,68.0
40597149,KORGMOTT,-0.25396825396825395,-0.2504743350331586,3,4.4122824838321,74.71264367816092,63.0
40597154,KORGMOTT,-0.27611940298507465,-0.27683428158956264,5,4.4122824838321,61.52899553914782,63.0
40597173,GINSTMOTT,0.3232758620689655,0.3378117524692418,5,4.588574040308772,28.72413793103448,210.0
40598257,BRIMNES,0.2114441433983091,0.12373388006643501,8,4.597784762917007,54.5919540229885,1158.0
40598648,DAGGKÅPOR,0.6341929670757842,0.6248849651917914,10,4.582973079675817,6.7949127740645565,135.0
40598686,SUCCULENT,0.4248171394682218,0.42163039681683584,12,4.7455691332491226,10.517178127716832,96.0
40598771,GURLI,0.7662921348314606,0.7555662306317366,7,4.59631003001473,3.4411562284927735,688.0
40599841,PILDVÄRGMAL,0.19387755102040816,0.18466465290023654,17,4.65263313107957,45.96551724137931,75.0
40600137,RUNDHAGTORN,-0.5687547645089656,-0.5811488320642378,6,4.031511594610527,102.97841371410513,58.0
40600415,FÄRGKLAR,0.3216168717047452,0.3215011366211505,7,4.647558109409525,3.4367816091954024,66.0
40600514,DOFTAKLEJA,-0.21739130434782605,-0.2047830013711028,5,4.237662960577049,28.72413793103448,104.0
40600712,GLADELIG,0.5711009174311927,0.574826637490798,5,4.856015830716484,4.460852176588217,164.0
40600731,TONSTAD,-0.7571428571428571,-0.7547666562263343,7,4.329419802004211,342.82495837006564,77.0
40600750,GLADELIG,0.6536388140161725,0.6762200348326395,13,4.856015830716484,3.150057273768614,164.0
40604574,CHOKLADHAJ,-0.46480785296574767,-0.4639129947289126,14,4.411568385934885,11.482758620689655,68.0
40605253,SANDSBERG,0.15102040816326529,0.15252243629015944,13,4.489936014880001,17.9524004924087,62.0
40605781,BROKDRACENA,0.5715962441314554,0.573045451082223,19,4.67023568371892,13.503155996393147,130.0
40606101,ÖBONÄS,-0.1270096463022508,-0.2294509380844392,19,3.174632541269334,4.586206896551724,132.0
40606455,HAMPFLOCKEL,-0.6259852216748769,-0.6550773153980097,6,3.7849680074400007,57.57160171644681,142.0
40607054,ARBETSTÅG,0.3421052631578947,0.3687311713627503,3,4.759707020716883,17.93969849246231,136.0
40607365,IKEA 365+,0.4703125,0.47515308372952986,3,4.812031661432968,5.735632183908046,73.0
40607676,STOENSE,-0.1282051282051282,-0.10881291655598557,21,4.599471256584208,67.40306582506763,4909.0
40609010,EKBACKEN,-0.33601834891112053,-0.3585689875754778,14,4.304581772443279,74.08371923353633,592.0
40609152,VÅGSJÖN,0.19281045751633988,0.16022280776252298,7,4.498031494353056,2.7529249827942186,3898.0
40609492,OFTAST,0.8996815286624203,0.8320413670166654,25,4.798331508790105,1.1379310344827585,3701.0
40610363,TOFTBO,0.47169429486502656,0.47903900864950427,6,4.796022359737436,15.927866407258179,1542.0
40611287,SOLFIBBLA,-0.07976190476190476,-0.10301522414450365,3,4.3103898929011155,29.99,251.0
40611391,SKOGSSALLAT,0.6167664670658682,0.6000377985984104,19,4.644239002410128,3.4411562284927735,61.0
40612055,BRUNBÄR,-0.36343459065169403,-0.20142538406599547,8,4.590595238954513,29.81855354944604,261.0
40612098,BROKGLIM,-0.10060330466885775,-0.07124883245042184,6,4.586288848370526,25.846834883034838,172.0
40614568,FLISAT,-0.030589543937708574,-0.02460173850979203,19,4.082776577680809,7.171572146446518,85.0
40614808,BRUDKRUSBÄR,-0.02298850574712641,-0.03188828919825727,13,4.493559049523201,34.47126436781609,107.0
40615049,GULLSTRÅLE,0.34858211032891856,0.3630221794899846,6,4.768178877899488,34.47126436781609,177.0
40615054,GULLSTRÅLE,0.44501278772378516,0.48072382607428543,3,4.768178877899488,21.949689479957343,177.0
40616299,VECKLARFLY,-0.6201554671382258,-0.6147352943926304,6,4.16525388969796,103.43678160919539,80.0
40618142,HUMLEMOTT,0.35995085995085996,0.2891918104582004,5,4.683057235347693,26.437457145655795,242.0
40618203,BESTÅ,-0.42483660130718953,-0.42699554118865957,13,3.7653600057230774,41.29387474191328,190.0
40618646,SKOGSFRÄKEN,-0.7002118644067796,-0.7154920175523322,3,3.643524117825642,114.9310344827586,60.0
40625699,SLÅNHÖSTMAL,-0.24333333333333332,-0.23854728017812435,11,4.401467376387021,12.99,660.0
40627537,STORKLINTA,-0.6539351851851852,-0.6699193559662825,3,4.053213514223377,179.99,136.0
40628928,HUMLESJÖN,-0.15476190476190477,-0.17148975587018442,19,3.8942125884342866,4.095778197857593,52.0
40641859,NÄSSELKLOCKA,0.1456310679611651,0.09538467868737084,5,4.597002164776065,47.15395925225793,851.0
44361010,BRYNE,0.4402912621359223,0.45252449995438154,6,4.567436014880001,11.815229608438898,62.0
44881100,KOLON,-0.5406496875368471,-0.32638413299938485,32,4.40028311929152,22.97701149425287,3496.0
46804005,DYPSIS LUTESCENS,-0.5184404066623405,-0.4652274920215908,20,4.499337350773992,39.10371069455115,1197.0
46956800,IDEALISK,0.14336828659695816,0.1166030820387295,24,4.498430567622612,1.8132004840479072,495.0
49002272,HEMNES,-0.6597553931261247,-0.7209088217090815,8,4.2126930419624316,368.187019004163,753.0
49046068,SUNDVIK,-0.7148612750885479,-0.6968674056270873,20,4.036748346145292,217.18181070789228,205.0
49046978,HEJNE,-0.22091990065291295,-0.23807403943116737,14,4.572285970110639,177.54112099464805,76.0
49047548,BESTÅ,-0.41075794621026895,-0.42328437159320326,3,4.310126381124638,94.5179584120983,258.0
49061228,BESTÅ,-0.49886234357224113,-0.49946807102040797,3,4.321173342351516,114.94252873563218,114.0
49128945,PÅHL,0.2962962962962963,0.01595537548459938,19,4.589621040599203,80.44827586206895,233.0
49140631,HILLESJÖN,-0.7190690364914709,-0.7221934817952261,12,3.810888783430138,148.98552594757626,59.0
49197420,KALLAX,-0.4183140324608454,-0.4077721570800143,6,4.493991650674627,235.37434181459992,116.0
49213477,FONNES,0.030737704918032793,0.033417670346827244,3,4.405263921642329,14.891179839633446,172.0
49217734,BILLY,0.24984445802053157,0.19095729637047257,12,4.6823087598008035,65.88202600139836,231.0
49239496,NORDLI,-0.509375,-0.5132593142534304,15,4.492875054782302,286.2068965517241,95.0
49241324,SONGESAND,-0.41039472601612637,-0.32926931409442634,4,4.402810398842939,295.15225480136394,336.0
49241791,FONNES,-0.32581967213114754,-0.32016132366418876,3,4.064526623546458,29.885057471264368,109.0
49249363,KOMPLEMENT,0.041900093370681624,0.048519269505274965,10,4.644936014880001,113.67977981060554,62.0
49249532,KOMPLEMENT,0.27012424992750234,0.2690676276167821,10,4.7409036303847625,103.1953692930993,87.0
49252765,LÅNGFJÄLL,-0.4551359395109395,-0.440486592385133,14,4.315701579721348,192.625506230135,160.0
49269068,IKEA 365+,-0.28285256410256404,-0.2811665396022828,21,4.497744765239216,8.034482758620689,339.0
49269105,IKEA 365+,0.33888888888888885,0.31777355805875973,17,4.597878567744625,2.8620689655172415,1210.0
49270279,LANDSKRONA,-0.19032258064516128,-0.15061622172669845,3,4.405436509237159,573.5632183908045,165.0
49270302,LANDSKRONA,-0.06201550387596899,-0.07371642955170302,7,4.496499483436523,918.390804597701,212.0
49278256,KALLAX,-0.0066068772593402825,-0.0050560439368696475,6,4.676316565539786,185.07026099297804,168.0
49280042,BILLY / OXBERG,-0.15209921177773433,-0.14722850810576585,14,4.4982266105515425,105.48509778336489,436.0
49280966,IDÅSEN,-0.22522522522522526,-0.22629839626195694,3,4.59038701546273,627.2504861677435,253.0
49280990,IDÅSEN,-0.23404761904761906,-0.2280948084507124,8,4.59038701546273,745.2041977835648,253.0
49285817,EKET,-0.04530006563294772,-0.06023801411992789,18,4.404853078977562,28.68625824544772,187.0
49306872,EKET,-0.3954877852780456,-0.398973194941568,16,4.254057425769413,71.83908045977012,67.0
49311492,JONAXEL,-0.04633611390766576,-0.0180000615289036,10,4.410472433583159,26.54871261537881,77.0
49323701,ENHET,-0.5092854005897485,-0.46055128878541435,14,4.583406886563058,74.13793103448276,141.0
49325984,BURHULT / SANDSHULT,-0.07457212713936431,-0.06469733681195099,3,4.148081813461655,10.569105691056912,115.0
49385529,LISABO / LISABO,-0.0188618212644448,-0.01985534918477877,8,4.719414041433767,401.1264367816092,59.0
49385685,RINGSTA / SKAFTET,-0.03416019127316197,-0.04009722508782241,14,4.409659040683496,22.97701149425287,85.0
49385987,SKOTTORP / SKAFTET,-0.8198412698412698,-0.8202584969595843,18,3.935573347016093,101.68375325489563,69.0
49387019,LYCKSELE MURBO,0.10069320657555952,0.04031124267701404,10,4.493454318621139,366.3706205316586,105.0
49396660,BILLY,0.015747681058917218,0.01641441122928325,4,4.637956073104227,137.63934600200923,53.0
49398975,VIMLE,0.059259259259259345,0.08569825236491906,3,4.491867486771718,711.4942528735631,81.0
49412537,BESTÅ,-0.9166666666666666,-0.9226766339768986,5,2.8034041481931045,329.32416953035505,98.0
49412561,POÄNG,0.6592592592592592,0.4889306284377794,17,4.589452960285021,57.45977011494253,229.0
49416012,ÖRFJÄLL,-0.15822784810126583,-0.13344064487247942,21,4.402324488762617,68.95402298850574,410.0
49417257,LAGKAPTEN / OLOV,-0.3564814814814815,-0.34232581808455936,5,4.096410366945883,74.71264367816092,67.0
49417653,LAGKAPTEN / ALEX,-0.06999577702702703,-0.13202251930227993,8,4.592129550424169,231.5977011494253,313.0
49428232,VIDGA,0.208955223880597,0.20267412209594246,19,4.306767266804842,20.6551724137931,395.0
49431866,BESTÅ,-0.219550553843317,-0.22596763344251095,12,4.573948811904,184.54924795166454,82.0
49431927,LAGKAPTEN / ALEX,0.30500000000000005,0.2653787466007544,13,4.688617264057882,137.91954022988503,369.0
49440597,KIVIK,-0.4452093397745571,-0.41121166657530756,14,4.210233588397328,497.449068000099,435.0
49442676,KALLAX,0.2887231120267606,0.20268058535111805,22,4.787736919348617,100.28021633157476,488.0
49469878,METOD,-0.12546816479400746,-0.15918887709975119,3,4.493806778387693,136.7816091954023,112.0
49481366,LÖNSET,-0.44529281871054016,-0.3683424396515635,10,4.309316270634667,125.94971255354695,282.0
49481658,KALLAX / LAGKAPTEN,-0.36349160691171334,-0.3090226388284929,4,4.488660298456339,154.08770114942527,53.0
49489640,HYLTARP,-0.47220663861617573,-0.4919661159317541,4,4.24139532603964,774.7126436781609,94.0
49502081,POÄNG,0.33653846153846156,0.16842685942273147,3,4.594538534990357,240.22988505747125,480.0
49503212,JUSTINA,0.7741154873164219,0.4931576305262286,16,4.695217026265364,11.471264367816092,903.0
49509025,EKTORP,-0.04564359831918363,-0.017479802827509123,10,4.403430624794483,401.1494252873563,272.0
49513956,MITTZON,-0.6029166666666667,-0.5844830322603887,8,4.320550596988236,265.5395340825033,118.0
49515941,SKÅDIS,-0.03289473684210531,-0.02529033930096197,19,4.7409036303847625,28.735632183908045,87.0
49516766,RUTSJÖN,-0.34302325581395343,-0.3258256791088528,3,4.489120016086488,169.20473773265653,56.0
49520235,FRIHETEN / KLAGSHAMN,-0.1645962732919255,-0.2122951531351047,3,4.496673062770249,796.5763495064061,224.0
49535595,EKHOLMA,-0.429508797653959,-0.44513230580372365,4,4.190068749160564,580.6350718264141,58.0
49552863,RELATERA,0.2838983050847458,0.07077430329023868,19,4.71260396042817,148.2758620689655,53.0
49561155,KUGGIS,0.7592592592592592,0.6280225370497086,17,4.694264168216667,6.885057471264368,751.0
49581182,EKET,-0.679749715585893,-0.6720440920395636,9,3.5623494118837615,103.44827586206895,99.0
49581484,BILLY / OXBERG,-0.08653846153846156,-0.09943360177970552,13,4.596891266336993,162.1411947245927,820.0
49581511,BILLY,-0.5784198113207548,-0.5993152834781591,7,4.256726928276544,160.0,63.0
49581530,BILLY / OXBERG,-0.4811197916666667,-0.48565427973824893,7,4.492613588902753,234.01899408032025,91.0
49581549,BILLY / OXBERG,-0.429283499301188,-0.42595071720442174,4,4.564313440964384,459.37584993575604,55.0
49581554,BILLY / OXBERG,-0.11067708333333337,-0.1213107918537716,7,4.662024837848277,265.9597121076615,98.0
49581813,BILLY / OXBERG,-0.14091532255517014,-0.14117785277158956,4,4.675252141519101,408.30246470967415,160.0
49581912,BILLY / OXBERG,-0.3130896226415094,-0.322067917662514,3,4.578290676586667,194.40436609999372,102.0
49585378,LAGKAPTEN / MITTBACK,0.13551401869158874,0.13891232937283307,5,4.574459619513726,128.30835537271037,84.0
49587909,METOD / KNIVSHULT,0.007324906449807045,0.0088103825956308,4,4.735363345733334,406.029041385529,78.0
49589970,VIHALS,0.23065015479876166,0.2188522393205708,19,4.64047136743784,80.44827586206895,56.0
49596763,KUGGIS,0.7532471730713732,0.7083866916765739,4,4.694264168216667,6.512920979700241,750.0
49602033,EKET,-0.5789473684210527,-0.4862076964259962,3,4.306036460454427,20.689655172413794,445.0
49607479,RAMNEFJÄLL,-0.5716608056265985,-0.5492208909724265,6,4.2276800071710845,177.60109642529284,148.0
49610212,KUGGIS,0.3271144278606965,0.39324626570925325,6,4.694264168216667,6.310439719121057,750.0
49612193,BESTÅ,-0.8854166666666666,-0.8753335694871154,5,3.377214558981819,284.67377923676656,70.0
49619651,SAMLA,0.36602870813397126,0.36071881910284603,15,4.561689429270589,10.99,50.0
49622875,BESTÅ,-0.9055023923444976,-0.8977837922230836,3,2.8034041481931045,235.24245655855967,98.0
49829084,OMAR,-0.10611979166666674,-0.13734542734079785,19,4.566167288187014,90.17132551848512,59.0
49898435,LÄCKÖ,-0.14864864864864868,-0.11975104208700528,9,4.671395332405195,110.11011699931177,136.0
50015122,SVALKA,0.14358108108108103,0.07990264520901114,25,4.693661699554532,6.740306582506762,677.0
50035752,FANTASTISK,0.6293650793650793,0.6137664073294408,29,4.799217118494878,3.2141685798622497,7908.0
50055863,KONCIS,0.01794722746994959,0.06452048029368329,6,4.695523253242277,11.121853107904052,966.0
50057254,BLANDA BLANK,0.17642574205479988,0.11042672416410354,22,4.6979811554493125,6.865978632781758,2164.0
50058376,AGEN,-0.19788519637462237,-0.07982862959686657,21,4.306023450841379,68.95402298850574,446.0
50060713,EKORRE,-0.6607142857142858,-0.6405580295937471,15,4.582632541269334,45.96551724137931,132.0
50070651,KNAPPA,-0.03125,0.022640965970806327,6,4.315701579721348,16.647883075066645,160.0
50078746,SY,0.3263473053892215,0.34810321372945185,27,4.499153397676551,2.6780931976432782,933.0
50086402,KOPPLA,-0.18058690744920997,-0.1978113187393503,7,4.497775914890608,11.44902634593356,344.0
50090381,DRAGON,0.13533834586466165,0.11983786360664782,11,4.682925896086822,5.735632183908046,240.0
50091762,DRAGON,-0.17752775665399237,-0.1871859615369332,24,4.497725653080226,5.712643678160919,336.0
50093172,IDEALISK,0.4847972972972973,0.5245078163162504,13,4.689461438254545,2.2317403065825068,440.0
50097995,GLIMMA,0.06635955104498151,0.07803750100402328,30,4.547216796248463,5.981457135556408,7654.0
50102077,LYCKSELE LÖVÅS,0.6714015151515151,0.41470999063010544,6,4.497659538344187,68.9655172413793,326.0
50102973,SAMLA,0.7717658386019881,0.7157589444456394,22,4.6849654648136525,3.4447160452808694,275.0
50103755,IDEALISK,-0.4907356752087532,-0.4992591437441323,20,4.403240655343323,10.822924141880915,471.0
50113938,LEN,0.6905131079888362,0.5999606750382631,20,4.688221607460964,10.333333333333332,356.0
50128572,PYSSLA,0.175,0.15445070688226248,25,4.6954726425389515,8.034482758620689,955.0
50137581,DIREKT,-0.4182692307692308,-0.3551866237211065,3,4.258163053043039,7.988505747126436,68.0
50145543,LEN,0.8264366791466096,0.7714587108471931,8,4.663594059424794,3.4367816091954024,645.0
50149843,MÅTTLIG,0.01426307448494446,-0.07357569547781734,21,4.682519369803176,6.885057471264368,234.0
50152703,TJUSIG,0.32303084755914946,0.11348530816241342,20,4.687556161554803,76.92861178106598,336.0
50161321,HOL,0.4321302202730988,0.34275038970458926,20,4.776042012318148,91.94827586206895,241.0
50165079,BLÅMES,-0.45700636942675166,-0.48409817463493304,17,4.0725210724814165,80.44827586206895,95.0
50171122,TROFAST,0.20504088675308751,0.2066379202713126,20,4.5881585508654545,30.588246385558236,202.0
50175276,IKEA 365+ GUNSTIG,-0.2533112582781457,-0.2748948095549622,23,4.498249741718261,8.034482758620689,442.0
50177223,STÖDJA,0.5544507575757576,0.47686732792399844,20,4.4992613588902755,3.4367816091954024,1072.0
50178411,LÄTT,0.40244635590085087,0.21808774221036126,32,4.59891993415854,34.47126436781609,2394.0
50179463,SKUBB,-0.22560975609756095,-0.26057092462849074,13,4.498123266178088,11.482758620689655,411.0
50205481,BODBYN,-0.3993581184576347,-0.39131904434101733,12,4.1186984830128655,69.54022988505747,327.0
50205612,UTRUSTA,0.09797297297297297,0.10487874262694091,9,4.401295418216667,19.491177677472304,750.0
50205626,METOD,0.21887125220458556,0.16234850738474832,20,4.5958648907784125,39.21881302707125,612.0
50209337,LODRÄT,0.4891597985347985,0.4764610121778269,22,4.687377883067049,2.0265952733359325,331.0
50210128,TRIABO,0.1215418353576248,0.07251263643506696,6,4.586908950705528,11.032384601350119,243.0
50213546,KORKEN,0.32173913043478264,0.2906671911727602,29,4.598768847443479,2.9699719419736135,2098.0
50213570,METOD,-0.41721854304635764,-0.3972704012543195,7,4.31074954304,131.72966781214203,242.0
50214560,PAX,-0.6717197030505013,-0.5883924685010483,8,4.012681112349979,119.54123455650515,1017.0
50214678,VITTSJÖ,-0.06877990430622016,-0.07602497081901992,21,4.497875675964116,58.76187677539426,362.0
50215475,METOD,-0.21283783783783783,-0.21682231144071826,3,4.404421694179557,80.18327605956472,207.0
50217139,HUGAD,0.6956521739130435,0.5971059352360849,17,4.597518934467047,9.195402298850574,1032.0
50217182,RAFFIG,0.9067164179104478,0.8869057130652065,17,4.597425771927273,2.2988505747126435,994.0
50217238,SYRLIG,0.6190476190476191,0.552579121953704,15,4.498592449633566,5.172413793103448,554.0
50217667,HEMNES,-0.26315789473684204,-0.3289717999101886,7,4.496740409677733,210.03990758244066,229.0
50219044,FREDDE,-0.2831858407079646,-0.29478435594854563,22,4.499035785856767,286.2068965517241,817.0
50219765,PLANERA,0.31467369067103107,0.299247636702422,4,4.698412429505117,3.9465426017150156,154.0
50219893,BETYDLIG,0.7435897435897436,0.7336289590761784,13,4.498475153769697,0.9603841536614646,510.0
50223625,HEMNES,0.34232365145228216,0.27741854389709086,13,4.774775939798375,97.94299147810756,228.0
50228755,MULIG,0.27726942628903417,0.2647810579524306,24,4.598263254126933,27.60520775405086,1482.0
50231630,RIGGA,-0.6491228070175439,-0.6257488727655306,33,4.300563484110968,21.42206748794858,4942.0
50238858,MAXIMERA,0.2349751801533687,0.2186639945033739,16,4.404737529478096,10.344827586206897,192.0
50245953,BESTÅ,-0.4460431654676259,-0.4758409211749631,5,4.406677054969128,61.78025997133396,1521.0
50250713,MICKE,-0.16176470588235292,-0.21214518917025632,13,4.49883821239596,199.0128124343625,675.0
50251798,SKÖTSAM,-0.4930069930069931,-0.49368559255458755,23,4.023616372306629,10.396975425330812,329.0
50252397,DRÖMMARE,-0.026422764227642274,-0.03102871550427912,19,3.92455744764226,5.735632183908046,389.0
50257253,KOMPLEMENT,0.21866522475883995,0.17387229095185866,10,4.497029081883395,16.2527886651668,253.0
50258323,IVRIG,0.6533534924267189,0.6031909049637819,30,4.697594145925942,1.8875060683505938,1813.0
50258950,IKEA 365+,0.5071656050955414,0.43629390737410567,3,4.6982372473751095,3.4482758620689653,2481.0
50259921,KRUSNING,0.5357142857142858,0.4658805176450855,11,4.770451815192381,20.678160919540225,192.0
50263838,BILLY,0.3962881170670771,0.31071233136379584,22,4.697551351412118,46.14461023090465,1781.0
50275558,OXBERG,0.20320361096577552,0.13010205365691074,18,4.594572669146666,43.97766323024055,462.0
50275596,OXBERG,-0.07186081694402419,-0.09993597628643056,19,4.401891409107225,25.86206896551724,508.0
50275619,OXBERG,0.35122070446030573,0.33274670130725675,12,4.586842834294949,17.21175494726863,180.0
50277393,LOHALS,-0.4379084967320261,-0.43212407281256787,15,4.499659281079306,106.96338837042354,2345.0
50278359,IKEA 365+,0.09785932721712537,0.06998361043105034,9,4.59877232855344,5.689655172413793,2104.0
50278849,SKOGHALL,-0.601823708206687,-0.5718349179510516,5,3.880786857468493,15.228426395939087,128.0
50279702,IKEA 365+,0.45776746838067595,0.3441977355630216,4,4.693295100746423,2.9698806734892385,639.0
50279721,IKEA 365+,-0.561847793679189,-0.5606756901330378,26,4.302644163850898,9.183908045977011,1039.0
50281856,DRAGAN,-0.04515909033502008,-0.02113481301570258,12,4.682925896086822,20.546302454025344,240.0
50282177,LACK,-0.06474820143884892,-0.05681971038019971,33,4.005734696424353,6.846899794299148,1411.0
50282182,LACK,-0.12810117102396515,-0.13779768243123147,10,4.401273855557491,30.454022988505745,763.0
50282945,IKEA 365+,0.7198412698412698,0.7205799924885347,7,4.698003119306619,1.3764624913971093,2188.0
50285091,LURÖY,-0.29936762536873157,-0.27793674368571114,4,3.797370271671796,15.473377749081767,60.0
50286750,BILLY,0.12180200222469412,0.05333761681328498,3,4.401808874891636,12.310217480508824,532.0
50286769,LOMVIKEN,-0.5171428571428571,-0.5624402799334682,5,4.302700368299903,14.93103448275862,1017.0
50289169,SKÄRANDE,-0.6007604562737643,-0.5820345233840633,23,4.3074134779586215,14.93103448275862,359.0
50290785,FLISAT,0.39843749999999994,0.37778989843490696,21,4.690526626215915,40.2183908045977,447.0
50291676,LAPPVIKEN,-0.0788331215586616,-0.1174674438815618,10,4.303088266508729,17.241379310344826,887.0
50293604,BESTÅ,-0.09229828850855747,-0.09661341665533814,21,4.0297995679650915,10.258514567090685,257.0
50293722,LOTE,-0.31847545219638246,-0.31772409352021486,15,4.031763105389148,28.735632183908045,281.0
50295660,FISKBO,-0.2435897435897436,-0.21463759027210805,3,4.496573962512341,5.7358219669777455,3615.0
50296315,SINDVIK,0.11345939933259175,0.05786910204188012,7,4.498059954675663,22.988505747126435,397.0
50297485,HEKTAR,-0.1875,-0.1662959837722698,19,4.404853078977562,31.400966183574877,187.0
50297961,FISKBO,-0.4752262084292404,-0.4834329219116181,24,4.300769303933498,11.465892483311608,3615.0
50298418,FLISAT,0.3714953271028037,0.34909140316907095,21,4.693625008958611,78.67448151487827,673.0
50299248,MÖLLEKULLA,-0.8443169929540423,-0.8590605816943894,6,3.7620513809515796,300.58787427109996,77.0
50300015,BROR,-0.7132049518569463,-0.7034732337415658,15,3.688954738356045,114.94252873563218,73.0
50300416,STRANDMON,0.7424242424242424,0.7470915361015127,15,4.695921186287408,85.42713567839196,1062.0
50300666,BRIMNES,0.13922336193100998,0.09067437823919888,8,4.683186569429008,110.95874832519019,244.0
50301166,PRODUKT,-0.06825396825396826,-0.07579377948985033,33,4.204388616227699,1.5382248884786955,1484.0
50301897,INTRESSANT,-0.203125,-0.2092794917477121,17,4.6796999133198165,18.011722272317403,199.0
50303735,SUNNERSTA,0.9279382887006047,0.8807635930452664,26,4.6956685164114065,1.090678079768265,999.0
50306017,VIKARN,-0.18287205081669689,-0.17848353225124378,12,4.496421694179556,16.361319120046204,207.0
50308686,ALEFJÄLL,-0.270924149956408,-0.2643990301427194,6,4.4991152540553845,306.55566719859894,892.0
50309577,STUK,0.6817243751433157,0.6499912997309293,24,4.697320487342092,11.482758620689655,1626.0
50311269,FÖLJSAM,0.49047053460024953,0.34210415240171327,28,4.794508744416283,3.8234793262694327,1112.0
50311561,VIKANES,-0.06550111385429758,-0.0649884193450297,6,4.5775420792275865,90.85801272527462,98.0
50311815,SAMSÖ,0.24735023041474652,0.24121114815177958,4,4.575423407456604,35.15405251025176,88.0
50316182,SOCKERBIT,0.8222222222222222,0.7318885616719194,27,4.692161710303203,2.8735632183908044,544.0
50319029,LACK,0.1543560606060606,0.13450350031232386,6,4.68066591421058,30.61944941253828,3695.0
50320056,LILLABO,-0.34496934225195097,-0.3604216525175394,28,4.401252998980352,9.183908045977011,776.0
50320320,NISSEDAL,0.005681818181818177,0.11336281456023128,6,4.69917599722978,32.097149517074925,5328.0
50320565,LÅNGFJÄLL,0.30724820901812055,0.2938574842668478,6,4.409566165292309,26.882024724199248,86.0
50320805,SKÅDIS,-0.09177215189873422,-0.12143717399249143,3,4.599165828110919,11.51584045865665,3105.0
50321386,ÅRSTID,0.30147058823529416,0.2639052567018177,9,4.5944571940221275,20.678160919540225,452.0
50322017,KOPPLA,0.2954545454545454,0.2672662389157235,3,4.682991819267954,8.034482758620689,241.0
50322362,OSTBIT,-0.45045045045045046,-0.41470884470829616,5,4.642790664810391,6.4939324368645455,135.0
50322847,KOPPANG,-0.27997275204359673,-0.35243819045826313,17,4.4986972187546925,171.26436781609195,600.0
50323597,BILLSBRO,0.4472500864752681,0.38987131603425007,4,4.656812573439816,10.506609635652765,1015.0
50326789,KNOXHULT,0.23040335821527103,0.2518370329122388,14,4.592682250534831,34.48275862068965,338.0
50330946,PLATSA,-0.3402122641509434,-0.33869804789144903,19,4.3082444872873165,63.011972274732194,321.0
50330951,PLATSA,-0.4044016506189821,-0.4572966914357973,25,4.303839122514286,74.71264367816092,710.0
50330970,PLATSA,0.00861179027438197,-0.0023307305592108404,8,4.49672715931057,38.15364374224826,228.0
50331385,RANARP,0.20587301587301587,0.13675579123588733,6,4.69200522902069,38.849274276623404,533.0
50331470,BARKABODA,-0.78239608801956,-0.780881641922847,5,4.005209275688422,412.2505161734342,77.0
50331696,SPILDRA,0.34208469200875513,0.31121806016295955,6,4.564795691762163,12.068965517241377,56.0
50333049,JAKOBSBYN,-0.3223934198331789,-0.3167654974055953,8,4.3054694348148725,30.388503465967084,493.0
50334303,BILLSBRO,0.5701733236396728,0.47680176367679883,26,4.597478103766117,6.896551724137931,1015.0
50334317,BILLSBRO,0.4416672119348296,0.3512373858222465,20,4.597478103766117,14.05577280088478,1015.0
50334751,MACKAPÄR,-0.5248666223982781,-0.5454034746967815,20,4.207435082832363,102.99161860914002,600.0
50334925,KUNGSFORS,-0.06799024730059211,-0.06936598774709143,10,4.311361305652033,22.712034308485094,228.0
50335091,PAMPIG,0.21040000000000003,0.18411822948821358,5,4.678299907341872,5.01794687724336,185.0
50335185,KARLBY,-0.8109243697478992,-0.7850839153986294,3,3.818118097066667,159.77011494252872,633.0
50335618,SKÅDIS,0.38534278959810875,0.3602398458401451,17,4.592535476190258,2.2988505747126435,331.0
50336991,ULLVIDE,-0.25675675675675674,-0.2694356159795303,3,4.209513211574327,26.425287356321835,465.0
50337165,NATTJASMIN,-0.06518014550691537,-0.09890218495993212,18,4.499395556449249,51.54441858851871,1314.0
50337617,EKBACKEN,-0.3144208037825059,-0.34593272408652737,11,4.304581772443279,69.2201199815413,592.0
50337698,BRIMNES,-0.15097799511002452,-0.15041431682482534,7,4.4986260771167235,107.6757421935087,568.0
50338419,BAGGANÄS,0.6520270270270271,0.6034725792427974,3,4.69378685640395,9.839291571006887,691.0
50338985,KULLARNA,-0.6604587542087541,-0.6086117300455536,4,4.3026694185199625,40.2183908045977,1029.0
50339292,FJÄLLBO,-0.21007617355727815,-0.22889953880909406,24,4.498976977370267,124.31147312232304,769.0
50339391,PLUTTEN,-0.5654275251234884,-0.5434511824968798,12,4.003040012272166,56.51143500414741,79.0
50340163,NYHAMN,-0.13905325443786984,-0.22445789866381452,19,4.1556076625252185,123.10217480508824,97.0
50341148,FRIHETEN,-0.4974574704142012,-0.5067728612505048,22,4.203775580271487,516.0919540229885,1199.0
50342478,HACKÅS,0.3868613138686131,0.36718938414144625,19,4.59110880952355,13.793103448275861,275.0
50342770,ULLVIDE,-0.09457427614056191,-0.11894897103036876,18,4.300772920683185,21.624826847422565,3611.0
50342911,MOPPA,-0.3876811594202898,-0.40374912136759067,21,4.3074729443593585,5.735632183908046,356.0
50343005,GLATTIS,-0.36024844720496896,-0.2888271452311878,23,4.40296979459821,8.034482758620689,317.0
50343939,BEGÅVNING,-0.053299492385786906,-0.05231421365574337,13,4.682792504650001,17.229885057471265,238.0
50345957,MUSKAN,0.21261682242990648,0.1606942524449287,15,4.5878265476186915,45.96551724137931,196.0
50345962,JULKAKTUS,0.39218328840970346,0.3868190154225388,3,4.405101954822565,9.075526842024304,177.0
50346829,FÖRSLAG,-0.23037506603275226,-0.239571761607657,6,4.646279038907318,16.080459770114942,64.0
50347131,KÄMPIG,-0.1977811550151976,-0.1831129493529,10,4.410583842451065,8.60919540229885,76.0
50347517,ENERYDA,0.5925732217573222,0.5323792946962997,7,4.673779054704763,10.344827586206897,150.0
50347616,VISTHUS,-0.07965860597439545,-0.08336362398520673,5,4.694264168216667,400.34364261168383,750.0
50348135,EKBACKEN,-0.4189212904300442,-0.3941394887630151,4,4.239955488612175,102.23973588668972,97.0
50348545,PÄRLBAND,0.2611940298507463,0.27510029481344883,19,4.6866914839589136,7.171572146446518,313.0
50350190,PERSBOL,-0.4822834645669291,-0.18467053158779184,7,4.493059320606897,217.24137931034483,98.0
50351514,BESTÅ,-0.19410456062291434,-0.20183498926010426,3,3.92983546624,16.413623307345098,317.0
50353612,VÅGSJÖN,-0.09709030604552993,-0.13561945642833773,4,4.40430991761643,7.87845503084067,3898.0
50354697,TOLKEN,-0.20858895705521474,-0.23787233714179143,3,4.4054069629913055,45.97701149425287,166.0
50354701,TOLKEN,-0.23059186637618018,-0.2157995961917531,4,4.4054069629913055,52.691170704413985,166.0
50355395,TERTIAL,0.42961352657004837,0.40543513313532076,14,4.598723606658696,15.124555969758621,2023.0
50356187,TRÅDFRI,-0.18765430991708365,-0.19259720413965287,22,4.118535887508406,20.134359135448435,327.0
50356564,DVALA,0.0955056179775281,0.06831578424331101,11,4.400306305785222,16.174629893392034,9136.0
50356804,MAXIMERA,-0.505050505050505,-0.4928406203256276,5,3.945638726896804,75.86206896551724,201.0
50357002,KALLRÖR,0.47955318948998393,0.44763134800984017,22,4.594106066041628,10.919540229885058,424.0
50357163,DVALA,0.10163190872533434,0.11283800426925052,6,4.400108742101601,14.93103448275862,9136.0
50357648,DVALA,-0.0044820999678499285,0.03471223394516542,4,4.440005561013079,14.141210525624114,1031.0
50357785,UTTER,0.3288326615912823,0.275215961125813,16,4.493507106374194,5.747126436781609,106.0
50359176,IKEA 365+,0.5434782608695652,0.5644630907783675,5,4.775079844138153,1.1379310344827585,1132.0
50359195,IKEA 365+,0.6382365918227277,0.6353664169548702,6,4.694588306130713,1.8433940355911778,796.0
50359633,MITTLED,-0.3358024691358025,-0.35340832803934813,9,4.021508874515486,29.283137962128045,363.0
50360764,VÄXJÖ,0.08870967741935487,0.06926476623852403,3,4.6370697312914295,40.229885057471265,52.0
50361792,IKEA 365+,0.07365515396958815,0.07126722344646674,32,4.400310997558737,2.070565205141998,3181.0
50362249,ROTSUND,-0.0807086614173228,-0.040596978424337876,11,4.770451815192381,91.94252873563217,192.0
50364371,KLUNKA,0.6991887229210343,0.5938812871115136,32,4.696481534497125,10.23969905344905,1234.0
50364658,SUCCULENT,0.3202614379084967,0.2912259985033915,15,4.686651155122425,8.034482758620689,312.0
50365139,GALANT,-0.48035230352303526,-0.48027161625005865,3,4.496129236492308,323.0272265805261,190.0
50365177,MAMMUT,0.6122448979591837,0.5337813208273241,27,4.694805284422642,32.30437903804738,830.0
50368492,KOMPLEMENT,0.13204951856946345,0.09128394337186083,19,4.5878265476186915,45.97701149425287,196.0
50368717,NORDVIKEN,-0.6370967741935483,-0.6330429843460761,5,4.314044629097488,199.96923550223042,181.0
50370409,SILVERHÖJDEN,-0.1792307521829706,-0.1753787763464024,8,4.499072443767742,11.482758620689655,850.0
50370876,STUK,0.3753501400560224,0.3346181912990347,5,4.572285970110639,8.506877901281888,97.0
50376557,LJUSKRAFTIG,0.382240334062838,0.3218592192212813,6,4.674970915854546,3.0844736361977745,158.0
50376722,FRUKTSKAL,-0.06734832784753547,-0.06516669783639607,10,4.690898514856199,14.908243472765335,466.0
50377910,KOPPLA,0.1571428571428572,0.17959315089135944,3,4.576530461174775,5.7358219669777455,261.0
50381907,IKEA 365+,-0.24322725885225888,-0.20714987415461852,28,4.1077093231029345,4.022988505747126,812.0
50382370,GRUMLAN,0.405558209906036,0.3722175644197565,4,4.586998764662272,1.4892285545162318,150.0
50382841,ALFTA,-0.25757575757575757,-0.2821323193414614,29,3.9117310812093895,4.62962962962963,834.0
50383483,NORDLI,-0.3200136612021858,-0.3262263773741959,4,4.2230898552281415,45.52006571105791,181.0
50384958,GAMMAN,-0.6663505030924028,-0.6616738221236147,10,4.410472433583159,39.036154778581164,77.0
50386245,MÖRBYLÅNGA,-0.16612299795930985,-0.16136974533303286,18,4.68398138614691,688.0243807896464,257.0
50387136,KNOPPÄNG,-0.3922593349996213,-0.40075980615963597,4,4.448857130883296,11.34282723381321,1434.0
50388715,SAMVERKA,0.8283582089552239,0.8176199189043716,15,4.784330508056566,1.7126436781609193,378.0
50388720,SAMVERKA,0.5827586206896551,0.5757910338899355,17,4.774037159792469,5.291005291005291,285.0
50389140,FINSMAKARE,-0.9628974585151286,-0.9569672027391337,12,2.928948414423189,688.5057471264367,120.0
50391850,DUVHOLMEN,-0.4545454545454546,-0.4088644403741383,19,4.403657651435295,26.254988447805083,254.0
50395382,PÄRKLA,0.9245283018867925,0.8750278006248317,35,4.699424769024602,1.9841269841269842,7640.0
50395443,EKBACKEN,-0.3902021729039381,-0.40109120217718036,12,4.304581772443279,95.51002729090543,592.0
50395594,LÄTTHET,0.035296815266987316,0.03856124268799608,14,4.324516501670176,11.494252873563218,101.0
50396758,TIBAST,-0.6230769230769231,-0.6117921085675615,17,4.02389178189621,51.712643678160916,325.0
50396862,FRIDANS,-0.461864406779661,-0.4779352685431717,19,4.101863310370163,37.91954022988506,3414.0
50396923,FRIDANS,-0.4705882352941177,-0.5384610953664662,5,4.101863310370163,47.937868237814676,3414.0
50397135,HAGSTA,0.1866634646173551,0.1799286236758908,8,4.780111798687179,24.97994465346227,294.0
50397480,FÖRBÄTTRA,-0.012334638500829831,-0.017917737917652183,6,4.412593432789874,47.090585142211495,61.0
50397913,IDÅSEN,-0.7663673858340406,-0.7575739957630734,8,3.8508400051310345,170.05508742472767,214.0
50400005,SKUBB,0.11942304606002246,-0.0019658578786149925,6,4.695491178291094,8.074864428530033,959.0
50400307,TISKEN,0.33836457659987074,0.3066621145732102,12,4.403261905542296,3.1827849666116106,287.0
50401383,LAGAN,-0.32738569453220145,-0.2938282262243048,12,4.225246599947253,57.57160171644681,164.0
50402995,SKRUVSTA,-0.5206909043008627,-0.5077992772364931,16,4.401594360882052,158.2423892373531,606.0
50403669,STEIN,0.3010752688172043,0.23002526727255682,11,4.669408897155556,80.44827586206895,463.0
50404027,KOMPLEMENT,0.2459016393442623,0.24225877143417254,19,4.580558814853731,22.988505747126435,116.0
50404032,KOMPLEMENT,0.4688346883468835,0.46797089992054586,19,4.6650387396063495,19.54022988505747,108.0
50404664,KALLRÖR,0.21677594652515567,0.24194244407595808,4,4.542945283992243,14.942528735632182,424.0
50404895,LAUTERS,0.35515873015873023,0.31582181902212025,3,4.751522509300001,39.99,110.0
50404918,NÄVLINGE,0.17131850188794776,0.1623717523503717,24,4.499521047703985,19.743720878720996,1663.0
50405395,SKAFTET,-0.8461538461538461,-0.8390742075652308,21,3.7394054527257974,78.89990982867448,327.0
50405418,SKAFTET,0.25611831777245314,0.26460394610590693,6,4.498118881285982,14.510764922107473,410.0
50405456,MYRHULT,0.5178571428571428,0.5032179447679634,9,4.596554075648677,11.24887285843102,738.0
50406465,FRANKLIN,0.3916083916083916,0.3471042029424638,17,4.597438427915831,39.90358864488484,999.0
50409874,BRIMNES,-0.22646443514644354,-0.23180028754153048,13,4.49839617767012,114.9310344827586,484.0
50410165,OPPEJEN,-0.3617021276595745,-0.36811007458476663,15,4.488160017505884,169.20473773265653,50.0
50411730,FINSMAKARE,-0.7386047460645258,-0.7105611258734599,8,4.156591868941593,1033.3333333333333,130.0
50411990,GLADOM,0.654696132596685,0.5690563015893009,25,4.69861648278593,17.229885057471265,3166.0
50412895,RÖNNINGE,-0.03298768083182646,-0.03274782475564751,8,4.588771039613793,103.94504303584986,214.0
50413507,HEMNES,-0.8033473934674453,-0.7946064553364337,14,4.205502851725031,417.77050279708544,817.0
50413526,HEMNES,-0.3874630273934425,-0.4111105904010874,24,4.499035785856767,274.43113733702035,821.0
50415040,NORDLI,0.44773039889958743,0.43391862556457106,15,4.7252395324144585,45.97701149425287,65.0
50415224,NYMÅNE,-0.3942307692307692,-0.40323828819844754,3,3.7178880015663163,23.498873542952296,742.0
50416313,FJÄDRANDE,-0.11041434410999629,-0.11892696848890459,6,3.619408897155556,6.304242208792511,126.0
50416501,LISABO,-0.2149532710280374,-0.2115321662382311,5,4.59385585186415,262.0247847090947,406.0
50417614,RÅGRUND,-0.2142857142857143,-0.2672405528108498,11,4.130022916386855,22.97701149425287,195.0
50417812,MAJGULL,0.09459459459459463,0.09212213799061496,11,4.714998372471234,40.08591065292096,756.0
50419972,JONAXEL,-0.06661098008385744,-0.1887994300659806,14,4.497769753990028,56.32183908045977,343.0
50420206,HÅLLBAR,0.3575708301179583,0.21937149425902827,10,4.595731439651033,14.62187462969546,4425.0
50421244,RAMSHULT,0.051724137931034475,0.050397108217782885,5,4.118808474089412,4.022988505747126,322.0
50421338,RASSLA,0.6583788706739526,0.6338369394529696,20,4.686276888443614,10.05940836516799,303.0
50421791,VISPAD,0.14976228209191755,0.10662435465868922,23,4.691609297505524,5.9990770650669125,507.0
50422494,GODISHUS,0.06119791666666663,0.02446702333262235,13,4.669619870278622,130.53460150869137,173.0
50423573,VEDBO,0.3012422360248448,0.11453287127475353,3,4.590696004251429,320.6896551724138,262.0
50424327,MUSKAN,0.16216216216216217,0.1478106616055508,19,4.59307149252766,57.41379310344828,358.0
50424718,UPPLAGA,0.34206349206349207,0.2128831173887392,17,4.736682461126532,5.172413793103448,80.0
50425280,YLLEVAD,0.10911975555294394,0.07801675507426466,12,4.401307334021552,0.7324087216137265,743.0
50425529,STOENSE,-0.19932432432432434,-0.21139924134660976,5,4.669408897155556,97.94299147810756,4909.0
50425987,KALLVIKEN,0.18692810457516346,0.05963628612810179,3,4.586776046651777,40.229885057471265,179.0
50426802,STOENSE,-0.10576923076923084,-0.11234407186012349,23,4.597620896064291,34.551564797311485,1077.0
50426835,STOENSE,-0.15462315462315457,-0.18769169427064164,4,4.597620896064291,36.75954782650831,1077.0
50427284,KNOPPÄNG,0.18908594913506704,0.13645167941347308,8,4.5977941415668075,5.613544958162144,1163.0
50429768,YLLEVAD,-0.12862718750999774,-0.12626286063817777,4,3.7691745185758254,2.9487982562829105,73.0
50430535,GRANHULT,0.6153902967436975,0.588847196988217,14,4.687931181343562,12.020258611676534,347.0
50430818,HILJA,0.4454970472440945,0.46539558244557666,4,4.622449096911225,16.908817313608516,777.0
50433968,ELVARLI,-0.4236588720770289,-0.4276729771130955,15,4.166613345733334,63.218390804597696,82.0
50434294,VINNÄSET,0.41594575590949306,0.411250695154709,18,4.580558814853731,10.059373680578322,116.0
50434307,LUBBAN,0.0632200547091828,0.059770770364481626,18,4.59439759395785,94.82183908045977,447.0
50435321,HEMLINGBY,-0.1314393939393939,-0.10989622556930247,4,4.226107279490909,159.1536958425982,158.0
50436778,KONSTRUERA,-0.1326853806499211,-0.13039662783715192,18,4.088117002047312,12.68877021965068,75.0
50437626,MISTERHULT,0.16066958698372968,0.15561422120697027,20,4.68059419026608,43.48304074527992,209.0
50439588,SKYDRAG,-0.18224729955212082,-0.18507404249921716,14,4.053913692042106,16.080459770114942,134.0
50440332,LENAST,-0.10679611650485438,-0.1391552197659814,21,4.21963624440342,17.229885057471265,216.0
50440412,ENHET,0.2585718294051627,0.2945151216446223,6,4.659586065966973,45.97701149425287,91.0
50441510,MARIEDAMM,-0.03650793650793649,-0.03857461260093968,5,4.6878980252483515,228.73563218390802,346.0
50442680,NATTJASMIN,0.2779222796464176,0.22966671251729082,4,4.4997441630728945,20.481044011267418,3129.0
50443811,UNDVIKA,-0.07092198581560283,-0.07246812335820085,13,4.406545270989475,5.145977735769796,134.0
50444778,SKÖTSAM,-0.10211267605633803,-0.06148130888429386,7,4.564313440964384,6.885057471264368,55.0
50444783,UPPSNOFSAD,0.7267759562841529,0.7205291225814664,14,4.5969315443938745,0.924451506348692,831.0
50446598,KOMPLEMENT,-0.2598379629629629,-0.2467558639369929,5,4.314787731166138,45.97701149425287,171.0
50446881,FÖRNIMMA,0.3987485779294653,0.3899972606414818,19,4.496659258051453,5.735632183908046,223.0
50448069,FRAKTA,0.6341059602649006,0.47411722603708456,29,4.792145419228355,3.025601241272304,993.0
50448776,HULTARP,0.6943765281173594,0.6252978954852366,3,4.692802093448366,7.6803723816912335,594.0
50449021,ENHET,0.08641975308641975,0.06676053563418252,5,4.325641111838533,8.045977011494251,91.0
50449177,KLOCKREN,-0.30952380952380953,-0.3170515788110929,15,4.596064775212085,16.065881092662025,644.0
50449337,ROSENSKÄRM,0.2619047619047619,0.25751300494901,25,4.303416725171638,5.353508302088913,800.0
50449403,FÖRDELAKTIG,-0.9027777777777778,-0.878648037869668,7,3.7999623616941185,1952.8735632183907,118.0
50449587,BOAXEL,0.4127083740086836,0.4102298272185865,4,4.5734171550040825,10.334148135842607,80.0
50449592,SÄLJAN,-0.41900981041792495,-0.42073526435598835,4,4.331403159442697,177.01149425287355,71.0
50450137,RUDSTA,-0.10774058577405865,-0.1503732316111964,21,4.595658135317334,171.26436781609195,582.0
50450236,VOXLÖV,0.1696428571428571,0.19887639608087532,17,4.678922876509092,102.54645560908465,191.0
50450401,SNÖBYAR,-0.00843537414965978,-0.023445969589894117,20,4.679976732683636,64.65232442874861,202.0
50451306,VESTMARKA,-0.4697504708097928,-0.42554617900286484,4,4.013749800655034,109.14397873527004,578.0
50451373,SMÅSTAD,0.04066985645933015,0.045711860704631714,3,4.169509578156522,5.747126436781609,74.0
50452297,HEMNES,-0.8099455040871935,-0.7946599990039073,3,4.205502851725031,421.18718777549225,817.0
50453758,RAKKESTAD,-0.43464052287581695,-0.43707950532584644,21,4.403051782792638,136.9580178940124,308.0
50454036,SMÅSTAD,-0.6629098360655739,-0.6358041080847947,22,4.402505997960706,516.0919540229885,379.0
50454084,FÖRBÄTTRA,-0.08765376559780524,-0.09453442996871395,4,4.412593432789874,56.8324750219522,61.0
50454885,KAKTUSFIKON,0.2914110429447852,0.20439125219738896,5,4.657643088369231,5.735632183908046,86.0
50454890,KAKTUSFIKON,-0.2298510085834477,-0.2392776097810353,4,4.657643088369231,28.72413793103448,86.0
50455088,SAMLA,0.8629707112970711,0.8582763237037845,21,4.690954581499795,0.9195402298850575,469.0
50456403,SANDSHULT,-0.014363468141675682,-0.009780945925390984,4,3.932241552227097,4.316211198252104,292.0
50456592,MÅLA,-0.0863882130305488,-0.08775880812813174,22,4.109793079924042,3.624431682220627,635.0
50457313,ODGER,-0.10612244897959178,-0.11560464475485549,13,4.499105423544889,86.20689655172413,882.0
50457488,LIVBOJ,-0.19999999999999998,-0.18500879510477802,13,3.4138953044553038,5.735632183908046,1349.0
50457600,LENAST,0.7040816326530612,0.6492912431072961,21,4.777598849062816,14.885452462772049,259.0
50457737,ENHET,0.10112173703837363,0.07379719124746016,12,4.494560008043244,28.080203379034096,130.0
50457841,GRUSSTARR,-0.011249999999999982,0.043141138654414636,3,4.49685500465,51.712643678160916,238.0
50458614,LINDBYN,-0.12340579710144928,-0.07742994382677594,30,4.696503873960635,64.42578404097043,1242.0
50459147,TOFTBYN,-0.2609564070741545,-0.24590486803645367,14,4.6882220279136195,103.43678160919539,370.0
50459779,HAUGA,0.48306299263891606,0.505842021525483,6,4.637956073104227,17.816091954022987,53.0
50460018,UPPDATERA,0.7597962991758669,0.7468027357227763,12,4.661016647702656,5.030128926133466,95.0
50460122,FABRIKÖR,-0.15667574931880102,-0.23671430972561236,5,4.592743401644569,182.75862068965517,341.0
50460527,SKOGSFRÄKEN,-0.037190082644628086,-0.04252800806510228,27,4.201977994485751,13.402184944182437,2339.0
50460546,SKOGSFRÄKEN,0.027545291123873564,0.022182028682374733,26,4.203561923403411,11.239578590056713,1272.0
50460669,LAGKAPTEN,0.41562711864406776,0.3247078270502776,8,4.539863461022599,28.729885057471265,807.0
50461230,SMÅGÖRA,0.06574394463667821,0.05998664684638599,17,4.671941918410192,148.2758620689655,139.0
50461635,LUDDROS,-0.007504012841091479,0.0027511952960835723,20,4.301258388649437,16.438929086181545,2203.0
50461937,FÖRNUFTIG,-0.7407407407407407,-0.7343877160311496,11,4.3051188300190475,68.95402298850574,528.0
50461942,STARKVIND,-0.7139208173690932,-0.6936607453848833,4,4.407895882463492,159.77011494252872,108.0
50462357,KLOTTRIG,0.5257142857142857,0.5320732007562561,3,4.759966975421936,6.885057471264368,260.0
50462480,UTRUSTA,-0.298366389597564,-0.29450538521286773,14,4.238612446978152,46.06187907430687,101.0
50462673,MARKFROST,0.04423076923076924,0.0385852451365653,17,4.4946325412693335,22.97701149425287,132.0
50463470,SÖDERHAMN,-0.02857142857142858,-0.03374033374033373,3,4.169509578156522,137.9310344827586,74.0
50463696,MIDDAGSMAT,-0.7615062761506276,-0.7531021703367886,13,4.124131627133584,14.58230350963915,247.0
50464115,JÄTTELIK,0.3558139534883721,0.29649108766348575,21,4.683376910152454,30.610675280726042,247.0
50465389,KOMPLEMENT,0.7838843209756414,0.7610508933107538,6,4.728676795291955,9.981764322433182,69.0
50465756,TAVELÅN,0.6125139738278425,0.43328194782641194,20,4.686059750602532,10.356780899176073,298.0
50465761,NATTAPA,-0.13250446632597945,-0.17184851640270293,18,4.211997078826109,19.743720878720996,365.0
50466869,KVARNVIK,0.03482587064676612,0.011080789789814164,11,4.649941831709092,8.034482758620689,1164.0
50467067,DRÖNA,0.5980066445182725,0.5217112887341143,25,4.69705540186524,3.4367816091954024,1478.0
50467524,TVÄRFOT,0.41934303601918854,0.3906221807078193,14,4.591755953134178,13.525365017730284,298.0
50467883,SMAKLIG,-0.9536878216123499,-0.9380312607965454,12,3.135025160775258,573.5632183908045,176.0
50468104,NOJIG,0.7914356580099213,0.7628843574498794,34,4.698605533773472,0.8040128302212043,3141.0
50468854,HIMMELSÖ,-0.9340117767537123,-0.9233751270287431,16,3.621090712608451,340.61721691768935,124.0
50470814,NYSJÖN,-0.47252747252747257,-0.5478867326630449,6,3.463741212048322,63.05692443633255,280.0
50471026,LÖNSÅS,0.39931740614334466,0.3513529533208385,27,4.595722300805255,1.9953791220331862,591.0
50471446,GRILLSKÄR,-0.41428571428571426,-0.43927488915801827,19,4.495892250971429,166.50994220785583,178.0
50471700,VÄNDEROT,0.15234514858575005,0.15592676458956278,12,4.495451306160453,19.92338374148025,159.0
50471837,LÅNGDANS,-0.13768115942028986,-0.13764216330383586,9,4.12920037073242,28.72413793103448,201.0
50473558,ALEX,-0.16371681415929207,-0.12838802262153678,3,4.401537683447296,148.2758620689655,629.0
50474751,TROTTEN,0.0909767595732363,0.0951661156505354,16,4.318884332367568,33.84879725085911,130.0
50474770,ELLOVEN,-0.03782894736842113,0.13842828041861036,35,4.69893775770205,28.72413793103448,4129.0
50474845,TROTTEN,0.12109375,0.12461599576271187,3,4.318884332367568,22.97701149425287,130.0
50474850,TROTTEN,0.565,0.55295862903094,5,4.723393594943211,57.47126436781609,63.0
50475760,CHIAFRÖN,0.5677494878548434,0.5688041936531721,12,4.76943291226798,5.735632183908046,185.0
50477368,OXBERG,0.18306010928961747,0.17314519817643445,3,4.594480680488136,41.32502459822893,454.0
50478023,LILLASJÖN,0.2738095238095238,0.25082432472676375,5,4.413817794311113,8.148798695188507,54.0
50478382,HJÄLTEROLL,-0.048058608058608066,-0.05108346785361617,10,4.671208373793465,5.735632183908046,135.0
50478725,LINDKNUD,0.09659346501451765,0.10709928212921878,10,4.694323300503093,44.402648825007816,758.0
50479353,FÄRGKLAR,0.10137738164978938,0.12195741615610736,10,4.694402644460483,8.034482758620689,769.0
50479782,SPJUTVIAL,0.06523482730379287,0.06380406550914204,8,4.583919019693827,42.143674783237245,144.0
50480912,LURPASSA,-0.3365937907041928,-0.3284568306814773,14,4.4953993210880006,14.807078608800213,157.0
50481172,BAGGEBO,-0.03132382660177044,0.010062077826589992,30,4.40086965139021,20.337974626016234,1126.0
50481469,ÅBYGDA,-0.6304848178531162,-0.5482776321653962,4,4.205883330589502,254.20452305355255,763.0
50481488,ÅBYGDA,-0.6060606060606061,-0.5448070358580229,9,4.205883330589502,171.26436781609195,763.0
50481493,ÅBYGDA,-0.33999352263941995,-0.33721637471463084,6,4.205883330589502,187.96086671477556,763.0
50483005,VIDGA,-0.1728210697800706,-0.14044993911326306,4,3.2095590495232007,7.8631069617050535,107.0
50483152,UPPVIND,0.011111111111111072,0.01105664488017429,3,4.757499186235616,114.9310344827586,128.0
50483289,VIHALS,-0.24397535267622378,-0.25591667246969285,14,4.491948811904001,97.00737433909225,82.0
50484302,ULLVIDE,-0.3360655737704918,-0.3570593699171951,7,3.9122186811618582,22.97701149425287,800.0
50484509,IVAR,0.15953545232273836,0.15923835260605215,15,4.584493340419048,40.229885057471265,150.0
50484651,IVAR,-0.2535885167464115,-0.25742519825704013,6,2.8600703249806454,17.21175494726863,478.0
50486179,UPPDATERA,0.3768133462282398,0.3969544397562312,14,4.575189344670477,11.482758620689655,87.0
50486339,LINDBYN,-0.5168810939838977,-0.42545851685743763,18,4.4916133457333345,18.379310344827587,78.0
50486650,OLIVBLAD,-0.44904371584699454,-0.4505031746375367,26,4.4989163946035,21.378556454682148,725.0
50486792,TILLREDA,-0.38383838383838387,-0.34320063452247346,13,4.219225444311298,80.44827586206895,221.0
50487824,VATTENSJÖN,0.4868421052631579,0.49691462281046167,9,4.772298576742857,12.539991217614954,206.0
50487857,IDANÄS,-0.5112860603391323,-0.5074856009242832,4,4.493710009300001,304.05833589090173,110.0
50488456,OSKARSHAMN,0.662878787878788,0.662803678860515,6,4.777018078482962,162.31458029704885,252.0
50488734,VIHALS,-0.08916083916083917,-0.07740521188666054,7,4.408503258037608,62.906952320940974,99.0
50488767,KALLVIKEN,0.12561919676573816,0.12223267457664745,6,4.586776046651777,51.72413793103448,179.0
50489012,GLOSTAD,0.5492424242424242,0.5379443564485047,24,4.498717963678981,136.7816091954023,610.0
50491086,TRETUR,-0.2928921568627451,-0.35573060274957724,12,4.3025759273644235,46.46273884807472,1067.0
50492199,FLINTAN,-0.058751229105211404,-0.08368577670768054,8,3.8657912340292695,16.576244798931533,64.0
50492613,KNARDRUP,-0.6497005988023952,-0.623591538841385,7,4.402245781468173,102.90724503922473,425.0
50492811,STRANDMON,0.6923076923076923,0.6842833580424962,5,4.695921186287408,136.7816091954023,1062.0
50492929,HÖGVIND,-0.45092699697962857,-0.4604825094879355,18,4.496323658403653,114.36206896551724,201.0
50493976,SILVERLÖNN,0.04023692810457516,0.032626634876996144,4,4.203016993559029,24.48650605477141,1505.0
50494075,SUNDVIK,-0.34889710957126685,-0.24180057179474007,4,4.401946929922506,196.58409133434984,493.0
50494141,RUNNEN,0.03968253968253968,0.059428483180179154,13,4.218602757855871,3.4482758620689653,229.0
50494259,VEDBO,0.1223776223776224,-0.1430500615671458,11,4.496903389193847,309.015829318651,242.0
50494264,SUNDVIK,-0.7886178861788617,-0.8148953003070154,5,4.135725593242459,286.7254821501847,161.0
50494297,BROR,-0.5575973167809076,-0.5555564757956613,18,4.408576561986208,293.33997230647725,98.0
50494787,GRADVIS,0.14610389610389618,0.13744157699588302,3,4.675796050496704,10.333333333333332,164.0
50494792,GRADVIS,0.4111675126903553,0.40055718028331616,5,4.675796050496704,5.735632183908046,164.0
50495391,LYDERSHOLM,0.11538461538461531,0.11858799016349011,19,4.68799695147248,28.631156930126,349.0
50495409,LYDERSHOLM,-0.31132756132756134,-0.2942858912942386,12,4.5945951891917005,136.7816091954023,464.0
50495763,BESTÄMMA,-0.12324690490092108,-0.125443209332111,18,3.8361806171484663,2.293103448275862,308.0
50496022,IDANÄS,-0.34367969020422295,-0.3620424625363531,8,4.5909544485777785,448.3762068493861,270.0
50496362,BESTÅ,-0.15285141600931076,-0.15569040428650213,6,4.411568385934885,53.25731926800505,68.0
50496381,IDÅSEN,-0.7869281045751635,-0.7799839482846543,5,4.221572212161503,343.67816091954023,195.0
50497696,ÅKERBÄR,0.10129310344827586,0.12984749347647792,9,4.583819137828572,8.034482758620689,143.0
50497818,STRAUMEN,-0.13594994311717856,-0.13488031718742846,3,4.48897097521096,48.275862068965516,55.0
50499129,NOLLÅTTA,-0.6664803775459514,-0.6579208186006643,4,3.9243249895309935,11.63096187870321,784.0
50500825,TRUMMIS,0.0540840738209159,0.024048917644402923,4,4.650504283038203,11.482758620689655,71.0
50501071,GREÅKER,0.11996536781894307,0.11775203025399396,12,4.708748252800001,181.4379217064146,50.0
50503013,BARNDRÖM,0.17187075621774728,0.1287632877448125,18,4.407772509300001,16.909290838654258,110.0
50503353,NÄMMARÖ,0.0515463917525773,-0.037974927968290995,19,4.495671404249463,39.48312993539124,168.0
50503433,LILLHAVET,0.11313174718983018,-0.057599966204526606,14,4.492404539532076,17.229885057471265,88.0
50503466,LILLHAVET,0.5343980343980345,0.37031858322549455,21,4.498174333765079,3.3908045977011496,423.0
50503598,KLYKET,-0.23313593855354575,-0.21115639516986062,12,4.403430624794483,9.183908045977011,288.0
50504692,LADDA,0.3518518518518518,0.36933170569755935,17,4.597702717099117,8.994589720468891,1116.0
50504734,OMBONAD,-0.6855705166218997,-0.6859007930184701,14,4.407652932233847,43.79592778002342,112.0
50505955,SKRUVSHULT,0.829481931682116,0.8241022396510446,18,4.806917223144187,6.896551724137931,68.0
50506974,ULLTISTEL,-0.09762163821002118,-0.1570009512959032,4,4.414630605741178,43.93423940203811,50.0
50507558,GRUPPSPEL,-0.8882389162561577,-0.8804945143752665,4,4.0450268197274735,355.23606505194687,164.0
50507959,IKEA 365+,0.11458333333333337,0.10244864287114397,7,4.693170358434729,6.613756613756614,627.0
50510301,NÄMMARÖ,0.05737704918032793,0.001185344483088558,19,4.594639673231275,67.81609195402298,468.0
50510810,SEGERÖN,-0.5270270270270271,-0.5356520515661717,8,4.322006938507087,95.70742766360027,109.0
50511211,SNÖRPA,-0.10688659276001869,-0.1994307214375497,6,4.402794610085394,18.7479452338754,351.0
50511536,GAPERHULT,-0.32662538699690397,-0.3171864782793592,5,4.563817794311112,205.7471264367816,54.0
50512376,VODSKOV,-0.8181349792867998,-0.8154171653595522,10,4.14047393158481,102.32704725184747,140.0
50512649,TOLKNING,-0.5909953572997051,-0.6049606418338641,14,4.327948811904001,19.55474885243244,82.0
50515167,JAKOBSFORS,-0.27231338166144203,-0.2832668237935557,12,4.495178929283833,136.7816091954023,149.0
50515313,LISTERBY,-0.7308673469387756,-0.7260175146949303,6,4.192679437542029,205.7471264367816,51.0
50515327,LISTERBY,0.0012706480304955914,0.014422989553488664,5,4.645615817165433,148.2758620689655,63.0
50515346,UTRUSTA,-0.8126622754282329,-0.8119794841999229,12,3.9493022935493682,455.680477376771,61.0
50515493,MONSTERA DELICIOSA,0.37965527119938886,0.374348572848562,12,4.68312215015479,6.885057471264368,243.0
50516063,TROFAST,0.5375683060109289,0.5393048579324397,19,4.738563180102971,33.72333103922918,83.0
50517760,SKÅDIS,-0.07594936708860767,-0.13149780782257045,25,4.594661641783606,10.344827586206897,470.0
50519764,FEJKA,0.2723880597014925,0.21158065502507523,27,4.595929501860001,3.9682539682539684,622.0
50521187,BRUMMIG,0.13166785206258885,0.1005827447243773,18,4.730279563937079,38.73655957357857,71.0
50521941,UPPFYLLD,-0.10476190476190478,-0.11338068697954415,13,4.495784718274346,4.586206896551724,173.0
50522040,BILLY,0.39234449760765555,0.34179526836317636,9,4.697551351412118,42.354630294328786,1781.0
50522064,HULDHET,-0.2987356055173577,-0.30327355739666934,6,4.3393645238084515,5.735632183908046,53.0
50522101,BLÅVINGAD,0.22139825024589738,0.20736269858795017,22,4.786302165983223,10.85725615804768,435.0
50522177,REXBEGONIA,-0.2447033898305085,-0.25978438876118787,3,3.5534002521440997,13.781609195402298,304.0
50522375,INLÄGG,-0.09780334728033474,-0.09503999149013494,19,4.080341972454903,11.454753722794958,84.0
50522733,LÄCKÖ,0.026102215398113637,0.038907160927415946,18,4.734682959898947,114.536586875263,77.0
50523271,BLECKSJÖN,-0.4600000000000001,-0.4620176944490234,19,4.128548576742857,13.781609195402298,206.0
50524548,KÖRSBÄRSTRÄD,0.7209302325581395,0.6946468846710021,9,4.744597153485715,2.28735632183908,94.0
50525171,BELÖNING,0.044334975369458074,0.05816269972303274,4,4.65105423544889,4.626594861219704,72.0
50525642,ISTAD,0.696031746031746,0.669694038317687,31,4.7971884373314,2.864321608040201,2189.0
50525920,PERSBOL,-0.4274924471299094,-0.18809009960379894,5,4.493059320606897,228.73563218390802,98.0
50526632,HEJSTA,0.17487046632124348,0.14736673201699105,3,4.63965590671781,45.97701149425287,55.0
50527127,BÄRFIS,-0.01287262872628725,-0.016959733078750473,19,4.404760197083254,22.97701149425287,191.0
50527269,FYRTIOFYRA,0.24001831501831503,0.2512060112506541,4,4.493346125540497,11.365815739560336,103.0
50527354,GUBBRÖRA,0.5996621621621621,0.6092635804534068,9,4.794691942848931,1.24835330280409,1151.0
50527537,KIVIK,0.4513274336283186,0.44526678936708436,3,4.411986520366266,67.81609195402298,67.0
50527542,KIVIK,-0.13178294573643412,-0.10135910601026882,3,4.137839533671006,263.2183908045977,151.0
50527636,RISATORP,0.2787234042553191,0.0848478261920983,17,4.588574040308772,14.93103448275862,210.0
50527882,LJUNGAN,0.23374366485330356,0.2403674165297731,14,4.7435898290036365,13.618887773263907,92.0
50528179,ANANAS,-0.18993506493506496,-0.16843113013493463,11,4.496072591172684,11.482758620689655,187.0
50528363,SALTSTEN,-0.599290780141844,-0.6032322965949068,5,4.2406626654017705,9.773696293866841,95.0
50528688,UPPFYLLD,-0.15,-0.13799230028332984,9,2.742105877405958,2.2317403065825068,217.0
50530101,RENSHACKA,0.4929577464788732,0.48073343425029347,15,4.593767658350239,0.6758742286218044,400.0
50530262,STÄLL,-0.15104166666666663,-0.16718058391626875,19,4.587883168327442,171.26436781609195,197.0
50530648,ÄLVDALEN,-0.23809523809523814,-0.2720197009285348,13,4.308547037279511,387.12179984484095,309.0
50530785,HORNMAL,0.19781553398058255,0.21126663421942693,7,4.403316270634667,15.285186704965122,282.0
50530988,MACKAPÄR,-0.2574347454000856,-0.3505766577673864,22,4.685789939323871,77.34557471264367,292.0
50530993,MACKAPÄR,0.02447552447552448,0.038728460853967445,19,4.767681672866667,30.672958555601152,174.0
50531006,KRYDDBUSKE,0.888696737669855,0.8719423690007722,10,4.847334744673685,7.000193524723352,134.0
50531252,IVAR,-0.4060062355234412,-0.4127554281917172,18,4.3254080108218185,100.24962118293394,92.0
50531285,SOTNÄTFJÄRIL,-0.4490323911043431,-0.35873886113444164,4,4.008736547111301,32.14942528735632,920.0
50531742,IKEA PS 2014,-0.13690476190476186,-0.2500166002982961,9,4.598188373567733,65.52968186290587,1420.0
50531983,SKRUVBY,0.3315899581589958,0.3034447792589086,15,4.67902324376381,45.96551724137931,192.0
50532138,BALTSAR,-0.7410962301587303,-0.7578858103522399,4,4.115420861836621,182.24959306519094,53.0
50532143,BALTSAR,-0.7388535031847134,-0.7145161355353261,15,4.115420861836621,180.11722272317402,53.0
50532567,TJABBIG,0.027549170037662163,-0.019553664873188447,20,4.59417199371454,8.902298850574713,429.0
50534038,JÄNKIG,-0.27272727272727276,-0.23807700924383662,5,4.666627887806062,9.773696293866841,115.0
50534321,FRÖSVI,0.33457921388955875,0.33216164153659794,6,4.587229809756862,37.47688179812771,186.0
50534439,PÅLYCKE,0.2983385714182024,0.28029955390833494,4,4.492613588902753,2.385128801953826,91.0
50535090,ÄNGSJÖN,-0.5319148936170213,-0.5463064410986233,3,4.4037401548511275,263.4715513455868,248.0
50535679,ASKHOLMEN,-0.5549337260677467,-0.5657148060533957,16,4.256035136468294,101.04174402389616,67.0
50535684,ASKHOLMEN,-0.08762886597938147,-0.17969535968063896,17,4.488498302720001,51.72413793103448,52.0
50537664,DVÄRGTALL,0.22571428571428576,0.22404666470352738,5,4.756301980214085,14.99,124.0
50538456,FÖNSTERBLAD,-0.1875,-0.17586046821631585,12,3.8202313571018864,17.65638016730057,565.0
50538951,BESTÅ,-0.2852062588904694,-0.2781341572927142,3,3.935823946918996,24.08809359944941,261.0
50540015,REMTÅNG,-0.05416666666666664,-0.06342707544684295,11,4.261265082538668,17.229885057471265,61.0
50540181,STJÄRNBUSKE,0.17686501996007986,0.1720338218163173,16,4.402934752774042,2.9317816091954025,321.0
50540765,BESTÅ,-0.28714622641509435,-0.28936101519573587,3,4.160329067833962,40.0,88.0
50541374,KORKEN,0.16804635761589404,0.1536357952276186,7,4.5791590495232,3.845562221196739,128.0
50542905,VIHALS,-0.40774413213561284,-0.4072129519356815,4,4.493559049523201,199.4551195883388,107.0
50544179,UPPDATERA,-0.12797478329393225,-0.1325783357106605,12,3.7282906765866675,8.034482758620689,102.0
50544184,UPPDATERA,-0.0950735264655207,-0.0899193190388876,12,4.0795619533048555,13.113611498049645,85.0
50544867,SKOGSTA,-0.05949447984588027,-0.04629439710605581,8,4.497919589639277,69.06744666207845,369.0
50545225,MIDDAGSMAT,-0.7103045871559632,-0.7326169339320051,12,3.977479699150388,11.817367619835675,111.0
50545230,MIDDAGSMAT,-0.5227388379204893,-0.5193589735789341,10,4.314945888718717,9.484695721489828,169.0
50545414,JUSTINA,0.4636075949367089,0.48567364796094825,3,4.499680761772562,5.505849965588437,2504.0
50546343,SITTPINNE,0.3170266836086404,0.2716325246192601,15,4.403841240117376,1.3390465988216391,241.0
50546569,FEJKA,0.014710867059860355,0.00987532094557913,10,4.411986520366266,3.438968918844088,65.0
50547248,KUDDARNA,-0.6437125748502993,-0.6289806192554891,17,2.9928809551811772,22.988505747126435,67.0
50547390,BROR,-0.6696757150391983,-0.6780058776350689,6,3.688954738356045,107.45926782601703,73.0
50547842,NYHAMN,0.36363636363636365,0.2999855182650882,3,4.316062535577012,90.80459770114942,156.0
50548059,ISKUB,-0.1865671641791045,-0.1769605306060525,17,3.714777044772174,2.0689655172413794,902.0
50548064,ISKUB,-0.138203214695752,-0.1415534010380533,18,4.008708694144953,2.032172319637283,923.0
50549365,TALLBARSMAL,0.6874685771744595,0.6819602485999241,4,4.578108245297479,8.034482758620689,101.0
50549412,SJÖSS,-0.14285714285714285,-0.09794372294372294,4,4.339926874148572,7.241966218432273,52.0
50549577,VÅRVIAL,0.31151832460732987,0.27528764618874496,5,4.4991239185967355,19.528735632183906,901.0
50549643,DVALA,0.2542906178489702,0.23178951146710394,8,4.4010629459864195,9.796296296296296,9136.0
50549676,DVALA,0.1105888209358555,0.014862636735416837,4,4.302716113887657,11.482758620689655,1011.0
50549836,UPPDATERA,0.5269248822260002,0.45616797583703383,12,4.572285970110639,5.735632183908046,76.0
50550702,INNER,0.05633802816901408,0.08096987701489869,29,4.005077373723916,4.586206896551724,1596.0
50552273,PLUFSIG,-0.40740740740740744,-0.40586498297024615,5,4.690784270272803,35.225349946162126,460.0
50552602,SOLABBORRE,0.2006773222477064,0.21263640116601967,8,4.410932760334067,1.4556650246305418,73.0
50552881,LENDA,-0.5555555555555555,-0.5390881135762228,7,3.6446228440301454,34.42528735632184,334.0
50553215,CITRONHAJ,-0.07290015847860537,-0.03837218128883847,21,4.5916769367105426,6.885057471264368,295.0
50554192,GULDFLY,0.5915555487280324,0.5943554592058058,4,4.666627887806062,15.10811059386187,114.0
50554286,RAMSLÖKSMAL,-0.3386682765128001,-0.32158039353449913,16,4.312204721355458,62.41421467477815,211.0
50555281,TELEGRAFLINJE,-0.8700328107911046,-0.8648719397506119,16,4.036916180690412,114.9310344827586,55.0
50555686,SKOTAT,-0.5926308747786899,-0.5576427536951473,18,4.406545270989475,28.72413793103448,134.0
50555709,HEMKOMST,-0.8871642246642247,-0.8909803448257868,10,3.7650472784229674,29.32958935524367,191.0
50559415,BERGGRAN,0.7299464919857952,0.7221970497714443,10,4.731811881213188,2.090429037164869,73.0
50559533,FÅNGGRÖDA,0.43521594684385384,0.44241486186348394,11,4.681946234386886,4.586206896551724,226.0
50559806,ÄSPHULT,0.05162277017963922,0.06175334251795215,4,4.3367747525052645,21.25862068965517,58.0
50560145,SMYCKA,0.11737036295034894,0.1089581881304794,14,4.642037910400001,8.218039530959157,58.0
50560857,VÅRKLYNNE,0.03575896580483737,0.03360862250305638,14,3.8970272636289867,0.7399043915381951,51.0
50561338,SJÖRUDA,0.2609035796040551,0.26475887671254833,12,4.406066348721952,0.5441590798803497,146.0
50561828,PIGGÅL,-0.03505704365079362,-0.039382226331568085,14,4.5819088971555555,5.735632183908046,126.0
50561852,TIDTABELL,-0.9509803921568627,-0.9540472055184809,7,3.809636138632259,285.79610538373424,107.0
50561989,VATTENKRASSE,-0.3553238186321391,-0.27310868623318224,12,4.492545196207408,14.807078608800213,90.0
50562050,HELGEÖ,0.28865979381443296,0.21839626745035873,19,4.584585095801184,28.72413793103448,151.0
50562125,STENFRÖ,0.5648869622475856,0.5737284866101723,4,4.682657012560631,27.43705321252417,236.0
50562248,LISTERBY,-0.021578029642545793,0.00671390556673207,4,4.645615817165433,154.0755946871712,63.0
50562427,AFTONSPARV,0.3892857142857143,0.40237753673039917,17,4.681413000803376,2.2988505747126435,219.0
50562540,NICKEBO,-0.4517893134914412,-0.4130615851430299,8,3.9493022935493682,47.701149425287355,61.0
50563441,KUSTGRAN,0.45,0.46144382841049875,9,4.569351543416471,14.93103448275862,67.0
50563752,ALEX,-0.06758373205741625,-0.09826336902874623,19,4.497040004376471,58.49965588437715,254.0
50564290,PRAKTVIAL,-0.00786516853932584,-0.05063759586231498,3,4.493900615078788,45.96551724137931,114.0
50564445,TREASJÖN,-0.8763066202090591,-0.8960349392339861,17,3.8765568985766246,171.26436781609195,59.0
50564600,FRIDFULL,-0.03084415584415584,-0.0634762494403782,9,4.561689429270589,5.867371926731316,50.0
50566133,LYNGÖR,-0.886977886977887,-0.8866980740398462,3,3.5938253182693884,293.8583602703497,80.0
50567613,PEPPRIG,0.09175084175084175,0.10015503255883067,18,4.721454192283545,11.482758620689655,61.0
50567670,STRIMMIG,-0.42887029288702927,-0.42727918118137814,19,4.562244654933334,17.93969849246231,51.0
50567788,UTSÅDD,0.7975939849624061,0.7929079632383137,6,4.718353699873685,1.8166894198065284,58.0
50567830,SKOGHALL,-0.22256097560975607,-0.23745128869985707,19,3.9251760231496227,5.4989676531314515,379.0
50568537,KUGGIS,0.18960244648318045,0.13134392965494096,7,4.498114475855737,3.4306987399770903,409.0
50568617,KUGGIS,0.14935064935064934,0.15388911728738608,3,4.498114475855737,2.8715003589375447,409.0
50569141,MORUM,-0.09157343208320207,-0.12989220428108783,4,4.59876300151491,86.95403006334337,2088.0
50569513,BLÅSKATA,0.37552966101694907,0.3441613283852818,18,4.662024837848277,27.77442171036087,98.0
50570173,IBBARBO,0.6857363998230872,0.6809751313185759,8,4.662982194877312,9.183908045977011,101.0
50570187,STJÄRNÖ,0.10574712643678152,0.09063995121044098,11,4.7474142473762715,214.64465183058147,100.0
50570248,MÖRTFORS,0.12834224598930483,0.11487866028307206,5,4.046983546917648,44.82758620689655,50.0
50570408,KLIPPKAKTUS,-0.39476943010981386,-0.38901672414032273,10,4.126534776723652,5.735632183908046,223.0
50570955,VALLKRASSING,0.35135135135135137,0.21176142740951998,11,4.404737529478096,6.867124856815578,192.0
50571097,MOROTSMOTT,0.66814446366782,0.6444781824262431,14,4.655049808065307,9.183908045977011,80.0
50571525,LÅNESPELARE,0.32380952380952377,0.3583127710018237,9,4.402005808851614,11.482758620689655,478.0
50572600,BEGRIPA,0.03726362625139044,0.0558561421777337,7,4.05121800744,3.5421449655624793,142.0
50573906,TREASJÖN,-0.6408730158730159,-0.7142429550795789,17,4.331760013527274,194.25287356321837,70.0
50574473,FLYGHÖJD,-0.6835106382978723,-0.6814892823283127,7,3.89072985531077,48.169304886441836,112.0
50575156,SKOGSRÖR,0.45496249999999994,0.42948391064340385,18,4.59110880952355,1.0864182345264757,275.0
50575316,KORSKOVALL,0.19775834170293494,0.20694172539737507,22,4.59557704786146,34.41489907966979,571.0
50575811,SKARPÖ,0.17257073919719235,0.18869438339252692,10,4.69529869924269,63.34095965776617,919.0
50575887,SUNDSÖ,0.6048387096774193,0.579675202305731,3,4.744098028742343,34.48275862068965,93.0
50575905,NÖDMAST,-0.34423076923076923,-0.3379583321261406,17,3.0559719683555557,17.229885057471265,450.0
50576028,SLÅNHÖSTMAL,-0.16083916083916086,-0.17482517482517487,3,4.401467376387021,6.2668590427200295,660.0
50576226,ÅSKMULLER,0.3605328685258964,0.37540702683333,10,4.66736949029926,22.97701149425287,117.0
50576716,HAUGA,-0.15289428721914627,-0.15071549668026837,6,4.573143105055671,114.9310344827586,79.0
50576924,SKOGSDUVA,0.8804347826086957,0.8191690109701308,23,4.877763558862223,2.28735632183908,342.0
50577674,SANDIG,0.44999999999999996,0.4698421935805045,17,4.735363345733334,4.586206896551724,78.0
50578107,HOTELLRUM,0.040000000000000036,0.05002923976608187,3,4.75369314321194,184.58698661744347,116.0
50578555,SONHULT,-0.08225446428571428,-0.08634652451781812,4,4.492106678337255,72.85572246179632,84.0
50579098,PILTANDVINGE,0.06135764562755265,0.03159456571332106,6,4.303648669961358,12.632183908045977,748.0
50579507,RODGERSIA,0.6510438043618823,0.6156982735432063,6,4.7771870632,14.042653839512122,254.0
50579512,RODGERSIA,0.579110628684387,0.543575405324893,6,4.7771870632,18.7694871051869,254.0
50579531,RODGERSIA,0.6521739130434783,0.6620265225453061,3,4.71260396042817,16.080459770114942,53.0
50579545,RODGERSIA,0.8767605633802816,0.8754531400406652,3,4.776042012318148,5.735632183908046,241.0
50579569,RODGERSIA,0.5084745762711864,0.5685249659776039,5,4.7771870632,14.99,254.0
50579668,GULVIAL,0.3916083916083916,0.4073707901294108,3,4.597127763164719,6.740306582506762,889.0
50579692,GULVIAL,0.1902985074626865,0.20138394732132037,5,4.597127763164719,10.32346868547832,915.0
50582072,TROFAST,0.7750677506775068,0.6923137862420711,23,4.6841542488863315,3.589375448671931,260.0
50582091,TROFAST,0.7540650406504066,0.7250249154069716,3,4.688126364394609,5.4552992777183755,353.0
50582128,MYGGBLOMSTER,0.9093491045175087,0.8983256267777016,4,4.7420082354243,4.6376826049805615,89.0
50582331,VILDPERSILJA,0.7114247686259945,0.6908795541611308,8,4.769128762141293,14.93103448275862,183.0
50582538,VÄGTYP,0.1549707602339181,0.24238027452928682,3,4.679793032983487,17.93969849246231,200.0
50582699,VIMPELFISK,-0.45282818219470966,-0.44928377070934505,12,4.410583842451065,11.365815739560336,76.0
50582736,IKEA 365+,-0.8501981023876551,-0.8050221710602949,18,3.8228140835404254,20.37103593291401,499.0
50582784,RÖDFLIK,-0.09065934065934067,-0.08063388931385533,3,4.562244654933334,35.225349946162126,51.0
50583533,RINGBLOMMA,0.44454707170224417,0.4152381101934208,14,4.499446653739107,22.719448256858513,1437.0
50584146,EKTORP,0.4775641025641026,0.5208455528436305,5,4.408290676586668,56.32183908045977,102.0
50584311,EKTORP,0.8333333333333334,0.8250463026455875,7,4.657643088369231,56.32183908045977,86.0
50584702,FESTLIGT,-0.2537313432835821,-0.25780968809185095,17,4.120496414071795,2.586206896551724,394.0
50584882,MOLNART,0.6774193548387096,0.6808309510122899,9,4.658442275381133,6.4939324368645455,88.0
50585018,GODMIDDAG,0.2920634920634921,0.28936866506167985,17,4.583083644093506,2.28735632183908,136.0
50585037,FISKBO,-0.02611940298507462,-0.03962972113454413,5,4.494036156965927,4.99,117.0
50585914,STOCKHOLM 2025,-0.6195219123505976,-0.6227797983544192,19,4.331760013527274,114.9310344827586,70.0
50586027,MAJGULL,0.15693430656934304,0.14035751666556714,7,4.596634213424289,43.666666666666664,756.0
50586145,NIPÅSEN,-0.10030395136778125,-0.10014777319036351,19,4.724327819395123,89.9458972046889,64.0
50586292,SPETSBOJ,0.1363636363636364,0.15035045579623113,11,4.403407127364384,11.482758620689655,274.0
50586305,STOCKHOLM 2025,-0.7172619047619048,-0.7210961112619804,18,4.235345239926155,115.07203931490645,112.0
50586348,LUDDVIAL,0.3888888888888889,0.36676413255360624,3,4.499227333196162,1.99,1024.0
50586490,GLADELIG,-0.09508854720548274,-0.09184885300094034,4,4.574206744459406,5.735727075442895,83.0
50586777,BLÄDDRA,-0.4046052631578948,-0.3950436941687253,19,4.49095372124045,14.93103448275862,71.0
50587442,VÅRSYREN,0.487012987012987,0.49089063271009076,11,4.63965590671781,1.7241379310344827,55.0
50587885,SANDVIVA,-0.4168538554481546,-0.41891456746777106,16,4.058955979787051,5.448275862068965,121.0
50588069,IDANÄS,-0.9379746835443038,-0.9234804157713589,5,3.380289116565251,514.8911798396334,241.0
50589224,DUKTIG,-0.5319148936170213,-0.5051252902860479,19,4.5734171550040825,19.528735632183906,80.0
50589460,ÅBYÅN,0.02857142857142858,0.0327292450202789,25,4.138064768990477,2.314814814814815,150.0
50589549,ÖVERSIDAN,-0.22941176470588237,-0.24434080609448555,19,4.066625050328456,21.53514843870174,105.0
50590208,ULLVIDE,-0.008860759493670878,-0.02776753686935757,11,4.300772920683185,14.93103448275862,3611.0
50590487,REXBEGONIA,-0.3516949152542373,-0.3656206752769158,3,4.577734027268376,35.83786455758774,99.0
50590604,SAMLA,-0.001892645719489982,-0.0014116643055656734,12,3.063159553912645,1.1073442282089228,69.0
50590760,FODERTRÅG,0.9386443046820405,0.9379188603664628,4,4.822280399906797,3.672548900395527,85.0
50590897,SANELA,0.6759423067472603,0.6397688088487083,6,4.688903982847355,6.485928955405562,379.0
50591062,SKUBB,0.7300884955752212,0.6091935249917317,3,4.7966036569186645,11.559348332040342,1809.0
50591482,SOLHETTA,0.6650641025641026,0.664669165666639,18,4.588914388044255,2.057471264367816,217.0
50591528,SOLHETTA,0.20238095238095238,0.18328984375088822,16,4.263817794311112,5.4422719911521895,54.0
50591585,STOCKHOLM,-0.35748792270531393,-0.3374091586351168,19,4.649941831709092,68.95402298850574,70.0
50591972,ÄNGSLILJA,-0.3374641050184603,-0.3470409728546871,6,4.203231280724614,34.53667024619178,1404.0
50592165,STOCKHOLM 2025,0.3125,0.2741405052958866,15,4.563308185780283,20.040091638029782,53.0
50593730,EKOLN,0.4974746707193516,0.5081242133175702,6,4.692985479602548,4.656152197625009,610.0
50594150,JÄMLIK,0.6884057971014493,0.625601954636696,13,4.688528336433333,0.8620689655172413,366.0
50595526,EKET,-0.352112676056338,-0.47177674811361625,15,4.107042820694272,19.227811105983694,891.0
50595574,GULDVÄVARE,0.41479558877814693,0.41659612292836645,18,4.727847455702326,4.586206896551724,68.0
50596192,LÖKSTAMFLY,-0.26785714285714285,-0.27581041019830943,19,3.497911758713402,13.781609195402298,176.0
50596719,KLIPPLAX,0.12365461251721088,0.11466809353528595,18,4.233056699211511,0.9080459770114943,121.0
50597097,BJÄLLRA,-0.4120879120879121,-0.4482967693274786,15,4.497515065402469,6.052523594583505,306.0
50597101,PRUTA,0.47478465011286686,0.4498868560676239,26,4.594079275432727,0.6994637922677984,422.0
50597158,KORGMOTT,-0.26068376068376065,-0.26061375052271857,7,4.4122824838321,68.95402298850574,63.0
50597455,NATTJASMIN,0.44911957411957415,0.4753333234246877,4,4.499295609090463,12.647303428383434,1125.0
50598105,TRÅDCYPRESS,0.24340149899851393,0.2432633755685147,12,4.582747557552318,3.4367816091954024,133.0
50598737,GURLI,0.7884097035040432,0.69763423683235,3,4.59631003001473,2.951787471302066,688.0
50598983,GLADELIG,0.3448275862068966,0.3431756744491003,9,4.696739364315619,4.095778197857593,1333.0
50599157,KUGGIS,-0.026002658625944308,-0.03457965780702067,4,4.498114475855737,5.322382887310385,409.0
50600170,RUNDHAGTORN,-0.5726190476190476,-0.559061581200903,7,4.031511594610527,68.95402298850574,58.0
50600293,LINDBYN,-0.023970201577563577,-0.0034695380568846657,14,4.696503873960635,29.238284924444194,1242.0
50600373,PELARTUJA,0.04880952380952386,0.021135295444409508,5,4.494805685099355,28.72413793103448,137.0
50600387,PELARTUJA,0.0012787723785165905,0.012092284312547762,9,4.494805685099355,31.359387742299727,137.0
50600429,FÄRGKLAR,0.34970625,0.349460373673603,4,4.647558109409525,3.2411801345703957,66.0
50600599,DOFTAKLEJA,-0.21645569620253163,-0.20712875173529177,15,4.237662960577049,25.380710659898476,104.0
50600721,GLADELIG,-0.13688212927756654,-0.12157489401390423,5,4.494369798534267,4.586206896551724,125.0
50601056,TJENA,-0.2164179104477612,-0.2246522059773576,15,4.407895882463492,8.296576349506406,108.0
50601103,PÄRKLA,0.5844084643426749,0.5956933000616321,14,4.638817794311112,0.9574560865065684,54.0
50602386,GRÄSROTSFLY,-0.44757033248081846,-0.4219733300790228,5,3.9900439746882888,29.995385325334563,93.0
50603060,SANDLÖPARE,0.12937062937062938,0.13889536569750827,19,4.825185805517758,17.229885057471265,89.0
50603499,ÄLMAREN,-0.6457251158219852,-0.6797464517657699,6,4.012607509523693,148.74541715471437,632.0
50603687,TOBISFISK,0.4665106756361509,0.46290946346335315,4,4.727847455702326,4.443139342030349,68.0
50603828,PAX,-0.5348580881229155,-0.5401774754959616,4,4.256726928276544,114.94252873563218,63.0
50604187,ALPSTUGA,-0.5481927710843373,-0.5465068267549253,15,3.7849680074400007,34.47126436781609,142.0
50604328,SÄLJAN,-0.41050119331742246,-0.4161243853964618,3,4.331403159442697,171.26436781609195,71.0
50604682,HOLMVI,0.4705985915492958,0.4358186111262456,4,4.49863075032381,8.928724075743913,570.0
50604880,FÄRGKLAR,0.3456331268895477,0.3515426308120753,6,4.674087536414119,3.442528735632184,152.0
50605238,MARIUS,0.4570063694267516,0.5422603464004738,3,4.499742361980928,8.104226508001641,3107.0
50605629,GRILLTIDER,0.7868589743589743,0.796546314400328,11,4.710070741889856,1.0767574219350868,51.0
50607341,FANTASTISK,0.3436829070888886,0.3103764216874872,12,4.5951306190474766,2.3110760737664293,521.0
50607949,GLADELIG,-0.04347826086956519,-0.03826246217550565,7,4.7688184984442215,34.47126436781609,181.0
50608265,OFTAST,0.5326954470169083,0.5227091913983625,4,4.652118273808696,1.830880722954075,74.0
50609142,VÅGSJÖN,-0.21283783783783786,-0.2265015015015015,3,4.400259895817764,9.785483397002645,3810.0
50609905,RINNIG,-0.22857142857142856,-0.18158877581665708,17,4.053561314969935,3.4367816091954024,135.0
50610089,VITBLECKA,0.39459079497907945,0.3930297024489206,18,4.728676795291955,4.586206896551724,69.0
50610193,KUGGIS,0.12318840579710144,0.14013756288268148,7,4.498114475855737,3.4482758620689653,409.0
50610739,HEMNES,0.44569834963325183,0.4393852156324103,12,4.711355445577144,65.30498118839589,52.0
50610862,ENERYDA,0.5599022004889975,0.5822786445746133,11,4.594480680488136,7.691124442393478,454.0
50610956,SOLFIBBLA,-0.14748342374924653,-0.12109908217885922,4,4.3103898929011155,22.97701149425287,251.0
50611277,SOLFIBBLA,-0.19481172504428315,-0.18491972532005024,4,4.3103898929011155,34.3391800293346,251.0
50611866,SKOGSSALLAT,0.5593776982854324,0.5521398932616438,8,4.638817794311112,4.816310771339723,54.0
50612093,BROKGLIM,0.3731343283582089,0.3629923217511591,3,4.586288848370526,3.4411562284927735,172.0
50612696,KLOKHET,0.13577586206896552,0.1324151434225414,9,4.572577696741053,5.026672137874436,77.0
50612700,KLOKHET,0.12862318840579712,0.12561064475879877,7,4.572577696741053,5.735632183908046,77.0
50613016,FINFÖRDELA,0.16893526457618813,0.1685963339916167,12,4.414418567976813,1.7241379310344827,51.0
50613224,OFELIA,0.10804597701149421,0.09289385614766363,11,4.401792578721442,17.887130075705436,537.0
50613907,ENHET,-0.8140740740740742,-0.7563527936164319,16,4.22908152652152,67.77942523784881,143.0
50614624,TONSTAD,-0.9098519051669611,-0.9081240055011364,16,3.8812650825386683,400.56971264367814,57.0
50615063,TRATTVIVA,0.26315789473684215,0.3061636137180832,11,4.566601040902565,18.379310344827584,60.0
50615082,TRATTVIVA,0.2852112676056338,0.30471621708017055,9,4.566601040902565,18.81312339250988,60.0
50615402,DVALA,0.2100737100737101,0.21561757865156062,7,4.400109291573152,10.976310122038765,9136.0
50618047,VÅRVIAL,0.49590163934426235,0.5081953794692396,3,4.499120088732678,9.183908045977011,901.0
50621380,DELIFIKA,0.16598837209302325,0.1376859661909162,12,4.576530461174775,2.28735632183908,93.0
50624449,VAPPEBY,-0.3148148148148149,-0.3110137596839725,7,4.404627354373955,14.93103448275862,197.0
50625689,SLÅNHÖSTMAL,0.026666666666666672,0.024440238409703052,7,4.401467376387021,5.735632183908046,660.0
50628857,STOENSE,-0.12322274881516593,-0.1111003880751881,13,4.599471256584208,65.51724137931033,4909.0
50642603,NATTJASMIN,-0.005360883641211178,-0.06662238746165076,6,4.499395556449249,68.95402298850574,1314.0
57145296,ASPEKT,-0.4349552282875272,-0.47201415243988876,28,4.401166331993435,7.608837167618421,835.0
59010988,KOMPLEMENT,0.5548780487804879,0.5188796415972087,19,4.696897803655212,17.241379310344826,1402.0
59031698,LANDSKRONA,-0.16081593927893734,-0.11259661432811335,4,4.496499483436523,1098.9751501061064,212.0
59031877,LANDSKRONA,-0.47513227513227513,-0.506858135890394,4,4.258908733210258,1624.4476910088247,60.0
59046906,BESTÅ,-0.392764857881137,-0.3702291490430216,15,4.310126381124638,87.35632183908045,258.0
59047388,BESTÅ,-0.4591698454125677,-0.47789563211703306,12,4.402047080638684,156.32183908045977,468.0
59099155,BRIMNES,-0.7124413145539906,-0.6997731756781147,3,4.204077090674712,366.66666666666663,1109.0
59158003,FYNDIG,-0.14189189189189183,-0.10921348887290508,13,4.403782818214449,57.45977011494253,245.0
59175955,MALM,-0.5676845929425698,-0.49900228990152057,6,4.205245298162557,273.61971188318887,858.0
59182201,BILLY,0.03932187629150019,-0.0360692123636639,12,4.59038701546273,85.32197433816548,253.0
59183583,GRIMO,0.20199146514935984,0.1376004391600194,15,4.68846827536754,92.32663110381617,364.0
59184337,BRIMNES,-0.42098092643051765,-0.4312346666239791,11,4.489543911563637,175.52223825356,59.0
59213467,HJÄLPA,0.06513136261069724,0.06343565109303087,14,4.33005248591828,11.494252873563218,77.0
59240828,POÄNG,0.608695652173913,0.4058992368566596,23,4.59909260926172,91.89655172413792,2853.0
59240833,POÄNG,0.18867924528301883,0.19538674380940932,5,4.676059136904349,84.56167571761056,2853.0
59241229,SONGESAND,-0.6126436781609196,-0.5343498923917639,7,4.20586830292516,185.28735632183907,765.0
59241253,SONGESAND,-0.3881705186585331,-0.4000841594991927,6,4.46060430342607,302.52383953379206,516.0
59253123,FRÖSÖN/DUVHOLMEN,-0.29411764705882354,-0.2769440594949272,17,4.570729002139326,45.96551724137931,71.0
59253439,FRÖSÖN/DUVHOLMEN,0.32894736842105265,0.33320917198323907,17,4.736682461126532,20.103448275862068,80.0
59269119,IKEA 365+,0.39281393275598575,0.4050421093512707,4,4.699068488304166,4.879310344827585,4711.0
59270274,LANDSKRONA,-0.0859375,-0.06532072175240777,3,4.405436509237159,631.0344827586207,165.0
59270311,LANDSKRONA,-0.34375,-0.36184275793650794,3,4.215844417897931,688.5057471264367,272.0
59276228,VADHOLMA,0.009779951100244544,0.011898607634082712,7,4.819140214044446,753.576372865713,81.0
59278213,BRIMNES,-0.4673024523160763,-0.47217176609800154,11,4.489808622663292,205.04009163802976,61.0
59278307,KALLAX,0.14446510232726617,0.06712172740277053,26,4.6945004758931335,140.81632653061223,783.0
59281036,IDÅSEN,-0.21461949265687585,-0.21768146834511215,8,4.578990977341936,373.4858689205481,106.0
59284662,TULLSTA,-0.6695599758890898,-0.4990271088977923,4,4.3164404775905885,217.21334454723856,152.0
59285001,BESTÅ,-0.6815245478036175,-0.688509399910713,5,4.0795619533048555,189.65517241379308,85.0
59297141,JONAXEL,-0.29554135685239424,-0.3004229554066647,14,4.153290676586667,38.84608170552405,102.0
59297184,EKOLSUND,-0.14,-0.37946828937831734,11,4.403979524761601,449.0,232.0
59300860,BESTÅ,-0.9193548387096774,-0.9206938456259421,3,2.8034041481931045,307.24251128436606,98.0
59301765,BESTÅ,-0.9193548387096774,-0.9265042635931314,3,3.7233101453298714,408.04597701149424,59.0
59304127,BILLY / OXBERG,0.1448890408876729,0.06615702821328673,6,4.822280399906797,189.07471264367814,85.0
59305424,SÖDERHAMN,-0.25485347985347984,-0.2386280386280386,4,4.324954296342858,767.0949827347516,94.0
59320896,ENHET,0.14864016420658638,0.08523488101327086,14,4.647558109409525,79.5870513414988,87.0
59326054,BERGSHULT / KROKSHULT,0.5300333704115684,0.5265286010205429,7,4.718353699873685,36.76357483464083,58.0
59326624,FRIHETEN,-0.18584070796460173,-0.2872875219426327,7,4.3223590495232,688.5057471264367,107.0
59331847,ELDBERGET / MALSKÄR,0.25186621779859486,0.23754950476899145,14,4.497515065402469,57.08595110197952,306.0
59336519,ENHET,0.021423384168482218,0.03435981138756713,12,4.583919019693827,88.02747995213828,144.0
59337024,KILSVIKEN,-0.6324582338902148,-0.6334287081496969,9,4.139474575249382,257.47126436781605,144.0
59337670,LOBERGET / SIBBEN,0.045312500000000006,-0.00879240455842482,23,4.402324488762617,22.97701149425287,410.0
59384690,BERGMUND,-0.34821428571428575,-0.3550217893326108,7,4.404900892563547,97.68965517241378,185.0
59385958,RINGSTA / SKAFTET,-0.16346153846153844,-0.15517491324736335,15,4.58371800744,56.33453561767358,142.0
59386967,LYCKSELE LÖVÅS,0.5075757575757576,0.31429773929773935,3,4.65105423544889,225.28161426192577,72.0
59387655,SMÅSTAD / PLATSA,-0.8620218579234973,-0.8601947803130486,13,3.5138177943111124,243.6781609195402,54.0
59392157,UPPSNOFSAD,0.6864754098360656,0.6765962460839846,7,4.5936768960932035,1.361543735919287,394.0
59399804,KYRRE,0.5705128205128205,0.5196088951879658,25,4.688587775104663,39.98,368.0
59417153,LAGKAPTEN / ADILS,-0.04017857142857145,-0.04422256321832279,11,4.31293926477037,57.23587481621508,198.0
59417619,LAGKAPTEN / ALEX,-0.05833333333333335,-0.06731414852072269,11,4.592129550424169,231.02298850574712,313.0
59417742,ANFALLARE / ALEX,-0.27102803738317754,-0.2796346611052457,15,4.4907457608091965,191.95402298850573,69.0
59419637,STENKOL / LADDA,0.12,0.12991679730920525,17,4.5939835593311775,14.919540229885056,415.0
59420400,SANDSBERG,0.508786231884058,0.45059767540290796,8,4.71686669360291,34.509333308707184,1027.0
59422220,ALEX,0.012517751158999446,0.012533826269984968,18,4.593782532673985,102.42265309189864,401.0
59429556,TROTTEN,0.3278688524590163,0.33230695233278784,5,4.642790664810391,102.54645560908465,59.0
59432059,BESTÅ,-0.12495958877537827,-0.1209714202046826,4,4.561689429270589,98.72954094184841,50.0
59434949,FEJAN,-0.14754098360655737,-0.22012940048429736,19,4.3393645238084515,48.86929858183212,53.0
59440262,BESTÅ,-0.960594315245478,-0.9618093130435837,3,3.5407028236325933,503.57067842890143,117.0
59442666,KALLAX,0.3629180683535663,0.36396821193841994,14,4.852065156828743,86.19540229885057,149.0
59442727,LACK,0.48889563106796113,0.4095287401377874,20,4.593388023325888,20.666666666666664,376.0
59444217,STARKVIND,-0.3896551724137931,-0.31690045775126946,6,4.566601040902565,164.088636094324,60.0
59444397,ELDBERGET / MALSKÄR,0.12096774193548387,0.18683517552595977,15,4.497515065402469,48.86158701532913,306.0
59449677,SÖDERHAMN,-0.03701376748251747,-0.10752203525641027,4,4.25536001434217,362.59621393707823,65.0
59481375,LEIRSUND,-0.6658476658476657,-0.6478199020214737,5,4.188817794311112,176.31501616220982,54.0
59481894,MARKFROST / MOLNART,0.24096385542168675,0.23116624532347735,17,4.655503850408082,32.160919540229884,81.0
59482898,KIVIK,0.4835746849021185,0.4683267285457338,4,4.586640416361027,221.22213239638072,177.0
59483275,BILLY / OXBERG,-0.22881980020491804,-0.2368970592485674,4,4.4982266105515425,134.53823517794365,436.0
59483906,STRANDMON,-0.24471299093655585,-0.13166302299839278,5,4.596655816675738,395.5026455026455,761.0
59494387,KIVIK,-0.7050292844410491,-0.7101651438927654,4,4.056516422002759,1009.997899600924,127.0
59502052,POÄNG,-0.5931372549019608,-0.503060377411771,7,4.401786142173071,276.466967583094,539.0
59502066,POÄNG,-0.03639240506329122,-0.03724664512658856,3,4.59909260926172,133.6368505623996,2853.0
59508148,BESTÅ,-0.6331967213114754,-0.6407779259375462,3,4.0795619533048555,116.05294523555611,85.0
59509001,EKTORP,-0.10760218463706839,-0.1419515884632164,6,4.306607284138062,474.1874140802064,405.0
59516761,BACKSJÖN,-0.37037037037037035,-0.37115824300098743,9,4.413265082538668,183.90804597701148,57.0
59528113,MITTZON,-0.29203539823008845,-0.29087149809176205,3,4.495319076688373,205.7471264367816,154.0
59529966,MITTZON,-0.744,-0.7450334585947761,11,4.310791047067182,453.5443909153475,241.0
59534760,HAVSTA,-0.6052269601100413,-0.6093574990251323,7,4.412920534940261,788.7736699729486,59.0
59544740,NÄMMARÖ / ENSHOLM,0.3051200391964723,0.2962822630077326,18,4.812987839026088,138.1856372229206,74.0
59560283,AULI,-0.18996519258506261,-0.18486112537865945,4,4.651592100993408,425.1782832465036,73.0
59561188,KUGGIS,0.6937652811735942,0.6276451593122443,23,4.694264168216667,9.886307464162135,751.0
59578508,VIHALS,0.5775316455696202,0.5545771235160467,19,4.71260396042817,56.32183908045977,53.0
59581515,BILLY,-0.310546875,-0.3081473918214391,3,4.5812581380604325,301.8327605956472,121.0
59581558,BILLY / OXBERG,0.032406074624099945,0.030538096055003433,4,4.678083986021891,162.26059564719358,183.0
59581817,BILLY,0.09510567296996664,0.048614445203751425,5,4.694315975729549,156.70486825350181,757.0
59581884,BILLY,0.17578125,0.18689306620836243,3,4.6823087598008035,93.92898052691866,231.0
59581902,BILLY / OXBERG,-0.41925064599483197,-0.42894962227183225,9,4.564313440964384,701.1149425287356,55.0
59589564,METOD / KNIVSHULT,0.026110079849141155,0.02386489594168048,4,4.735363345733334,367.88938765997545,78.0
59590261,LISABO / LYCKAN,-0.05128205128205121,-0.06216739235607157,3,4.719414041433767,527.1283165112218,59.0
59602037,EKET,-0.24735249621785177,-0.3069351329411964,3,4.404853078977562,28.735632183908045,187.0
59602099,EKET,-0.6481264670037014,-0.6449813747034396,4,3.6457193321220345,73.43372426610571,100.0
59612201,BESTÅ,-0.8986384266263238,-0.8939605984072957,3,3.377214558981819,189.51492696222476,70.0
59620753,SAMLA,0.16496616137366535,0.17226874130364658,16,4.561689429270589,28.430675247771003,50.0
59895257,PAX,-0.33490566037735847,-0.3159990960982611,3,4.498759447134669,211.64021164021165,631.0
59895318,PAX,-0.6754742547425474,-0.7028330179680887,3,4.328813208148454,304.55786599453893,139.0
59929243,RÄCKA,0.4679516423357664,0.46161833318311646,14,4.498567404253381,11.157347829302566,544.0
60015131,SVALKA,0.3425658517153812,0.2359168687815921,12,4.882250290887805,7.29362702038609,509.0
60028510,LEN,0.642018779342723,0.5682420527675164,23,4.688791046286005,13.076393668272539,375.0
60045656,KNODD,-0.45652173913043476,-0.4558258569128134,7,4.499524442522387,25.996000615289955,1675.0
60058762,MIXTUR,0.22528517110266166,0.19561685512955546,5,4.695859850742858,5.312806098547762,1046.0
60075295,DIGNITET,-0.06465517241379312,-0.057869669593406,23,4.016724247327347,11.482758620689655,472.0
60086388,KOPPLA,-0.21492728108635442,-0.24770530293796975,6,4.495425461309091,6.966897489909936,191.0
60131734,GLENN,-0.3383139570836683,-0.3319245327726876,20,4.403657651435295,89.36386394990123,254.0
60133021,OFELIA VASS,-0.1792959395455271,-0.2219083886414329,8,4.400718325769242,40.793103448275865,1367.0
60136623,VARIERA,0.6515892420537897,0.571776411848906,29,4.599518995788478,6.128782001551591,5398.0
60137571,FABLER,0.443714915797915,0.42155557604356114,24,4.785190647232458,4.586206896551724,401.0
60143992,FÄRGRIK,0.7280307481394439,0.6881477648801861,22,4.697943455270962,1.279269877885795,2124.0
60144901,SPATHIPHYLLUM,0.34541062801932365,0.32593321626867816,21,4.597228597011064,4.75390156062425,922.0
60151840,LÄCKÖ,0.3608247422680412,0.31849822017743407,19,4.6729747312294485,31.500572737686138,145.0
60152279,BÖJA,0.17692307692307696,0.17639031063274613,19,4.692161710303203,45.06311992786294,544.0
60154424,PANNKAKOR,0.06789581504243486,0.03467779251554174,14,4.692271721386667,5.651410092969746,552.0
60155602,DALFRED,-0.21924066499538197,-0.22865711158200414,18,4.305426953767768,51.854507528844266,497.0
60156121,HEMNES,-0.025763245426467074,-0.08551617660489562,18,4.597839868317081,143.12019657012297,1188.0
60163876,ÅRSTID,0.18222222222222217,0.1881482226276891,13,4.5944571940221275,22.97701149425287,452.0
60175006,JUSTINA,0.4242424242424242,0.3728385029901641,23,4.499680761772562,5.735632183908046,2504.0
60175092,CYLINDER,-0.047091412742382266,-0.08191617703528499,25,4.693688941533525,15.228426395939087,680.0
60178769,HÄNGA,0.9092140921409214,0.8069480321142094,17,4.789075495053521,4.586206896551724,550.0
60178887,BEKVÄM,0.5461783439490445,0.46331415474944265,11,4.5992694563068985,22.97701149425287,3548.0
60179434,MULIG,-0.1614664154289515,-0.15399986231260127,32,4.499726150064762,10.407131972709582,2922.0
60182059,HÖNEFOSS,-0.6044128860083873,-0.6149050043532452,10,4.402892096483722,22.911665453530546,326.0
60191916,JUBLA,0.3271086157995071,0.219734303946965,24,4.697680295518905,8.034482758620689,1881.0
60196358,SUNDVIK,0.23580882718813756,0.14415175028211621,20,4.4982906182386415,26.287627925167847,453.0
60196495,PIZZABITAR,-0.3241758241758242,-0.2872969960057674,11,4.499172539764029,5.867371926731316,955.0
60201251,ÄDELSTEN,-0.16131498470948014,-0.26393580744728196,25,4.693127739766615,17.229885057471265,623.0
60205428,VEDDINGE,0.2653562653562654,0.24616647705167022,7,4.4958499030432995,12.398557258791705,176.0
60205664,METOD,0.32464524485801083,0.2973677900153747,20,4.591833483355486,16.33426583323733,301.0
60212565,METOD,-0.15773239460923882,-0.22320469559697198,12,4.498559715904114,86.94285759750488,541.0
60214159,MALM,-0.10416666666666663,-0.13948949426003324,21,4.499135210730827,171.26436781609195,913.0
60214343,BLANDA MATT,-0.10931558935361219,-0.1727338870976476,19,4.697497091585455,21.644685802948022,1742.0
60215205,HEKTAR,-0.3280525030525031,-0.36573565323565327,4,4.4981866693477475,79.53839018272649,426.0
60217228,BETYDLIG,0.7753623188405797,0.7201974356197474,11,4.499603389748965,2.6455026455026456,2012.0
60219897,BETYDLIG,0.7380952380952381,0.7537405973089009,15,4.498475153769697,1.7241379310344827,510.0
60221065,BODBYN,0.04042553191489362,0.13724281286505294,3,4.562244654933334,52.47622171203673,51.0
60221452,UTRUSTA,0.4087480479684139,0.3970251273092711,6,4.570396377163637,8.675237063106987,70.0
60223328,CYLINDER,-0.2574626865671642,-0.331319942956284,8,4.659953465367273,30.55579531886122,92.0
60225695,KETCHUP,0.21938775510204084,0.19855275663225241,21,4.595009350939463,2.5646286417726714,504.0
60229033,STOCKHOLM,-0.9417735042735043,-0.9342726589697641,12,4.092077316746068,445.7044722027391,71.0
60233426,APTITLIG,-0.009256156810185961,-0.01832850869131424,12,4.541017371626929,3.4367816091954024,1943.0
60234534,HIMALAYAMIX,0.12195668170329846,0.0538361068322802,22,4.498695107277796,5.086324936822116,599.0
60237226,VILDAPEL,-0.3964646464646465,-0.4529184041106545,3,4.491948811904001,11.741554608068219,82.0
60239273,HEMNES,-0.6251782317600707,-0.575064845138839,18,4.401564278601258,325.89560254262983,618.0
60241389,UPPHETTA,-0.34752859183419127,-0.3850309072048557,26,4.4997450542084865,11.482758620689655,3140.0
60244745,MICKE,0.1342592592592593,0.13246566493974696,3,4.499640089937595,113.97479954180984,2219.0
60245844,BESTÅ,-0.3233799237611181,-0.3324120558269494,7,4.301816037160753,51.72413793103448,1521.0
60245919,BESTÅ,-0.19289597752646975,-0.2458618115502297,6,4.40164443171967,35.15075785490933,587.0
60246396,KOMPLEMENT,-0.15989159891598914,-0.14080921797612359,17,4.402755903574516,40.229885057471265,343.0
60246419,KOMPLEMENT,-0.17349260523321952,-0.16558812772775763,3,4.407209283988406,53.83787109675435,120.0
60249960,STOCKHOLM,-0.23011525733196392,-0.21981052351030989,26,4.696176112144445,103.9658178157298,1134.0
60251665,ENUDDEN,0.3422002847780026,0.2956475754330306,32,4.598497624677277,4.5816992589818355,1716.0
60257257,KOMPLEMENT,0.24348958333333334,0.14887011691258875,3,4.497029081883395,11.454753722794958,253.0
60259143,GLASIG,0.8344709897610921,0.8240871767910206,23,4.7780737851250885,1.1379310344827585,395.0
60260448,KNORRIG,0.2974006762468301,0.26979822172129864,4,4.863463936788915,9.866678979350905,149.0
60262193,INNER,0.17857142857142858,0.1781880600360377,17,4.202904476100127,3.4364261168384878,1643.0
60263729,MOLGAN,0.14531893004115226,0.058939724921272904,16,4.306783692209709,6.883684964124957,394.0
60267119,FJÄDRAR,-0.1492357579566882,-0.15095716469262982,4,4.101054564840106,15.96551724137931,6046.0
60277359,VÄRDERA,-0.16689622116565936,-0.16092726407540242,20,4.59210570057697,8.034482758620689,312.0
60277463,VÄRDERA,0.5385338345864661,0.4728735392326777,16,4.771794914501818,3.561987122380838,202.0
60279508,KULLARNA,-0.7284263959390863,-0.643247608503616,13,4.3026694185199625,40.229885057471265,1029.0
60279711,IKEA 365+,-0.0752212389380531,-0.0975970227470063,29,4.59877232855344,8.034482758620689,2104.0
60282186,LACK,0.3102827177382581,0.2826032109779498,28,4.795735313532921,80.44827586206895,1437.0
60282332,KNALLA,-0.2232,-0.2345362098895336,25,4.401156838593488,4.75390156062425,907.0
60286764,LOMVIKEN,-0.6828736974487963,-0.6924243451722526,4,4.404215598264408,25.28620783986341,218.0
60287103,ODLA,0.7398570003325573,0.6662414685913817,12,4.677863724574875,6.031774600206658,300.0
60287216,HYLTA,0.5150424823932287,0.45873222126582774,8,4.679511075304187,2.607505070993915,283.0
60289239,VARDAGEN,0.33278145695364236,0.30708034852166155,17,4.6939155817546965,4.460852176588217,716.0
60289244,VÖRDA,0.09202635621922972,0.006197018303743096,20,4.77140498244424,11.44290397756448,199.0
60289263,VARDAGEN,0.5930232558139534,0.5481245155053863,7,4.6939155817546965,1.9953791220331862,716.0
60289946,IKEA PS 2002,0.4652317880794702,0.4500840597911754,27,4.596668646023529,2.28735632183908,764.0
60290370,SKUBB,-0.2723880597014925,-0.29914107339406937,19,4.597518934467047,20.86442600441765,1032.0
60291652,GLASSVIK,-0.11344537815126049,-0.12665334881971216,3,4.403932336720949,40.229885057471265,235.0
60291708,TJUSIG,-0.44571428571428573,-0.3585202932096709,23,4.401045043267227,15.554553651938685,934.0
60291746,SKRUTT,-0.15846017996804307,-0.137940906532958,16,4.401677708584149,4.586206896551724,575.0
60291845,HANVIKEN,0.061626429479034295,0.05750941466889797,9,4.4958499030432995,22.988505747126435,176.0
60292331,TOSTERÖ,-0.03719826502388736,-0.04137910988750929,4,4.260458963031581,14.416380372016272,58.0
60293566,STUBBARP,0.31694402420574885,0.25957772325450285,3,4.498979570583524,7.178750897343862,771.0
60295438,FNISS,0.7,0.7106765409235765,11,4.797900128998443,1.99,2937.0
60299691,BRYNILEN,0.2963386727688787,0.28546360527947234,3,4.59210570057697,22.988505747126435,312.0
60300374,FISKBO,-0.3958221358581056,-0.412501192433477,16,4.400259083643334,11.34282723381321,3822.0
60301707,FRAKTA,0.7971473851030111,0.7953211905136308,25,4.698828114176749,0.8717798021353708,3741.0
60305423,SKOGSTA,-0.6854380822563618,-0.685919721023002,6,3.92784089468078,8.961247494527674,341.0
60308695,TROFAST,-0.20665666024550294,-0.22471041637867462,20,4.497812177147827,113.14091601629303,350.0
60309572,ELVARLI,-0.018954248366013074,-0.020028181726512224,5,4.036916180690412,5.747126436781609,55.0
60312715,NYPLOCKAD,-0.02765957446808509,-0.06996838322977468,3,4.736029702993815,5.735632183908046,95.0
60314314,LOMVIKEN,-0.6796875,-0.6788208559168925,3,4.491525065162106,11.956782713085234,145.0
60314465,SKOGSKLÖVER,-0.2973137973137973,-0.3068763612029544,8,4.2027481346832545,41.0606761836473,1654.0
60314597,SKOGSKLÖVER,-0.2537313432835821,-0.27014050308475795,11,4.2027481346832545,40.229885057471265,1654.0
60314601,SKOGSKLÖVER,-0.3418803418803419,-0.3470533975280925,10,4.2027481346832545,45.97922070344615,1654.0
60316073,PYSSLA,0.053009663822350145,0.12788670538138747,8,4.675252141519101,7.592116662795498,265.0
60318939,OFTAST,0.9208000614250614,0.8466359046587357,34,4.797667248567819,0.7348880955836956,2642.0
60319019,OFANTLIGT,-0.20025517953703142,-0.17594825413375811,14,4.5697079208186056,8.582280361665699,68.0
60319024,OFANTLIGT,-0.4130794701986755,-0.397978252208202,11,4.409850308815843,9.183908045977011,83.0
60319972,DUKTIG,-0.4055944055944055,-0.38540585492488655,29,4.698110202140883,112.57822277847309,2313.0
60320094,LILLABO,0.04415584415584414,0.08288005450113915,28,4.691224862929084,7.857427570155961,484.0
60320188,LEN,0.7647606928041026,0.727141524936356,18,4.772903411311791,10.05940836516799,211.0
60322173,FLÅDIS,0.137873754152824,0.03265387594568266,27,4.697179821504737,11.482758620689655,1544.0
60323304,VARDAGEN,-0.4211783439490446,-0.41554292662716097,17,4.40048085122784,7.154861944777911,2051.0
60323592,BILLSBRO,0.6325270849080373,0.6288621210710188,6,4.597478103766117,5.843535160364418,1015.0
60323894,TÄRNABY,0.25793650793650796,0.17451235468258355,20,4.598757099804581,22.97701149425287,2078.0
60324134,PINGLA,0.1458966565349544,0.11748247276581254,5,4.685743952072492,2.9699719419736135,291.0
60324520,KALLAX,-0.058375634517766506,0.00738558098829963,3,4.773595239108085,60.00556440526327,6122.0
60324544,SENSUELL,-0.938985736925515,-0.9104644341468406,13,3.813730944342724,54.370268410185815,841.0
60324723,VARDAGEN,-0.08840304182509501,-0.15668007812224932,21,4.590169362982642,5.867371926731316,247.0
60329711,BAGGMUCK,0.6816888784973891,0.6099579651114746,32,4.7971285891672375,3.432486328006439,2143.0
60330955,PLATSA,-0.2426650366748166,-0.2569475775930954,13,4.404829520341749,70.75834487002,188.0
60330979,HJÄLPA,-0.30794270833333337,-0.3069170127857836,13,3.5110811765520475,20.288548241659154,153.0
60330984,HJÄLPA,-0.3090299112421453,-0.3131720071545262,4,3.5110811765520475,16.775761482535813,153.0
60331200,HJÄLPA,0.056862745098039215,0.05852214528942733,19,4.025851360222083,2.2988505747126435,299.0
60331714,SPILDRA,0.3719118295834121,0.3604588417374529,10,4.564795691762163,11.494252873563218,56.0
60331865,ASKERSUND,0.48310810810810817,0.4180037660522152,7,4.673463139701205,32.183908045977006,148.0
60333850,BROR,0.047501600677302025,0.043034276561505616,20,4.689755537652093,171.26436781609195,412.0
60333954,EKET,-0.5403645833333334,-0.5561339359205909,15,3.6309134160449803,63.218390804597696,480.0
60334289,CISSAN,0.11442006269592475,0.10074871309558561,23,4.694724408611258,8.034482758620689,817.0
60334312,BILLSBRO,0.5097323600973236,0.4107840962577478,23,4.597478103766117,10.344827586206897,1015.0
60334703,GRADVIS,0.34731543624161076,0.3205407853789824,23,4.884867450265407,14.312714776632301,511.0
60334920,KUNGSFORS,0.049645390070922,0.08254252689827503,17,4.409127350370643,22.97701149425287,174.0
60335199,KARLBY,-0.8038663663663663,-0.8084114715887197,14,3.818118097066667,217.24137931034483,633.0
60335991,TIDVATTEN,0.3269300144300144,0.2893766771468404,8,4.585198188581818,2.180056803079232,158.0
60338414,BAGGANÄS,0.5672824773858982,0.5009443427391558,10,4.69378685640395,11.486537779208026,691.0
60340389,BURVIK,0.273673083342606,0.22533245621225426,18,4.596607918216667,39.53745403446123,750.0
60342543,BROGRUND,0.07837095337095337,0.03897546697681925,16,4.402335401855399,15.91894945223511,408.0
60342595,KOLSJÖN,0.03823529411764709,0.04775575559997698,15,4.4034544485777785,14.93103448275862,270.0
60342656,TRÅDFRI,-0.28663294039809906,-0.2876102936260278,22,4.112971361440973,30.0346612981672,475.0
60343420,RIAN,-0.028662420382165626,-0.05060745321031785,3,4.3321250711540245,29.08025247971145,69.0
60343665,NATTJASMIN,0.267816091954023,0.22361528631791264,21,4.4997441630728945,19.99,3129.0
60343707,NATTJASMIN,0.12621359223300976,0.09588865325549477,25,4.4997441630728945,29.8735632183908,3129.0
60344453,VILTO,-0.0870253164556962,-0.12218564464007355,13,4.317146510370552,34.47126436781609,177.0
60344735,FLISBERGET,-0.10612481551760491,-0.11540688959173012,8,4.494165805727537,60.736665633273766,120.0
60347102,FJANTIG,0.4705978861563968,0.47052775218306103,24,4.691672743271078,4.952895468203422,511.0
60347847,SOLBO,0.27255237452605874,0.1449886750804567,22,4.594800162056687,21.709629676347255,483.0
60347989,LEDFYR,0.10526315789473684,0.04798279993184306,11,4.402134938176824,11.482758620689655,448.0
60349851,NORDLI,-0.2865168539325842,-0.3048248927010313,7,4.49680508408889,338.40947546531305,234.0
60350646,DINERA,0.6083083927661742,0.518821194032042,8,4.695995346536728,2.28735632183908,1082.0
60353838,INGOLF,-0.07760660046728976,-0.14060666806214905,22,4.497806215777658,68.95402298850574,349.0
60353843,GRÅSIDAN,-0.08457711442786076,-0.0964223826500768,11,4.589743626733858,10.613751730503,236.0
60357662,DVALA,0.14796662860043142,0.12758690839711886,6,4.400108742101601,14.93103448275862,9136.0
60357737,UTTER,0.47377622377622375,0.38802603015897125,17,4.590351411816297,17.229885057471265,252.0
60358968,TORNVIKEN,-0.1547672672672673,-0.17131451548586382,4,4.492998966873044,80.45977011494253,97.0
60359152,IKEA 365+,0.547340425531915,0.5214123446456299,22,4.693315449454325,2.264367816091954,641.0
60359996,ODGER,-0.13084112149532712,-0.1372932957614655,7,4.499105423544889,91.94252873563217,882.0
60360037,SJÖRAPPORT,-0.05181255526083112,-0.060642880175564226,20,4.6987272121324475,15.716998219708847,4732.0
60360532,DVALA,0.26741573033707866,0.3082114507150799,7,4.400108801530009,9.183908045977011,9136.0
60364634,BAROMETER,-0.4342629482071713,-0.44176962770508044,19,4.404233536980426,58.97015414890128,217.0
60366789,SONGESAND,-0.011614049610367327,-0.17129654231860636,4,4.685365053788705,144.5402618366016,283.0
60369113,NORDVIKEN,-0.3179632867132867,-0.3407964301930948,6,4.404233536980426,94.61276514488486,217.0
60377976,DVALA,-0.045340050377833785,-0.007566912374356249,3,4.321499086080001,15.228426395939087,112.0
60380460,TRETUR,-0.27952755905511806,-0.33582916961916165,15,4.3025759273644235,48.96659809971594,1067.0
60381006,TRETUR,-0.2008547008547008,-0.23667456006088353,13,4.3025759273644235,43.06532663316583,1067.0
60381898,IKEA 365+,-0.16541353383458648,-0.0913083480208437,17,4.2042271216103035,3.381424706943192,1070.0
60383519,LACK,0.06837820467042775,0.0629041285026857,4,4.586272226737432,18.711752869450926,3038.0
60386527,MELODI,0.6224899598393574,0.5835928000894718,23,4.597925860820382,7.537301953545608,1238.0
60387211,KOMPLEMENT,0.6296928327645052,0.5550986950399998,25,4.596894971621454,5.735632183908046,821.0
60391091,FORSAND,-0.1988795518207283,-0.2193186576739857,13,4.401328279292925,40.229885057471265,731.0
60391661,TORNVIKEN,0.09411764705882353,0.08973251062271899,7,4.589863350935409,68.95402298850574,239.0
60392854,DUMLE,0.13486842105263158,0.07600447885483942,16,4.694907377098729,5.4190163691967115,847.0
60396866,FRIDANS,-0.20931667024243725,-0.2512205136938857,20,4.101863310370163,23.982859357889325,3414.0
60396913,FRIDANS,-0.2318775995246584,-0.21773080916303425,4,4.219319031437713,29.369589214996342,3414.0
60396932,FRIDANS,-0.1515151515151515,-0.2638065873359991,3,4.408088464962603,21.156936261381897,3414.0
60397861,NYMÅNE,0.19999999999999996,0.1775812643712149,17,4.498157622861328,17.205781142463866,419.0
60399902,SANDSHULT,-0.0022697544596877173,-0.005094460662418175,14,3.932241552227097,4.212460060119719,292.0
60400298,GNABBAS,-0.020701754385964943,-0.027024548615083816,28,4.597121415679999,11.365815739560336,887.0
60401957,NYTTIG FIL 900,-0.3887602813758981,-0.384528105428942,14,3.6064660998956533,25.324042985429294,74.0
60402810,DJUNGELSKOG,0.21962172442941674,0.17074037476881163,6,4.58905412264874,3.517789329972695,220.0
60403584,MALM,-0.28519998802466917,-0.33706100900038594,30,4.499769042223293,178.89339763494633,3468.0
60403602,MALM,-0.2577224682940312,-0.3204852650760849,30,4.4997391060241085,167.0484885108907,3068.0
60403881,IDÅSEN,-0.38999999999999996,-0.40727464815958875,11,4.256035136468294,136.7816091954023,64.0
60405451,MYRHULT,0.6163634128350135,0.5513553661864005,10,4.596554075648677,7.358991560879128,738.0
60406304,IKEA 365+,-0.24898427260812583,-0.2447308842126062,14,4.305035821964685,4.513126664801053,537.0
60407266,HAUGA,-0.007434450132436821,-0.05686572792114982,18,4.690145148076957,226.86261112608804,429.0
60407577,BRIMNES,-0.549479497606642,-0.5296844967840308,8,4.4010550171690355,195.0743258990546,925.0
60408685,HACKÅS,0.6715002049130927,0.6782406258761651,4,4.663892468773771,5.950012995348196,104.0
60409294,KOLBJÖRN,0.18148148148148158,0.15776491374516785,19,4.668978036552113,73.45479478891174,124.0
60410631,GERDIE,0.7222222222222222,0.7651084642202888,7,4.584675771708236,3.7935174069627853,287.0
60411720,ANRÄTTA,-0.8894089862354111,-0.8645625157972436,10,3.5701831885322455,482.0645786826016,227.0
60412022,KOPPLA,0.5833333333333333,0.37559185084624486,3,4.68601549584254,2.28735632183908,297.0
60412885,MÖRBYLÅNGA,-0.19565217391304346,-0.19465726664369679,15,4.678299907341872,787.1245536651963,185.0
60413502,HEMNES,-0.7414965986394557,-0.6967453746164692,11,4.489936014880001,263.2275132275132,1188.0
60414078,GRADVIS,0.607615894039735,0.5587187832041618,17,4.791499837247123,5.735632183908046,712.0
60415054,HAUGA,0.054621848739495826,0.05427990639747682,3,4.693838994671888,194.25287356321837,697.0
60416925,KYRRE,0.5540688564547486,0.5513089666619586,18,4.597492667170741,18.770228952250655,1021.0
60417897,DUVHOLMEN,0.05171783625730997,0.06918621441771017,12,4.5884729256212395,12.020258611676534,208.0
60419957,JONAXEL,-0.07245761027292424,-0.06002937595064135,10,4.4014738980598525,26.037201792873766,657.0
60419962,JONAXEL,0.7833787465940054,0.7831407194893966,5,4.690339651733334,3.4482758620689653,438.0
60422318,IKEA 365+,0.14012738853503193,0.07153111185107341,13,4.675390397711732,5.735632183908046,161.0
60423822,SKOGSVIKEN,0.37912087912087916,0.35553247191543685,19,4.49591310248934,10.15592942141978,179.0
60424690,NORDVIKEN,-0.26006191950464397,-0.24009379269790646,7,4.404233536980426,86.19540229885057,217.0
60426279,LINDKNUD,0.24958736373407037,0.1569519442906772,6,4.6941654055502,22.97701149425287,758.0
60426571,MARKHUS,-0.031118704309880202,-0.024383597636854343,6,3.9609443975024394,4.458220839989751,146.0
60426707,BROGRUND,0.29761904761904767,0.2693163043008141,15,4.497072295237818,17.558496957530895,257.0
60428990,NORRÅKER,0.46223564954682783,0.46180332823644793,3,4.7435898290036365,90.80459770114942,92.0
60430709,LÖSTAGBAR,0.02483443708609273,-0.04560812488656944,11,4.494207778348202,3.4367816091954024,505.0
60431073,LACK,-0.006802721088435382,-0.003258993409174187,3,4.570396377163637,6.81639644750911,203.0
60433939,FEJKA,0.5623268698060941,0.4892926210270714,11,4.75890649794967,4.887844059163483,133.0
60434142,SMÅSTAD,0.09474486655849607,0.09373933118040795,10,4.5775420792275865,44.956624483069554,98.0
60434825,RUDSTA,-0.08361774744027295,-0.08369723843287033,17,4.591078360241096,114.9310344827586,274.0
60436891,BÄSTISAR,0.3307692307692308,0.31568207263803943,15,4.687591214620846,2.8735632183908044,337.0
60439173,SÄLJAN,-0.11909192300357707,-0.10665441586701728,12,4.498326156320998,80.96227748973416,463.0
60440416,ENHET,0.22747885415978325,0.2153332471633389,8,4.659586065966973,56.32183908045977,91.0
60441618,EKOLN,0.23,0.3275393471650899,5,4.4981948008753365,3.582196697774587,428.0
60442670,NATTJASMIN,0.13918552419696584,0.07517657694494705,6,4.4997441630728945,27.574712643678158,3129.0
60443702,BJÄRSEN,0.36363636363636365,0.338234406722398,31,4.499160460052555,2.314814814814815,941.0
60444438,HULTARP,0.09117647058823528,0.08800173065550503,19,4.22871800744,6.0,149.0
60445112,ENRUM,0.6578947368421053,0.5220321585661457,5,4.783497024442553,5.689655172413793,358.0
60445536,GOTTERN,-0.3027522935779816,-0.21813692341215277,3,4.49473778555817,17.229885057471265,135.0
60446121,JÄRNSPARV,0.2878780658279324,0.2910493282733398,18,4.410697647208603,5.446552086275702,75.0
60446239,MELLÖSA,-0.34010416666666665,-0.10304763602637032,14,4.588961360976271,17.229885057471265,218.0
60446786,LISABO,-0.21020408163265308,-0.18184896267720202,9,4.4011344141281645,78.67448151487827,859.0
60447347,ALSTERN,0.40407499654074996,0.3509471355881199,16,4.598274755755231,6.404117202436531,1492.0
60447677,NORDKISA,0.09433962264150941,0.1269263882471921,17,4.595263420346181,76.75742193508691,532.0
60448733,BOAXEL,0.47042640990371387,0.4290834892303296,19,4.498002186576675,2.3073373327180433,385.0
60448766,HULTARP,-0.32323893041978147,-0.48722957659333255,22,3.8364039542913577,16.0722602513159,306.0
60448950,ENHET,-0.15294117647058825,-0.06754116504653078,5,4.492332201813334,60.7307277892056,87.0
60448974,ENHET,-0.08778351995406258,-0.11586291417508086,6,4.492332201813334,66.36449499154855,87.0
60449209,KLOCKREN,-0.5251046025104602,-0.5486084627656563,3,4.401092075949946,8.461790751065923,893.0
60450127,HJÄLPA,0.03129734355665034,0.031157502914630576,16,4.19404237044706,6.889432090561739,50.0
60452174,IKEA 365+,0.20793650793650797,0.21379651679514364,25,4.697625272878922,6.885057471264368,1837.0
60453588,VADSÖ,-0.6225586384439359,-0.5779230122947823,8,3.820875895912212,86.62870381418287,547.0
60453767,RAKKESTAD,-0.7347052280311457,-0.7310832624003512,19,4.132297379749494,205.7471264367816,180.0
60453913,LEN,-0.05760441292356186,-0.06903625561789474,18,4.586216302594709,7.4885822482504665,171.0
60454026,KROKFJORDEN,-0.282874617737003,-0.24080840005821127,19,4.402346417901887,11.482758620689655,406.0
60454899,TRANHULT,0.029810298102981025,0.010338368840428592,5,4.490415252266668,31.400966183574877,66.0
60455059,FREBRO,-0.24000000000000002,-0.2005254606924706,25,4.492998966873044,8.034482758620689,557.0
60456799,FJÄLLHAVRE,-0.17321867321867324,-0.13637882614741945,9,4.4987983301349255,114.82758620689656,652.0
60456916,HAUGA,-0.7074534438207253,-0.7213049778240022,20,4.304033017590765,298.84557471264367,675.0
60458345,FJÄLLHAVRE,-0.27013349514563106,-0.2699627827013187,4,4.4987983301349255,342.701715412298,652.0
60458538,FJÄLLBRÄCKA,-0.3329368100494861,-0.3471523290215268,14,4.401293733667621,121.71533777260687,751.0
60458835,IDANÄS,-0.47169488244665797,-0.47822545517256304,20,4.4979141999751295,452.8196167791112,368.0
60459118,SANNAHED,0.09942288570583968,0.090481752666646,16,4.596257013204597,7.307838502419091,678.0
60459199,STRANDMOLKE,0.13170079748469576,0.10819295415897923,6,4.688875962602021,128.00706611137568,378.0
60460008,UPPDATERA,0.1564090068063173,0.13912402500956736,20,4.401658135317334,11.482758620689655,582.0
60460107,DRÖNJÖNS,0.16333333333333327,0.1515605331268333,18,4.691766133066169,6.231518158201014,517.0
60460838,VEBJÖRN,-0.36176108374384236,-0.36993572337075026,4,4.489265082538668,223.57949490100296,57.0
60461183,MÅLA,0.10852330293819654,0.10651201575053,18,4.590629069030216,5.278100451389442,260.0
60463691,MIDDAGSMAT,-0.6318101933216168,-0.637241534646581,11,4.32368543381695,17.229885057471265,100.0
60463714,MIDDAGSMAT,-0.28599434730804396,-0.3016896817015628,14,4.497360266198033,8.034482758620689,287.0
60463926,VADSÖ,-0.6771540628123202,-0.6881232817538976,6,3.820875895912212,131.55176371566301,547.0
60464290,RODULF,-0.8035714285714286,-0.7948343968858289,19,4.168030650961702,287.2384078785392,76.0
60465751,ENHET,0.478498789346247,0.46007185938945167,16,4.410049304953537,1.4100762895497994,81.0
60466246,PILLEMARK,0.47480460715754835,0.4214020002763379,16,4.791309357409523,14.807078608800213,696.0
60467199,SANDVEDEL,0.058394160583941646,0.022048668837398852,9,4.207293462206985,25.118449389806173,612.0
60467222,LÅNGDANS,-0.06779661016949151,-0.10073208386425495,7,4.12920037073242,20.64693737095664,201.0
60467514,RÅGRUND,0.24777261781905746,0.3115532587773276,6,4.642790664810391,36.38006908983666,59.0
60467830,BLIXTSNABB,-0.83162033145567,-0.8077935222662318,12,3.9740361569659264,918.390804597701,117.0
60469198,DVALA,0.48876404494382025,0.5330925948299393,3,4.64047136743784,9.183908045977011,3765.0
60470366,MEDARBETARE,0.3658940397350993,0.3329846228442137,9,4.582861060463158,1.7126436781609193,134.0
60470408,NYSJÖN,-0.46,-0.47789842497170076,19,4.066625050328456,47.048491311711935,105.0
60470837,NYSJÖN,-0.3823298669171038,-0.33090953303558734,18,4.494999262052175,14.516722889316092,143.0
60471224,VESKEN,0.39285714285714285,0.3759157509157509,3,4.499744568905584,11.482758620689655,3134.0
60471610,RUTER,-0.13733500942803267,-0.16860121029019337,20,4.307259431663377,23.87579159022833,367.0
60473529,ALEX,-0.3019269269269269,-0.39228027170527274,6,4.401419231370044,165.5290911245408,683.0
60473713,VÄLVÅRDAD,-0.39570063694267515,-0.3840292467869455,17,4.402934752774042,7.178750897343862,328.0
60474072,BESTÅ,-0.5471014492753623,-0.5314834294762198,6,4.5830283618846615,96.56629589540563,830.0
60474270,BOAXEL,0.06044682453351184,0.05828146181735254,4,4.311501568684774,10.919540229885058,225.0
60474425,STUK,0.37937743190661477,0.3527960396373195,33,4.598660607295835,3.845562221196739,1927.0
60474430,STUK,0.2974683544303798,0.2782608906957933,23,4.598660607295835,4.586206896551724,1927.0
60474760,TROTTEN,-0.643301720071253,-0.6461888482964268,14,4.254700966552382,205.76413445032472,66.0
60474835,TROTTEN,-0.28074290060851925,-0.27757978363759295,4,4.321334970919084,137.35057471264366,113.0
60475793,CHIAFRÖN,0.5126678388746804,0.4870018819688046,12,4.7632833206532545,8.900272624951853,151.0
60477037,NOJIG,0.8333333333333333,0.802718495534291,35,4.698605533773472,0.3306878306878307,3141.0
60477674,HAUGA,-0.0357142857142857,-0.05959399198450686,7,4.494968007440001,132.84776364382438,142.0
60479277,LÄCKERGOM,-0.10144927536231885,-0.11914886111647527,13,4.498353540266667,2.974969224456299,471.0
60479362,FÄRGKLAR,0.13495216406400617,0.1482475278415687,4,4.642790664810391,5.458829538985837,59.0
60479437,FÄRGKLAR,0.3222433460076046,0.26819848194118373,11,4.596356477189371,2.139796464916979,697.0
60480129,GARNITYREN,-0.38046875,-0.3931909376986804,23,4.498653647475585,11.482758620689655,580.0
60480167,BAKTRADITION,-0.46487050960735177,-0.42859505612650145,6,4.4018254700741295,8.645583034987649,527.0
60481204,BAGGEBO,-0.09722222222222221,-0.09134118389078368,27,4.401540063762229,28.72413793103448,628.0
60481242,GRÖNSAKER,-0.11514370860927153,-0.11066312828670423,14,4.494165805727537,4.737025477857603,120.0
60481647,ÅKREHAMN,-0.7588276544839535,-0.7278535983901999,16,4.108583733141477,441.37931034482756,727.0
60481794,BJÖRKBERGET,-0.21161825726141076,-0.21846531162936364,3,4.49512049206303,103.43678160919539,147.0
60483255,VIHALS,-0.08819345661450928,-0.0945476805036938,19,4.682237424154839,286.2068965517241,230.0
60483892,MÅNALG,0.25595238095238104,0.26572854207404667,17,4.678083986021891,31.400966183574877,183.0
60484250,IKEA 365+,-0.5243643329850227,-0.606214744296066,18,4.499456000804324,21.214022372793544,1462.0
60485037,BODBYN,0.3829455202273754,0.35266791391398505,6,4.71260396042817,48.85057471264368,53.0
60485278,KABOMBA,-0.7589641434262948,-0.7375373936020468,17,3.7763757370247197,68.95402298850574,160.0
60485339,PERJOHAN,0.42783779671332933,0.3413824549023263,24,4.690879671201657,61.26842188499282,465.0
60485551,BAKGLAD,0.7421875,0.6874085854492947,21,4.782066130608092,1.7126436781609193,328.0
60487017,LAGKAPTEN,0.2875211984171848,0.12394077938877261,4,4.498522717780551,70.3098500672007,527.0
60488390,BUNKEFLO,-0.07228915662650603,-0.061740294663778145,17,4.586068883371123,41.90296156269691,170.0
60489182,TONSTAD,-0.6775280898876405,-0.6385587681637831,5,4.2321320362965045,629.5946229783658,125.0
60490449,GLADSTAD,-0.7600294927906512,-0.7383654621945783,10,3.9740361569659264,286.2068965517241,117.0
60491038,SILVERLÖNN,0.0003911342894394043,-0.05261730965084086,24,4.203016993559029,22.97701149425287,1505.0
60491774,SKOGSTA,-0.022048313321898272,-0.02758377127355452,4,4.799445465106903,403.52853297639103,1050.0
60492542,VOLLERSLEV,-0.398989898989899,-0.38009325659078247,9,4.593997422097695,320.6896551724138,416.0
60492599,KNARDRUP,-0.7146464646464648,-0.7133889502310555,4,4.402245781468173,164.13293103448274,425.0
60493004,EKOLN,-0.4050724637681159,-0.39259874494392866,27,4.30208728991068,5.9990770650669125,1321.0
60493546,RENBERGET,-0.034571655208884194,-0.062324728210783754,30,4.4008788703095405,66.67288690846442,1114.0
60493966,TOFTAN,-0.05058365758754868,-0.08983487617834955,3,4.691276992456237,13.387787895018748,487.0
60494032,SUNDVIK,0.20142345339389672,0.04033846280805947,4,4.59145862685377,66.49719671774633,287.0
60495593,STOENSE,-0.27586206896551724,-0.21341195074104738,3,4.597111841674501,130.07570543702684,884.0
60495710,VÄSTERVIKEN,0.1755464480874317,0.10855952507785271,9,4.572863345733334,28.735632183908045,78.0
60496031,IDANÄS,-0.35944976076555024,-0.36044696654097014,5,4.585198188581818,564.5191644187943,158.0
60496045,IDANÄS,0.3121314902092248,0.2905128323734113,10,4.732553056417392,113.79310344827586,74.0
60496432,LEN,0.5593255428781745,0.53226229573149,16,4.650504283038203,4.536115170548179,71.0
60497078,ONSEVIG,-0.03133498445998445,-0.03265326393586986,12,4.690011068458957,91.37356321839079,423.0
60498110,SEKINER,0.2768361581920904,0.32088717012336837,13,4.404060739552653,1.7126436781609193,227.0
60499261,GÖRSNYGG,0.16842105263157892,0.12384094194447016,23,4.69058735297094,4.8178896625602565,450.0
60500325,KÄTTIL,-0.3021739130434783,-0.31210980223742163,15,4.036421694179556,51.72413793103448,207.0
60500820,TRUMMIS,-0.5502518751589118,-0.5521207374962038,16,4.405128253558764,20.066707699847626,176.0
60501264,ISNÅLEN,0.05976095617529875,0.04020432363240601,9,4.584211401153939,28.72413793103448,147.0
60502013,STARKVIND,-0.7,-0.5980473300675099,6,4.407895882463492,162.2905414762498,108.0
60502150,LUGNARE,-0.09825870646766172,-0.09125399283566832,15,4.495994433783085,6.885057471264368,183.0
60503437,SMÖRKULL,-0.42291860826343586,-0.43354779970693913,4,4.2389396711050855,159.77011494252872,100.0
60504366,BARNDRÖM,-0.001106430944470771,-0.04606502288136848,20,4.305883960400842,16.20684188899319,457.0
60504583,FJÄDERMOTT,-0.3042924910332061,-0.28160034253596156,14,4.112258646443837,33.40906645782408,55.0
60505511,HJÄLPA,0.045897980338393624,0.0485312181313666,18,4.0744989199127275,3.4482758620689653,94.0
60505766,ENKÖPING,0.2068965517241379,0.21328476160152718,7,4.568613026390362,31.28846942962659,65.0
60506544,TRIPPEVALS,-0.7445111399524118,-0.7115275341932767,18,4.017072669146667,68.55490381956787,462.0
60506676,UNDERHÅLLA,0.03146853146853146,0.03293378189653827,19,4.777759430789964,14.93103448275862,261.0
60506898,EKENÄSET,-0.16141732283464572,-0.0635893030882034,5,4.594951320136435,263.2183908045977,498.0
60507586,GRUPPSPEL,-0.8431064993564994,-0.8332920711329346,8,4.0450268197274735,313.96608322838995,164.0
60508072,TÄRNABY,0.28024193548387094,0.17538938209115562,5,4.598757099804581,22.97701149425287,2078.0
60508232,LAGKAPTEN,-0.12250000000000001,-0.09746736142922584,4,4.221174567697696,40.2183908045977,199.0
60510305,NÄMMARÖ,0.4714285714285714,0.38645368978342565,19,4.662668484664407,22.988505747126435,100.0
60510310,NÄMMARÖ,0.2851782199100113,0.2488956836948201,20,4.679318691034743,69.11228695269273,195.0
60510697,SANDTRAV,0.06401384083044981,0.0879396995790589,9,4.315356490057143,17.19889883000688,164.0
60511017,STAGGSTARR,0.40181268882175225,0.28558723476430653,3,4.497652714840816,6.885057471264368,325.0
60511338,MOSSLANDA,0.7830769361384204,0.6287894851989736,22,4.699333163970693,6.885057471264368,6588.0
60511362,LÅNESPELARE,-0.5129804231322989,-0.2510500207808862,18,4.49672715931057,28.72413793103448,228.0
60511951,KONSTFULL,0.3374233128834356,0.3262491850341409,9,4.652118273808696,5.145977735769796,74.0
60512936,SURSÖT,0.11269841269841271,0.10741993146267312,5,4.315970749659429,1.3300270513976558,157.0
60512979,BJÄLVEN,-0.28571428571428575,-0.2565749504485843,23,4.499081962588826,22.97701149425287,859.0
60513889,UPPSTÅ,-0.1767857142857143,-0.1522111037661521,18,4.668978036552113,11.482758620689655,124.0
60514916,DRYCK BLÅBÄR,0.18029827315541602,0.035173817062105164,18,4.691479460716441,4.429466150983892,499.0
60515483,JOLPEN,-0.2213114754098361,-0.259893769842724,19,4.494369798534267,68.55715545107259,125.0
60516227,GRYTÅS,-0.29097995912716723,-0.29794200514993757,4,4.567436014880001,17.229885057471265,62.0
60516821,TVÄRDRAG,-0.30508474576271183,-0.3027426992607994,19,3.9371497812837215,22.97701149425287,68.0
60516915,TÖVÄDER,0.09183673469387754,0.016528518438684664,21,4.402917540147801,11.482758620689655,323.0
60517571,FINMAT,-0.982828576678099,-0.9827831480801636,8,3.1449983266253536,78.60284889857793,53.0
60517953,SPARTANSK,0.4611531588352781,0.4932091165711502,20,4.594672558671575,1.3173284327761206,471.0
60518108,NACKANÄS,-0.22608695652173916,-0.22787804211101995,3,4.564313440964384,117.00949704016013,55.0
60518453,TROFAST,0.8440915756391502,0.8122518997678766,14,4.781477257284776,7.675698382692712,317.0
60518486,RUNNEN,-0.10362610275038922,-0.05868057453587049,14,4.400380597241929,24.28324750498477,2596.0
60518575,TROFAST,0.23545706371191133,0.36040941752775746,3,4.686276888443614,11.536686663590217,303.0
60518716,FIKONTRÄD,0.8769322038705529,0.8820849186330099,14,4.828525724914288,1.8974938169608326,94.0
60519004,SÖDERHAMN,-0.02795031055900621,-0.020156865500720007,5,4.169509578156522,114.94252873563218,74.0
60520427,BUSENKEL,0.11458333333333326,0.08826755273840893,17,4.774672984450612,68.95402298850574,227.0
60520903,BLÅSVERK,-0.19408938341992732,-0.1890782332331778,18,4.410472433583159,34.47126436781609,77.0
60521945,UPPFYLLD,0.7671875,0.6525888228852385,23,4.790103478772568,1.8756665202935825,609.0
60522049,FYLLEN,0.04813446838768293,0.11213709870854721,24,4.594421587131478,10.365154379332072,449.0
60522129,GRUSNARV,-0.12892443703690284,-0.11496942844763773,12,4.300859170362864,20.678160919540225,3235.0
60522488,KÖLVATTEN,-0.2503782148260212,-0.22328357424661,5,3.279559440811268,10.32346868547832,266.0
60524010,STENSUND,0.06326034063260338,0.10324551461769532,3,4.490181477931708,30.77554370127206,64.0
60524656,BROGRUND,-0.1829889480680033,-0.19350952489128362,14,4.597803441138617,20.678160919540225,1168.0
60524802,OSTBIT,-0.251453488372093,-0.2949372736825163,3,4.496753553187097,6.4939324368645455,230.0
60526047,NYMÅNE,-0.6361132218844985,-0.6395802542237715,14,3.9283945488363634,45.96551724137931,334.0
60526392,DRÖMSLOTT,0.650887573964497,0.6591094781744444,9,4.8359590495232005,5.505849965588437,107.0
60527749,PENNFISK,0.28364579178300764,0.2957622995331036,14,4.726998602240001,7.376252811376097,67.0
60527891,YTBERG,-0.13368055555555558,-0.14159697984947056,7,4.136542178230857,17.17640320733104,157.0
60528876,SORTSÖ,0.32927245427245433,0.33620525125016143,4,4.65678493927671,5.742752414154946,687.0
60530209,BISSA,-0.203125,-0.18036664863601531,15,4.40520880204398,57.45977011494253,173.0
60530252,HÖGBO,-0.3630790190735695,-0.35573327486458284,17,4.096410366945883,38.45562221196739,67.0
60530266,STÄLL,0.14004629629629628,0.10808577041951992,23,4.693385707493094,118.2894939240117,648.0
60530351,RAGGARV,-0.2062937062937063,-0.2130911866858697,18,4.310428661158209,9.052212304599125,250.0
60530577,EKET,-0.3014458819483028,-0.45925323253939526,14,4.109645371327903,23.538299673287923,645.0
60530978,OMAR,-0.08018867924528306,-0.08877235754880186,19,4.575423407456604,102.29885057471263,88.0
60531360,VALLASÅN,0.6562093079334459,0.6181348519188441,14,4.68920314017255,4.737025477857603,390.0
60531548,SEGELFISK,0.535525202766582,0.5394857667664829,14,4.7482906765866675,3.4367816091954024,102.0
60531893,LANDKRABBA,0.11688311688311692,0.11702779100580842,19,4.7780737851250885,19.958706125258086,265.0
60532468,FLÖNSA,-0.3373151308304892,-0.3315087066202326,14,4.23104649452973,8.034482758620689,130.0
60532637,RÖNNVECKMAL,-0.23058252427184464,-0.2136838494114799,3,4.116696817729504,25.54370127205581,365.0
60534924,LETTAN,-0.7213114754098361,-0.5913082580675275,5,4.493176959240678,293.84856499167404,100.0
60535056,HAVBÄCK,-0.5483574131406949,-0.5616505695776485,6,4.247369909179382,90.80459770114942,79.0
60535117,TÄNNFORSEN,-0.776470588235294,-0.7739329796226893,7,4.164594759498991,263.4715513455868,81.0
60535527,TÖCKENFLY,0.6549483587201714,0.645866360180959,8,4.595254792696539,8.034482758620689,531.0
60536008,JETSTRÖM,-0.8256079027355623,-0.821169588888122,8,3.837322032226264,94.94276010686986,81.0
60537098,RÖNNVECKMAL,-0.30051150895140666,-0.3222581236167967,5,4.116696817729504,32.172413793103445,365.0
60537654,ÄRTBUSKE,0.1952908587257618,0.19956895138530614,19,4.756908897155556,17.229885057471265,126.0
60538205,TONSTAD,-0.458732057416268,-0.43547765543054834,15,4.4902997733783145,205.7471264367816,65.0
60538795,JÄTTESTA,0.2693877551020408,0.2603083481380678,5,4.740335396061539,136.9580178940124,86.0
60538856,RÄVUNGE,-0.17065018315018315,-0.1617953004658987,18,4.5831927818735485,9.183908045977011,137.0
60538922,TÄLLÅSEN,-0.36807152438440166,-0.34529977127150285,4,4.407480309702256,244.4334753272597,115.0
60538955,HATTEFJÄLL,-0.7946428571428572,-0.780793661391326,15,4.12300316974964,263.2183908045977,260.0
60539177,SMÅHAGEL,0.20689655172413793,0.19770241217174192,17,4.498007131659406,6.885057471264368,386.0
60539238,LUNNOM,0.4732142857142857,0.47010726102549916,19,4.49721412176609,4.460852176588217,271.0
60539304,LUNNOM,0.3569988479262673,0.3648375591482543,12,4.406226763826632,4.278315187222905,148.0
60539323,LUNNOM,0.817020380018388,0.8160334717719601,16,4.673463139701205,2.951769856891366,148.0
60540166,SNÖSPIRA,0.17518645598194132,0.1173794050381612,10,4.722436014880001,8.420219144027751,62.0
60540473,BRAVUR,-0.7312119556734822,-0.7254101244438257,14,4.4111784403415735,57.45977011494253,71.0
60540864,SÖNDRUM,-0.5204778156996588,-0.5071327351421631,19,4.495892250971429,20.678160919540225,178.0
60542170,BRUNBÅGE,-0.2777777777777778,-0.2767835960557165,23,4.123950865881648,22.97701149425287,249.0
60542858,KLINGSTORP,0.30684596577017115,0.2799453480780812,17,4.32253936443871,3.4482758620689653,106.0
60542924,VIHALS,-0.5775510204081632,-0.5693034502490257,3,4.308469336940607,171.26436781609195,312.0
60543004,SVARTPOPPEL,0.917114928567297,0.8768644179349693,22,4.794528113924514,5.735632183908046,1138.0
60545673,TRÅDFRI,-0.1602785287421742,-0.1638519607701656,12,3.7061715944165523,10.360222055404567,127.0
60546578,FEJKA,0.132132064611289,0.08306132223736974,22,4.686361861270589,10.244631377376557,305.0
60547629,LÅNESPELARE,-0.19088955026455026,-0.21080127618074437,6,3.4890443744581825,40.34577707456784,92.0
60548921,RÖDALM,-0.16719448584202679,-0.1594958383243933,6,4.496220099485447,8.270338950527364,195.0
60549402,SAMBORD,-0.1402608915906788,-0.15060780782262043,18,4.322006938507087,22.97701149425287,109.0
60549416,RÅGRUND,0.34789915966386553,0.31243636794538404,18,4.659953465367273,57.45977011494253,92.0
60549633,DVALA,0.10459183673469391,0.0928572773838738,11,4.401815476624819,15.873015873015873,9126.0
60551225,FRIHETEN,-0.5,-0.5185168475685799,11,4.203775580271487,536.9211514392991,1199.0
60551536,AFTONSPARV,0.050000000000000044,0.08049701089818605,17,4.758632541269334,11.482758620689655,132.0
60552084,JÄNKIG,-0.4617486338797814,-0.48073356515979465,5,4.564313440964384,9.773696293866841,116.0
60552159,UNDERHÅLLA,-0.0017605633802816878,0.004575110800169729,18,4.253428851051164,3.244587415418069,68.0
60553210,CITRONHAJ,0.20650263620386644,0.2821729293436806,3,4.5916769367105426,4.586206896551724,295.0
60553644,KALERUM,0.43820315530841847,0.4464633262568431,8,4.588771039613793,9.005576553480534,214.0
60553682,KLINGSTORP,0.21864951768488747,0.2238386171662569,19,4.32253936443871,4.8682703321878575,106.0
60554380,DOMSTEN,0.7352941176470589,0.7393603644180826,13,4.767512466965445,31.400966183574877,173.0
60554988,TÅNEBRO,0.5744186046511628,0.5580179898148449,15,4.751140796774804,22.97701149425287,109.0
60555153,DYVLINGE,0.0674325674325674,0.04265108847404837,6,4.498021821106635,206.06182171361007,389.0
60555704,KALKSTUFF,0.014126984126984134,0.02520034799005416,18,4.130597517657416,2.28735632183908,191.0
60556322,ÖJULF,0.41810344827586204,0.41915728579257916,19,4.495974405952,22.97701149425287,182.0
60556685,SKOLÄST,-0.1139710144927536,-0.08432708964224324,24,4.403014791486061,3.4367816091954024,312.0
60556708,ÖRINGABBORRE,-0.3188405797101449,-0.31012409532565677,9,3.8819088971555558,4.095778197857593,126.0
60556869,SÄLJAN,-0.40627701217554524,-0.3780419522525626,6,4.331403159442697,166.0919540229885,71.0
60557543,BALSAMPOPPEL,-0.2209079283887468,-0.23854045704854632,6,4.175233896357648,22.44137586093801,67.0
60559679,HÄLLEBRÄCKA,0.264957264957265,0.2660087881421581,7,4.583819137828572,34.358533791523485,143.0
60559976,DAMMÄNG,0.09673659673659674,0.09161482634541207,25,4.788466321915242,22.132238739738188,520.0
60560673,VARDAGEN,-0.6643730886850152,-0.6676595172311148,3,4.412920534940261,53.684048607906476,59.0
60561272,INSEKTSMAL,0.6567164179104478,0.6581926400662527,5,4.566167288187014,8.206811653672549,59.0
60561875,TIDTABELL,-0.7370590572409683,-0.7423653119717518,8,4.252214558981819,76.92861178106598,70.0
60561936,RÖDFLIK,0.28629032258064524,0.31022700459469515,3,4.782117813228819,34.47126436781609,329.0
60562498,APTITLIG,0.050611620795107004,0.056614109786304635,14,4.772784566624561,16.493662095913272,210.0
60563431,SVÄRDFISK,0.22313071171420656,0.22861156411390282,28,4.497560246031516,1.888964778677457,312.0
60563704,TIPPVAGN,0.4967105263157895,0.5049788258393959,15,4.590351411816297,0.8620689655172413,252.0
60563780,LISABO,-0.022790720061609537,-0.028534615482207343,8,4.648777688260466,160.099391611643,68.0
60564275,PRAKTVIAL,-0.13255552674790422,-0.19030948795882408,4,4.493900615078788,52.058800309989934,114.0
60564845,GLAMBERGET,-0.3707401196088979,-0.42297197765173966,18,4.169509578156522,359.3397717688015,74.0
60565411,EKGULDMAL,0.48711614927661206,0.49704727491044004,16,4.566167288187014,10.054476041240482,59.0
60565717,SÄFFEROT,0.5308116660964762,0.5239350363471785,8,4.694853833166355,18.980036208754278,838.0
60566364,RÖDALM,-0.012626262626262597,-0.005683307629718137,3,4.571987969789248,6.867124856815578,75.0
60566401,RÖDALM,-0.6394927536231885,-0.5654083293121478,9,4.30695244077214,19.528735632183906,384.0
60566745,KRYLBO,-0.0851393188854489,-0.08165531487085544,17,4.4965445544652365,72.64367816091954,215.0
60567721,PEPPRIG,0.4507692307692308,0.44480297647870115,12,4.785190647232458,3.397831742379487,401.0
60567735,SLIBB,0.42857142857142855,0.4310696045316526,19,4.404974405952001,1.1397479954180985,182.0
60567778,MOSSJÖN,-0.2823529411764706,-0.2706322575746328,19,4.405377736164325,90.80459770114942,167.0
60568527,KUGGIS,0.26346595455402966,0.2309654194872729,8,4.498114475855737,1.8643599162618003,409.0
60568546,KUGGIS,0.9631007503067244,0.8533982283496765,24,4.7901192375643316,1.7126436781609193,610.0
60568725,SKRUVBY,0.004267425320056861,0.005812848448196102,15,4.6739342082272195,171.26436781609195,151.0
60568886,KLIPPKAKTUS,-0.33636046974522293,-0.3381774584372361,8,4.304634960514759,5.735632183908046,585.0
60569522,BLÅSKATA,-0.34275724275724273,-0.30010441385921754,16,4.566601040902565,11.482758620689655,60.0
60569720,TRETAKT,0.1031294452347084,0.11458110217911766,17,4.405263921642329,13.781609195402298,171.0
60569744,SMÅSKRAKE,0.5800604229607251,0.6772446676326279,19,4.642037910400001,28.72413793103448,58.0
60569857,SLIBB,0.6796163958740646,0.6728943257609875,8,4.575189344670477,2.28735632183908,87.0
60569937,SKÅDIS,0.17682926829268292,0.18472614945370538,5,4.498475153769697,2.2988505747126435,510.0
60570243,FÖRLUNDA,0.7971254006410255,0.801893344035772,4,4.662982194877312,62.637931034482754,101.0
60571596,BERGVEN,-0.635632183908046,-0.6335893869521366,11,3.899924723388237,68.81624225739847,50.0
60571780,UPPDATERA,0.5298329355608592,0.34277197033474804,5,4.689536534894062,14.683122734841806,403.0
60572063,JÄTTEBJÖRN,0.22061475965518226,0.23624700688038894,18,4.564313440964384,22.97701149425287,55.0
60572421,ÅSVEIG,0.825242718446602,0.8179541027556301,5,4.777018078482962,9.183908045977011,252.0
60573109,FULLMAKT,-0.6019736842105263,-0.5589967877688504,9,4.489265082538668,136.7816091954023,57.0
60573251,TUFJORD,-0.8314615338836793,-0.8197779706738396,10,4.071884922722807,593.3534626310118,96.0
60573538,STORSEGEL,0.7133891213389121,0.707064389570147,19,4.781856377749707,11.482758620689655,324.0
60573680,VITARNA,-0.4238095238095238,-0.38648991732698157,17,4.3367747525052645,188.1312339250988,58.0
60574019,POKAL,0.8130434782608695,0.7392062166646408,33,4.7978424482581365,1.7126436781609193,2858.0
60574590,EKET,-0.4096728307254623,-0.44409047993207096,13,3.837683326486901,40.229885057471265,295.0
60574934,REFRÄNG,-0.44311136624569464,-0.4571794292185481,12,4.410363345733335,5.261792864358597,79.0
60576023,UNDERBLOMMA,0.5946291560102301,0.6027461730906118,9,4.646279038907318,11.482758620689655,64.0
60576240,ÅSKMULLER,0.4156626506024097,0.41463455626264833,7,4.66736949029926,19.58076207268097,117.0
60576891,SKOGSDUVA,-0.11538461538461531,-0.0842654664960666,17,4.724327819395123,17.229885057471265,64.0
60577225,SLÅNHÖSTMAL,0.03125,0.04641358267143813,3,4.401467376387021,4.586206896551724,660.0
60577678,SANDIG,0.6058394160583942,0.6119820878031254,17,4.734682959898947,1.7126436781609193,77.0
60578668,SKOGSDUVA,-0.09999999999999998,-0.0944572242764968,17,4.736682461126532,17.887130075705436,80.0
60578970,TÅNEBRO,0.6321614583333333,0.6877161045755966,9,4.751140796774804,22.31740306582507,109.0
60579229,SKOGHALL,-0.26652028904947195,-0.2696167999740894,8,3.9251760231496227,5.617299918519748,379.0
60579366,BREDVECKLARE,0.1914357682619648,0.2846134034009666,3,4.568613026390362,15.647973114891828,65.0
60580020,FJÄLLKATTFOT,0.21710967165512624,0.22020669747942478,4,4.627729172218972,3.246320521170519,482.0
60580893,HEMLAGAD,-0.679123749813405,-0.63338972242405,6,4.276506613503337,10.915895297278936,294.0
60581487,VARDAGEN,-0.42885830553028004,-0.4336173634842368,12,4.258163053043039,6.885057471264368,61.0
60581784,VÅRSYREN,0.5317099202336817,0.5204384431869298,8,4.63965590671781,1.649516336759434,55.0
60581996,MAMMUT,0.2850908656145385,0.14423462199645842,4,4.62177588658618,10.87403971611618,754.0
60582057,LÖVSKOGSLUND,0.20771144278606965,0.20848634754352105,9,4.5697079208186056,3.4367816091954024,68.0
60582547,SKÖNABÄCK,0.21969696969696972,0.08604658628062255,4,4.408290676586668,293.33997230647725,102.0
60582585,SUNDSÖ,0.3353257293266067,0.3318419691409153,4,4.747856144457144,55.29391555021007,101.0
60583108,GRÅFJÄLLET,-0.510914072154971,-0.5218643655641575,4,4.160329067833962,94.94276010686986,88.0
60583434,COFFEA ARABICA,0.7069633948428202,0.6753188879307302,6,4.73105423544889,4.204787189126565,72.0
60583924,SOLHETTA,0.5886454183266931,0.5862123932675104,18,4.589703087709091,5.667407249030891,235.0
60584438,TOSSBERG,-0.06310679611650483,-0.05080419905902885,3,4.679976732683636,263.2183908045977,202.0
60584626,KLIPPOXEL,-0.5492835794655415,-0.5387312510476325,4,3.8723612342969327,25.850574712643677,145.0
60584711,GRÖNFINK,0.22222222222222227,0.22314771050500926,19,4.6715798786477425,4.586206896551724,137.0
60585065,KORGMOTT,-0.21296296296296302,-0.21539152460061922,7,4.4122824838321,54.370268410185815,63.0
60585541,NÄSSELKLOCKA,0.19234740358335867,0.19766695312537666,6,4.597002164776065,44.93558466673444,851.0
60586833,RODGERSIA,0.37800331400165693,0.36530764228766777,10,4.694871805809546,34.43797217014342,841.0
60587154,FEJKA,0.32134886316083133,0.3003060148137705,14,4.568230258419513,1.1379310344827585,64.0
60587168,GRILLA,-0.8471001757469244,-0.8474171005239187,7,3.8138177943111122,22.31740306582507,54.0
60587173,SMYCKA,0.817240905860309,0.8118541200751771,14,4.7435898290036365,0.570916982284163,92.0
60587502,NÄSINGE,-0.003978364169446996,-0.030036542353223044,14,4.494207778348202,57.57734884288359,121.0
60587743,AULI,0.02117486338797825,-0.001215463980310075,7,4.573143105055671,63.218390804597696,79.0
60588747,SMYCKA,0.7985082836461244,0.7946429022175625,12,4.7252395324144585,0.5689655172413792,65.0
60588790,KNOXHULT,0.12675926946679894,0.13131405327573603,4,4.592682250534831,47.286814546663464,338.0
60588832,BARNDRÖM,0.24269189557763493,0.1271841794337196,4,4.585607078400001,29.66740660588026,165.0
60590142,STOCKHOLM 2025,-0.5975692187703107,-0.5940015546426592,18,4.336297158316884,179.79299757838527,59.0
60590199,ULLVIDE,-0.05896179110464825,-0.05665931695795087,4,4.300772920683185,16.361319120046204,3598.0
60591014,BAGIS,0.9491626794258373,0.8278358087005033,23,4.772298576742857,2.28735632183908,206.0
60591047,SKUBB,0.8345070422535211,0.6797800760224699,29,4.7966036569186645,6.904577191621412,1809.0
60591052,SKUBB,0.801038062283737,0.62526055630292,5,4.7966036569186645,8.034482758620689,1809.0
60591132,SANELA,0.46064262783765186,0.4323542302035976,16,4.567838039387655,11.509722642139936,63.0
60591721,KÖRSBÄRSBJÖRK,0.09464043419267298,0.07503724325456783,6,4.726129537980953,17.203144132401153,66.0
60591839,ÄNKEBLOMSTER,0.6263863613385907,0.6224793006827427,14,4.675390397711732,0.915656144024828,161.0
60591919,FRÖVÄXT,0.1285576985203851,0.13796577473422508,14,4.647558109409525,8.200401428754024,66.0
60592805,KALLAX,0.2017114914425428,0.19672548417503016,13,4.498083050453333,17.241379310344826,402.0
60594343,STRANDAD,-0.11666666666666667,-0.12505301275063946,19,2.6315801811145305,6.377496699459137,99.0
60594606,LAMPAN,-0.24404761904761907,-0.26828116093065973,19,3.4650387396063493,11.482758620689655,108.0
60595696,FRIDANS,-0.15354330708661418,-0.16229221347331582,3,4.101863310370163,19.528735632183906,3414.0
60595984,SITTBRUNN,0.2888888888888889,0.32607067356258934,17,4.492746677390992,1.8458698661744348,93.0
60596177,BRUGDHAJ,-0.3208598726114649,-0.33635437047459604,19,4.407006205566198,6.885057471264368,124.0
60596554,KALERUM,0.8259176863181312,0.8195320253771965,9,4.714998372471234,6.0,55.0
60596709,PRUTA,-0.045238095238095244,-0.05327668541668682,12,4.223563493284104,2.2973468272785618,177.0
60596894,FJÄDERHARV,-0.13636363636363635,-0.13052261052101796,11,4.2230898552281415,4.586206896551724,181.0
60597412,NATTJASMIN,0.2777302376646861,0.24471491912276436,6,4.4997441630728945,20.546302454025344,3129.0
60597780,TVÅMASTAD,-0.2021276595744681,-0.2149865978662502,19,4.256035136468294,22.97701149425287,64.0
60597959,LINDBYN,-0.27192982456140347,-0.3770069093849349,19,4.492937554301755,91.94252873563217,96.0
60599152,KUGGIS,0.8989071038251366,0.6658153028517825,11,4.7901192375643316,4.597701149425287,610.0
60599915,VINTERFINT,0.06007389162561577,0.058829249799318785,4,4.412920534940261,3.2411801345703957,59.0
60600396,PELARTUJA,-0.032581453634085156,-0.00743468893909649,3,4.494805685099355,32.172413793103445,137.0
60600754,GLADELIG,0.06349206349206349,0.05080306608654643,13,4.575653095237383,4.1293874741913275,89.0
60600971,MÖJLIGHET,0.013924050632911383,0.0013825821304687665,19,4.050275344726381,6.885057471264368,145.0
60601348,RINNIG,-0.22979397781299526,-0.22901641773211603,17,4.234036156965926,3.582196697774587,117.0
60601367,AGAM,0.22274490987983978,0.04229000845113289,8,4.596257013204597,50.9783606043353,678.0
60602442,VIHALS,-0.74125,-0.741048428354112,7,3.707167243257832,119.70217640320732,65.0
60604894,OMTRENT,0.8463203463203464,0.8386407108551711,13,4.727847455702326,1.1379310344827585,68.0
60605426,SANDSBERG,0.2627388535031847,0.266260117614007,5,4.493346125540497,13.119055428009183,103.0
60605558,VATTENSKRUV,0.32371794871794873,0.332415872132003,19,4.663594059424794,11.482758620689655,103.0
60606464,HAMPFLOCKEL,-0.5273809523809524,-0.5513754042560896,4,3.7849680074400007,35.61741960122846,142.0
60607114,UTBJUDA,-0.39435146443514646,-0.38490312092378826,19,3.5462227988989254,4.586206896551724,354.0
60607369,VÅGSJÖN,0.08108108108108107,0.10880893604559169,5,4.400259895817764,2.9287883240278187,3810.0
60607675,HAVSKUSE,0.17579365079365078,0.17398332456042645,14,4.488160017505884,1.8974938169608326,50.0
60607802,DYTÅG,-0.27214113257243194,-0.2611805461756076,4,4.498110049742722,87.70856783919598,408.0
60608076,BURFJORD,0.06950305170864701,0.14745426409655127,8,4.4968177122150195,32.99437237902787,235.0
60608482,FANTASTISK,0.6373293028368494,0.6425383606641825,14,4.697305737731132,2.057471264367816,1617.0
60608910,ÄNGSLILJA,-0.18481012658227847,-0.2312050339835462,3,4.203231280724614,18.79857172862844,1404.0
60609033,EKBACKEN,-0.4357798165137614,-0.4220958276669763,13,4.304581772443279,99.20634920634922,592.0
60609575,SANDLÖPARE,0.6428571428571428,0.6201966134406772,18,4.769582750933333,2.28735632183908,186.0
60610197,KUGGIS,0.9056847545219638,0.6875171307630358,11,4.7901192375643316,3.801396431342126,610.0
60610263,TOFTBO,0.6458333333333333,0.5816652837970119,9,4.796022359737436,9.949937421777221,1542.0
60610550,UPPDATERA,0.9054878048780488,0.8669192724298159,9,4.796022359737436,2.7179942311959175,1542.0
60610946,SOLFIBBLA,-0.2206896551724138,-0.25005316923376086,7,4.3103898929011155,34.47126436781609,251.0
60611111,FRAKTA,0.8228346456692913,0.8274952054936228,7,4.698828114176749,0.8320390503660973,3741.0
60612035,BROKGLIM,-0.08838383838383834,-0.12209420276570908,3,4.586288848370526,23.99,172.0
60614992,GULLSTRÅLE,0.4252295571068563,0.4401755167730858,10,4.768178877899488,33.32183908045977,177.0
60615067,TRATTVIVA,0.12755102040816324,0.16116892976990127,7,4.566601040902565,28.72413793103448,60.0
60616316,VECKLARFLY,-0.5659340659340659,-0.559069513305861,10,4.16525388969796,79.56137868847361,80.0
60618645,SKOGSFRÄKEN,-0.6702758215962441,-0.6693455228515113,4,3.643524117825642,64.66849781274027,60.0
60635942,ROCKÅN,-0.5975836787962536,-0.5760157004658112,16,4.301842373889519,32.913126769948356,1499.0
66804047,HEDERA HELIX,0.37271786184829664,0.28853841063825925,20,4.59766984006297,3.965652348671388,1100.0
66914300,MAGASIN,-0.587991329829745,-0.6656440686109327,8,4.496437527391151,27.77102184554196,208.0
66916200,IDEALISK,0.11977186311787069,0.08408774749645291,25,4.596146273950295,4.014461703267274,658.0
69002426,TARVA,-0.6546511627906977,-0.6359910158801023,9,4.011429401939191,171.3695801789401,699.0
69017828,BILLY / OXBERG,-0.07462269639630265,-0.12431306460057717,18,4.596891266336993,165.35601007888977,820.0
69061227,BESTÅ,-0.45658995815899583,-0.46252667930824803,9,4.321173342351516,100.0,114.0
69068337,BESTÅ,-0.65625,-0.6595521622066234,5,4.243347935758491,240.54982817869416,89.0
69139684,SUNNERSTA,-0.34403669724770647,-0.3314521375774534,9,4.409385671607549,166.66666666666666,88.0
69157456,BRIMNES,-0.49557522123893805,-0.4921592331797747,5,4.637956073104227,574.468085106383,1109.0
69158168,VATTUDALEN,-0.45127275464502126,-0.47447508006157196,8,4.236467311034922,94.99523232071971,108.0
69185435,KRITTER,-0.04834195043679801,0.0005274315645009686,12,4.584493340419048,119.48382742177596,150.0
69213476,FONNES,-0.08679706601466997,-0.08969628816695226,5,4.40523621679158,36.91739732348869,172.0
69217714,BILLY / OXBERG,-0.269635777282027,-0.27985586007972113,12,4.57734679296,233.77591276825353,97.0
69227671,KALLAX,-0.41442542787286063,-0.4048861363805753,3,4.493991650674627,185.92964824120602,116.0
69239495,NORDLI,-0.6443514644351465,-0.6448725093614325,15,4.228539634722982,172.41379310344826,143.0
69241422,NORDLI,-0.37986270022883295,-0.37609240080778217,9,4.4971650746140845,722.965697584987,266.0
69244312,FORSAND,-0.05013512722370517,-0.09408685984333279,20,4.498794732320958,62.693851486954934,650.0
69244661,POÄNG,0.7516129032258065,0.7328685730803004,9,4.595508415845517,54.370268410185815,562.0
69249480,KOMPLEMENT,0.04923369193989069,0.054792758185938074,6,4.644936014880001,115.51724137931035,62.0
69269091,IKEA 365+,0.11416699906927275,0.12658532696193653,4,4.685167950136028,5.807381168295068,279.0
69270264,LANDSKRONA,0.04263565891472865,0.03606643998696383,9,4.575423407456604,907.5526842024304,88.0
69272687,LANDSKRONA,-0.8132795698924731,-0.7952100270755942,8,3.7746971493978028,989.9215857092049,164.0
69276807,IKEA 365+,0.29931972789115646,0.3123372408760146,17,4.597841657987075,7.13390245358486,1189.0
69277835,KOMPLEMENT,0.4277588168373151,0.42209979472151526,19,4.796037418057145,62.068965517241374,59.0
69277840,KOMPLEMENT,0.5105042016806722,0.5055589904787448,19,4.7409036303847625,35.89375448671931,87.0
69278335,KALLAX,-0.18648877042500034,-0.18532687547513138,4,4.64047136743784,372.3850574712643,56.0
69281776,BILLY / OXBERG,0.1096178914896434,-0.0037692865892951432,14,4.694126508253867,148.16835422868274,732.0
69281804,BILLY / OXBERG,-0.1127922971114168,-0.11097571631758923,11,4.662024837848277,261.19058606368253,98.0
69284987,BESTÅ,-0.6730102328012545,-0.6683383079684894,6,4.0795619533048555,138.4862427327206,85.0
69285939,HYLLIS,-0.11287314783313668,-0.15516105353296303,10,4.304886155927273,18.858091072725266,554.0
69287392,BILLY / OXBERG,0.11803611888577903,0.07342454821737739,14,4.587711703728302,62.637931034482754,194.0
69290747,BERGSHULT / PERSHULT,-0.006485849056603765,-0.005963800638943836,11,4.410472433583159,28.250367569838268,77.0
69290808,BERGSHULT / GRANHULT,0.41568396226415094,0.41288255963529086,13,4.677974405952001,28.636884306987398,182.0
69302566,VITVAL,-0.41570704368704003,-0.410150713006925,18,4.40736949029926,385.730323244175,117.0
69305414,SÖDERHAMN,-0.025910364145658227,-0.023389655007302043,4,4.321014144288722,341.42282059626734,115.0
69305697,SÖDERHAMN,-0.7507763975155279,-0.7422083351431178,8,3.6864880965752813,677.1681595672685,160.0
69325469,BERGSHULT / RAMSHULT,-0.22845896713958364,-0.2276749009844849,8,4.15373849739832,25.637798317358687,101.0
69329387,EKET,-0.3764705882352941,-0.3790063202057227,19,4.233539278762045,57.47126436781609,119.0
69338546,FJÄLLBO,-0.3770491803278689,-0.3731346484418694,19,4.247369909179382,68.80935994494149,79.0
69384307,BERGMUND,-0.11912225705329149,-0.10455425724518072,21,4.4984025420444445,91.95402298850574,486.0
69385750,SÄBÖVIK,-0.8135593220338984,-0.8042138466119393,7,3.820301000327711,388.797702092737,563.0
69386976,LYCKSELE LÖVÅS,-0.04931568744625342,0.041924567673526175,4,4.65105423544889,238.46351170672554,72.0
69388640,HAUGA,-0.1593172119487909,-0.16433994691369208,9,4.666878805942858,399.7709049255441,115.0
69392595,VIMLE,0.39490976259689925,0.3877957903893587,4,4.494330149228169,242.55102833537683,124.0
69398837,BILLY,-0.04586563307493541,-0.04314164110069385,5,4.674683225232185,205.7471264367816,156.0
69401335,VIMLE,-0.5855614973262031,-0.5996633639302389,9,4.110741637708109,700.0,56.0
69412598,BESTÅ,-0.8915461624026696,-0.8864445310551617,3,3.435363345733334,284.67377923676656,78.0
69416346,LINNMON / OLOV,-0.025212712712712748,-0.012685370262803905,4,4.321835009300001,56.51143500414741,110.0
69416817,LAGKAPTEN / ALEX,0.25,0.08499017533112153,21,4.5964362259786595,122.50516173434272,713.0
69418067,ÄPPLARYD,-0.8527131782945736,-0.8480192611720447,5,3.8213828677714297,1378.1609195402298,94.0
69428132,UTÅKER,-0.3389830508474576,-0.23245937229794433,13,4.315701579721348,290.9045971329708,160.0
69428226,VIDGA,-0.5443037974683544,-0.52604108239145,19,4.092077316746068,42.5287356321839,71.0
69431865,BESTÅ,-0.46075085324232085,-0.4687640419256184,15,4.323887873422223,107.68126346015792,99.0
69434270,TROTTEN,0.32380952380952377,0.3181550871714806,3,4.682519369803176,161.51361329026304,234.0
69437056,KOMPLEMENT,0.37656427758816835,0.3867765892873513,3,4.729487286254546,63.11992786293958,70.0
69440761,SAMLA,0.7236372229009768,0.6494175612704268,36,4.699299328963003,10.370901505768854,6269.0
69440822,SAMLA,0.8026166097838453,0.7536449754519877,35,4.699299328963003,6.310344827586206,6269.0
69440836,SAMLA,0.8493304770880352,0.7866471836893728,36,4.699299328963003,4.574015813221841,6269.0
69442642,KALLAX,0.16382252559726962,0.14642602145917122,5,4.6729747312294485,103.43678160919539,145.0
69444330,FRIHETEN / KLAGSHAMN,-0.06666666666666665,-0.08575636666256499,19,4.496673062770249,675.8620689655172,224.0
69481596,BERGMUND,-0.055118110236220486,-0.034118779926519495,17,4.662024837848277,175.6739491503769,98.0
69484236,POÄNG,0.47330194349829696,0.35813094395405204,8,4.594758312254326,145.39080459770113,480.0
69488574,TORALD / SMÄLLEN,0.16964285714285715,0.17340896113186277,19,4.490181477931708,51.70114942528735,64.0
69494768,PAX,-0.32118294360385136,-0.37593538778410124,5,4.498759447134669,229.88505747126436,631.0
69501938,POÄNG,0.3032258064516129,0.10761121652962262,3,4.594758312254326,291.94252873563215,480.0
69501995,POÄNG,-0.1614420062695925,-0.04410248806800532,5,4.59909260926172,171.26436781609195,2853.0
69502061,POÄNG,-0.04020979020979021,-0.04307202235768013,5,4.59909260926172,133.6368505623996,2853.0
69502075,POÄNG,-0.24688796680497926,-0.1260168395792184,5,4.594768837731727,262.06896551724134,480.0
69507308,METOD,-0.3990825688073395,-0.4117116709551036,5,4.405291921225532,197.70114942528735,170.0
69507313,METOD,-0.33585858585858586,-0.3281039693648933,3,4.405291921225532,160.91954022988506,170.0
69509010,EKTORP,-0.3533479960899316,-0.2917592590744175,6,4.306607284138062,515.1881914339255,405.0
69516765,RUTSJÖN,-0.3423721340388007,-0.32858655660190744,8,4.489120016086488,137.96997116522346,56.0
69517053,FRIHETEN,-0.5835240274599542,-0.513288102172762,3,4.3223590495232,665.5172413793103,107.0
69521328,ÄNGSJÖN / ORRSJÖN,-0.2616279069767442,-0.2579434604488107,5,4.568230258419513,504.59770114942523,64.0
69554955,KOMPLEMENT,0.44246861924686187,0.45239910829841407,9,4.721454192283545,47.048491311711935,61.0
69561282,KUGGIS,0.8283141718228924,0.7211596938415799,6,4.694271627035631,3.3851925785564463,751.0
69563115,IKEA 365+,0.04220595271069927,0.06521494095686506,4,4.759443667911111,15.051724137931034,135.0
69568212,PAX / BERGSBO,-0.3343035803698353,-0.34338334501919276,8,4.570729002139326,267.22871300171244,71.0
69576189,TÄRNÖ,-0.16158536585365846,-0.06565164553093332,3,4.598546250664286,78.65994538962403,1774.0
69581505,BILLY / OXBERG,-0.2734375,-0.27411438213264083,5,4.578290676586667,228.52233676975945,102.0
69581548,BILLY / OXBERG,-0.3082074673357568,-0.3134982980594717,6,4.587229809756862,341.4925952415135,186.0
69581831,BILLY / OXBERG,0.08995815899581583,0.04933723936869761,11,4.682925896086822,120.67816091954022,240.0
69581911,BILLY / OXBERG,-0.29048825220026614,-0.29907514303752314,6,4.578290676586667,283.955502413354,102.0
69589851,METOD / KNIVSHULT,0.015151515151515138,0.014285000590085884,5,4.735363345733334,382.7586206896552,78.0
69597889,ANTILOP,0.3855887418773976,0.3748541668686994,4,4.588317852871749,19.326784399657644,205.0
69602032,EKET,-0.11989100817438689,-0.20245072428761418,5,4.306036460454427,24.47840141052013,445.0
69602126,EKET,-0.11393229166666669,-0.11308316600353205,7,4.412754887056412,40.150847291605444,60.0
69611814,EKET,-0.5838863620655739,-0.597482358181634,4,3.6457193321220345,75.04476405013574,100.0
69612205,BESTÅ,-0.9080188679245284,-0.9075707446702725,5,3.512192665208164,275.8620689655172,80.0
69829083,OMAR,0.031839622641509524,0.03300282961972111,17,4.594911877324999,90.17132551848512,494.0
69898415,TÄRNÖ,0.10796703296703297,0.05927930221705605,18,4.598546250664286,65.50574712643677,1774.0
69929233,TARVA,-0.5993955164941982,-0.5142160773118142,4,4.212720906535793,145.51108852090633,699.0
69929247,RÄCKA / HUGAD,0.26356589147286824,0.14581025156765434,5,4.4965445544652365,25.829145728643212,215.0
70014999,FÖRNUFT,-0.3211920529801325,-0.3096348736503828,25,4.499535419036584,11.482758620689655,1715.0
70032451,HUTTEN,-0.40555555555555556,-0.47179731255177354,25,4.499095372124045,14.93103448275862,872.0
70033766,IVAR,-0.6220095693779905,-0.6187229537880888,11,4.107695404561252,112.71415689810641,813.0
70064885,VESSLA,0.43257170965515956,0.4224304471361397,20,4.496453221103084,2.2988505747126435,209.0
70082295,PRESTERA,-0.3400793650793651,-0.36907085001743123,8,4.5769458512424785,13.06766995221956,104.0
70090380,DRAGON,-0.08180428134556578,-0.10592654783687595,7,4.578470092482645,8.034482758620689,103.0
70095429,TÄRNÖ,0.26182669789227164,0.2082780199982135,16,4.499411032326555,24.743786552321005,1349.0
70102972,SAMLA,0.7487987725588352,0.7162638198726976,36,4.599620411072475,1.7126436781609193,6845.0
70117172,IRJA,0.6923650345260515,0.6618158820625047,24,4.4983602468236255,2.293103448275862,473.0
70124262,HEMSJÖ,0.40635338535747656,0.35106561246251033,22,4.597894002579143,2.8620689655172415,1219.0
70128571,PYSSLA,0.13250054788516327,0.11728785056461445,24,4.498433620992996,3.283537282233985,496.0
70128613,LEN,0.26960471831753297,0.23135200783293244,12,4.321014144288722,8.164088924619298,148.0
70144849,SPATHIPHYLLUM,-0.4025526341800929,-0.41446707409184047,14,4.497385977890909,34.47126436781609,290.0
70149465,IKEA 365+ HJÄLTE,0.24044585987261147,0.134724767905341,21,4.778749593117809,5.735632183908046,292.0
70152702,TJUSIG,-0.2695283062395226,-0.1748511665800505,14,4.592129550424169,71.6994738500315,313.0
70152740,IKEA 365+ VÄRDEFULL,0.2917293233082706,0.22585150968287399,15,4.782371821563637,6.885057471264368,514.0
70153457,TORKA,0.15400268014533938,0.1618343825099421,6,4.662024837848277,8.03448275862069,98.0
70154800,VARIERA,0.5252100840336134,0.37356056741253846,29,4.598147141671692,7.154861944777911,1388.0
70161320,HOL,0.48176680237776237,0.38479890239726033,22,4.689461438254545,57.45977011494253,400.0
70176086,ANTONIUS,0.06370875995449374,0.039498913833919236,9,4.307636287405464,8.994589720468891,348.0
70176312,MANDAL,-0.26178010471204194,-0.2388347077822223,7,4.495576270276923,205.78114246386784,365.0
70182191,RISÖR,-0.32547169811320764,-0.3275904085865713,19,4.498166016379043,184.58698661744347,421.0
70186090,PRICKIG,0.6222222222222222,0.5565163193701291,33,4.698421104369319,1.6338621336766534,2772.0
70186655,PAPAJA,0.6437908496732025,0.6233467008147102,11,4.779983487710967,4.586206896551724,292.0
70186660,FEJKA,-0.1616915422885572,-0.22165238959128494,9,4.696222025034649,40.2183908045977,1148.0
70189022,FULLEN,-0.5002085418752085,-0.5210086108603491,4,4.121604328345946,36.195402298850574,278.0
70193321,MÅLA,0.15579710144927536,0.16760302765379786,23,4.498857987504113,2.3073373327180433,687.0
70205102,RINGHULT,0.06787317896294065,0.07346093115155293,12,4.587994844195392,64.36781609195401,199.0
70205480,BODBYN,-0.2952314719688947,-0.3775002351208895,4,4.1186984830128655,40.142963850557145,327.0
70213545,KORKEN,0.4095238095238095,0.38896371696432963,31,4.599234239033039,2.28735632183908,3387.0
70213550,KORKEN,0.21197718631178708,0.18211660758517298,33,4.599116609423669,4.022988505747126,2931.0
70213569,METOD,-0.12435342885464537,-0.15601692176535112,18,4.404421694179557,45.97701149425287,207.0
70214192,MALM,0.13135593220338992,0.08366411092324606,15,4.595871444041838,171.26436781609195,613.0
70214559,PAX,-0.47539864199469073,-0.38731772520248053,4,4.205845904822392,76.70956379428742,768.0
70214564,PAX,-0.5518867924528301,-0.5701761449904729,3,4.112841126888354,99.20634920634922,480.0
70217157,RÄCKA,0.6321790540540541,0.6617650562043944,8,4.658830665330842,5.741474201879678,1503.0
70217671,HEMNES,-0.07668711656441718,-0.12423880147537897,15,4.591514270978501,136.7816091954023,289.0
70217685,HEMNES,-0.052666451195862884,-0.0707050580437818,18,4.685316270634667,263.2183908045977,282.0
70217973,ADILS,0.7700172811059909,0.750495361929942,8,4.641531707130824,5.425219667777139,2252.0
70221395,RÄCKA,0.672352600318702,0.6280217023949743,16,4.497699660544001,2.5776361762995963,332.0
70225954,KONCIS,0.1218472404252221,0.14783214723602595,8,4.578820172279675,3.876939206396195,149.0
70227236,UTRUSTA,-0.24480600750938675,-0.22970436294971733,16,4.492875054782302,111.30663190741399,95.0
70228325,RESÖ,0.23650793650793656,0.15070513176591632,21,4.591959509846913,57.45977011494253,306.0
70234185,SKARPÖ,0.1428571428571429,0.22680253176718157,9,4.69529869924269,57.268041237113394,919.0
70234562,CLUSIA,0.48091603053435117,0.42919734623094036,15,4.686610581125836,6.846899794299148,311.0
70235627,DRAGON,0.0649762282091918,0.04874106188279353,13,4.666114470695385,6.885057471264368,112.0
70238541,BUMERANG,0.1951219512195122,0.12385163201947834,11,4.599741453075665,6.885057471264368,10058.0
70238862,MAXIMERA,0.5551724137931034,0.5344568706637672,3,4.585686160386813,5.247622171203673,164.0
70239710,STOCKHOLM,-0.30954204627912607,-0.3357485892209114,20,4.592743401644569,317.61220838855934,341.0
70240351,BEKVÄM,0.1747141041931385,0.19205817968832015,5,4.691362512138039,78.35243412675091,492.0
70242086,STORÅ,-0.7370786516853932,-0.6349848725792382,9,4.122281815994425,479.7118847539016,276.0
70242656,TJUSIG,-0.19861111111111113,-0.14074946754385714,20,4.498684446389542,11.509722642139936,594.0
70243873,HORNAVAN,0.35817523955045916,0.28807636147775423,26,4.598630326598528,22.224312389733402,1884.0
70245848,BESTÅ,-0.38549075391180654,-0.3807762419968969,7,4.101419822644405,28.735632183908045,4486.0
70246089,JANINGE,-0.2467409416146633,-0.2580570514713941,18,4.498690863724228,148.2758620689655,597.0
70246386,KOMPLEMENT,0.4311717861205916,0.36683497922662095,17,4.695629842450794,37.80718336483932,990.0
70248125,STORJORM,-0.8517241379310345,-0.8404452466811556,15,4.1303074937933655,157.0048309178744,193.0
70250316,FÄRVIK,-0.27620079039367684,-0.3021835503330238,6,4.490415252266668,113.36752091566328,66.0
70253541,AGAM,0.2868122774462109,0.13017454464727626,14,4.596257013204597,57.45977011494253,678.0
70255899,SORTERA,0.5492957746478874,0.49985468411572936,7,4.6964244165506495,18.79857172862844,1214.0
70256931,KOMPLEMENT,0.5973856209150328,0.5821350117558612,15,4.591345120233886,3.4482758620689653,283.0
70256993,VARDAGEN,-0.6919143562030076,-0.6859442291087396,6,4.082776577680809,14.764404029869123,92.0
70257186,KOMPLEMENT,0.23509485094850946,0.2602627449959194,3,4.497029081883395,9.6411355115158,253.0
70257431,FLAKNAN,-0.6464646464646464,-0.6398291812150808,3,4.407594512903818,26.238110856018366,113.0
70257624,ÄNDLIG,-0.004761904761904745,-0.05004129827566059,23,4.694031004323035,9.183908045977011,720.0
70257638,KOMPLEMENT,0.4374110953058322,0.35665123376318064,13,4.691028271263544,34.41156228492773,473.0
70258911,STELNA,0.5116096728100554,0.41513626052920577,26,4.596642888131958,0.8177335048295403,758.0
70258949,IKEA 365+,0.11751152073732718,0.0759825952693095,25,4.593737695169231,4.022988505747126,398.0
70261131,GERSBY,0.07196312137969713,0.0590572372657726,32,4.499431814530981,40.57493196364477,1399.0
70261150,MARKUS,-0.05999999999999994,-0.18219505814286807,27,4.4997269858224485,182.75862068965517,2931.0
70262003,LÅTSAS,-0.14963503649635035,-0.15857883907806367,23,4.689755537652093,13.233483791546986,412.0
70266299,MÅLA,-0.04464285714285715,-0.03992062856109165,24,4.694063182197305,11.34894960218229,724.0
70267067,GLIMMA,0.28623188405797106,0.38018163964689666,7,4.58544626363352,4.095778197857593,404.0
70267604,BRUSALI,-0.5022692889561271,-0.5780700435253191,3,4.302146606137019,99.99,1284.0
70269325,RÄCKA,0.814826655299801,0.8139975326093551,4,4.571683491200001,2.2988505747126435,74.0
70271489,DRAGAN,-0.3079268292682927,-0.3056191709113126,13,3.698685135835898,5.182026894063627,138.0
70273191,VOXTORP,0.057587047983614525,0.10099893710430716,8,4.496645338293334,40.80459770114942,222.0
70273596,FLISAT,0.003056234718826406,-0.007822205566187403,7,4.082776577680809,6.885057471264368,85.0
70276651,ALOE VERA,0.11203952814569537,0.12290450223442254,20,4.498726077832911,5.086324936822116,614.0
70277354,VÄRDERA,-0.570188097133758,-0.5932130108214378,28,4.499403173602965,62.99897391250272,1331.0
70277957,KOMPLEMENT,0.12925170068027209,0.029499344783588972,21,4.499813067376458,17.241379310344826,4289.0
70278358,IKEA 365+,0.01731034245159513,-0.007810936043664816,30,4.59877232855344,6.812682026885565,2104.0
70278363,IKEA 365+,0.7541353383458647,0.7142236474668079,19,4.787152963127122,1.7808836789900813,561.0
70280634,ÅRSTID,0.5083333333333333,0.5054195505425959,3,4.797781509184984,22.903780068728523,2779.0
70280907,ANNÅSEN,0.48198198198198205,0.3699373678461554,5,4.496340369047273,22.97701149425287,202.0
70283406,IKEA 365+,0.03359999999999996,0.03395868897852531,11,4.493059320606897,3.3588818755635708,98.0
70283519,IKEA 365+,0.05906242038216558,0.0378639364019596,16,4.839811136769926,27.43705321252417,115.0
70283524,IKEA 365+,-0.5103262646844263,-0.49624634936259193,6,4.4976730670242775,16.647883075066645,328.0
70286645,KALLAX,0.15430622009569378,0.08715447032733442,31,4.499732784995154,22.909507445589917,2995.0
70286768,LOMVIKEN,-0.6051622788841146,-0.5838250056793254,6,4.302700368299903,15.554513262591469,1017.0
70286773,LOMVIKEN,-0.6822139303482588,-0.6260872341795524,8,4.440023580629951,22.587613138561714,1017.0
70287937,IKEA 365+,-0.24286095848595846,-0.30879365122502844,18,4.6729747312294485,19.528735632183906,145.0
70289168,VÖRDA,0.24736842105263157,0.21369592681473856,9,4.805822131651766,9.785483397002645,67.0
70289248,VARDAGEN,-0.04965551955201808,-0.06871452174882445,16,4.595356294457041,6.231518158201014,543.0
70290459,BRIMNES,-0.1395931492685339,-0.2335235777537383,30,4.499048322920094,90.36217971537286,828.0
70290628,HOPPVALS,-0.12142857142857144,-0.10457255009486341,23,4.300990039387319,36.65196387313589,2805.0
70291232,JANSJÖ,0.5080656963980812,0.4728958688237369,20,4.4983993661836985,4.563218390804598,485.0
70292104,MOSSLANDA,0.6975953210989059,0.5487569408269001,36,4.699333163970693,11.482758620689655,6588.0
70292359,KNAGGLIG,-0.028357435732201175,-0.0029121573112282353,28,4.300981348732584,14.93103448275862,2830.0
70292364,KLÄMTARE,0.6326089719151099,0.5423973473512789,20,4.784007425748453,21.160519146200713,370.0
70292397,LANDSKRONA,0.7583635022794315,0.7512471676081285,12,4.495717453140426,22.988505747126435,170.0
70293274,BUMERANG,0.5087719298245613,0.45973415473019863,26,4.597590084357446,0.7982657037844227,1063.0
70294339,LISABO,-0.0714285714285714,-0.07697337626169447,25,4.597319836615637,169.20473773265653,954.0
70297658,LISABO,-0.05660377358490565,-0.022687084130890562,3,4.63965590671781,127.65640304927388,55.0
70298101,SNUTTIG,-0.041274272856071326,-0.04738181933510803,8,4.785011790314976,23.972861191431818,396.0
70299148,VIDGA,0.516949152542373,0.5049558135726212,19,4.405852242296471,5.727376861397479,152.0
70299247,MÖLLEKULLA,-0.8002421307506054,-0.8111279096627315,5,3.7620513809515796,229.88505747126436,77.0
70299959,TYSSEDAL,-0.2313337617726866,-0.23439908663962702,12,4.496220099485447,103.43678160919539,195.0
70301537,KALLAX,-0.12405130540376441,-0.20276290949976994,26,4.5985181349205915,216.42381090367184,1740.0
70302645,SPARKA,0.2632978723404255,0.2771559561561999,18,4.690465110801732,5.559507489557068,444.0
70305700,BUSUNGE,-0.1129392606136792,-0.11716785497185073,18,4.593884697630046,253.19579410999762,408.0
70308628,SYLT BLÅBÄR,0.20454545454545459,0.1882476076555024,3,4.756908897155556,4.817618719889882,126.0
70308685,ODGER,-0.3496835443037975,-0.33544738308644056,13,4.4907457608091965,145.9775419166282,69.0
70311541,LILLVIKEN,-0.09252500675858341,-0.09929555444549644,12,3.752288004578462,6.885057471264368,242.0
70311560,VIKANES,-0.03478773584905659,-0.06224559999784762,3,4.5775420792275865,86.20689655172413,98.0
70311697,SINNERLIG,0.03386454183266929,-0.051481398724899145,13,4.69474956041764,73.88316151202748,821.0
70313106,VARDAGEN,-0.21523178807947024,-0.1767808952423243,11,4.499592138394327,7.867448151487826,1956.0
70314318,LOMVIKEN,-0.7412131154571968,-0.7439149166766859,4,4.404215598264408,25.12506458980286,225.0
70314605,SKOGSKLÖVER,-0.39743589743589747,-0.3899649577765077,11,4.2027481346832545,51.62308385933273,1654.0
70314889,HORNEN,-0.5319746043430253,-0.5570282025586509,10,3.658093891284529,18.91680590254019,247.0
70318868,MAXIMERA,-0.5022628805249756,-0.5472835405214472,8,3.945638726896804,66.63858611655425,201.0
70319028,LACK,0.5580357142857143,0.3920591055925701,5,4.669619870278622,12.937545858690491,3406.0
70319354,MAXIMERA,0.32110091743119273,0.2977953031509436,5,4.594274464154725,39.08045977011494,437.0
70320319,NISSEDAL,-0.12447449314015774,-0.13225206005814386,18,4.69917599722978,58.98766175692201,5328.0
70320569,LÅNGFJÄLL,0.2767857142857143,0.28343267181794546,13,4.409566165292309,22.988505747126435,86.0
70323596,BILLSBRO,0.38820638820638814,0.34697215548666016,5,4.597478103766117,13.793103448275861,1015.0
70325468,KRUX,-0.31578947368421056,-0.34587166694425386,17,4.406296716394937,45.06311992786294,140.0
70326420,ANVÄNDBAR,-0.4387417218543046,-0.43528680732749087,3,4.565722120926317,24.45777572681126,58.0
70326788,KNOXHULT,-0.4610702623453362,-0.4781255168024058,14,4.309910926207092,183.33333333333331,264.0
70328532,BROGRUND,0.16337495066910632,0.05916991966665158,6,4.411054235448891,10.517178127716832,72.0
70328589,VOXNAN,-0.4858942908117752,-0.4405633324816911,20,4.305703839164082,16.655172413793103,472.0
70328669,LIXHULT,-0.16620816139385605,-0.17584343004035477,20,4.402438434290197,44.743927005569375,390.0
70330945,PLATSA,-0.4614914425427873,-0.46715046289038864,21,4.209435074312936,79.3103448275862,469.0
70330950,PLATSA,-0.008254716981132115,-0.005093699170810461,5,4.496373338695496,36.91739732348869,204.0
70330969,PLATSA,0.07993973363755857,0.07883615571247746,8,4.582515981143624,53.30244570423085,131.0
70330974,HJÄLPA,-0.3602594339622641,-0.3474970540670075,5,3.6457193321220345,20.074022959663758,100.0
70331394,RANARP,0.1673469387755102,0.10130574836417816,7,4.594445375672494,27.272074659009334,451.0
70332124,EKET,-0.21088435374149658,-0.21139179814861084,7,4.107042820694272,17.689586217505,891.0
70333722,CISSAN,0.3032345013477089,0.2740922526299885,3,4.694724408611258,4.586206896551724,817.0
70333982,BROGRUND,0.15625000000000006,0.10878773650832477,5,4.494999262052175,22.97701149425287,143.0
70335189,KARLBY,-0.7542072181670721,-0.7807902154615224,10,3.818118097066667,197.10093698290478,633.0
70335486,FJÄLLBO,-0.06180833729377422,-0.05993003975193338,16,4.498312119896017,80.44827586206895,459.0
70335542,ULLVIDE,-0.2531645569620253,-0.2493649336308808,5,4.300772920683185,27.574712643678158,3611.0
70336594,SVARTHÖ,0.6418732782369145,0.6237244264941193,15,4.787045680982046,15.757439134355277,461.0
70337701,NYMÅNE,-0.01851851851851849,-0.04840154364299408,21,4.596064775212085,45.96551724137931,644.0
70337819,GLADOM,0.691860465116279,0.7051767234331937,5,4.69861648278593,13.757742601514106,3166.0
70338041,SETSKOG,0.27739446655855327,0.25164088788607375,10,4.585364501069662,42.143674783237245,160.0
70338418,BAGGANÄS,0.6563362862402209,0.6099623192913518,6,4.69378685640395,6.728039719071261,691.0
70338456,LÄTTNAD,0.1990049751243781,0.19238307600799615,17,4.497307294951171,1.5752993068683048,281.0
70339291,FJÄLLBO,-0.04539295392953935,-0.05694668168920953,21,4.594661641783606,127.32882750514253,470.0
70340044,EKET,0.5225627462601998,0.507017409876997,20,4.586571552527835,5.873563218390805,176.0
70340299,KALLAX,-0.06597222222222221,-0.07941338241614866,11,4.402363138219478,28.735632183908045,403.0
70340384,BURVIK,0.24804687499999994,0.26723164813082884,7,4.596607918216667,38.30179972311952,750.0
70340567,GRÄLVIKEN,-0.07954545454545459,-0.15746202654405222,5,4.402577412410363,540.8025247971145,368.0
70342199,FJÄLLBO,0.07033092570754718,0.045510180414596084,24,4.596123335104761,81.8631398771324,654.0
70342726,ULLVIDE,-0.18396595055633955,-0.1617874416546247,6,4.300772920683185,23.551724137931032,3611.0
70343938,BEGÅVNING,0.09859646588665799,0.12380631856306948,20,4.679605931437037,11.465892483311608,198.0
70347516,ENERYDA,0.6178218222384064,0.5953592215100642,16,4.686928430832048,11.3630847063028,319.0
70349860,MÖRKRÄDD,-0.026748971193415627,-0.027731932001767528,23,4.010347072210101,7.826427661866981,774.0
70350113,GLATTIS,-0.39603174603174607,-0.4459388320095808,23,4.593320208180513,17.93969849246231,372.0
70351513,BESTÅ,-0.23538011695906433,-0.23353607590912753,15,3.92983546624,14.367816091954023,317.0
70351645,HÄNGA,0.9096638655462186,0.8658354878809902,5,4.789075495053521,5.145977735769796,550.0
70351725,FRIDHULT,-0.7953488372093024,-0.7163812991922164,11,3.4060963326040823,228.73563218390802,178.0
70353890,BEHÖVD,-0.4375,-0.4454797378469502,25,4.2037478639399675,5.735632183908046,1208.0
70354309,ALLEMANSRÄTTEN,0.5777906976744187,0.5505594882552073,20,4.598833354765069,1.7126436781609193,2215.0
70355455,TERTIAL,0.4345238095238096,0.464068097826525,15,4.598723606658696,16.88458070333634,2023.0
70356822,STORABO,0.3862068965517242,0.3798339861174796,3,4.635218841035296,10.396975425330812,64.0
70357223,DVALA,0.07769423558897243,0.07577650194224421,5,4.400108801530009,16.065881092662025,9136.0
70358487,SVALLET,0.5139442231075697,0.4772223573565851,29,4.499361016817778,4.780460798092074,1242.0
70359199,IKEA 365+,0.5454063492063492,0.5133585234133573,32,4.6985590059504085,2.949380133000716,3039.0
70359203,IKEA 365+,0.323015873015873,0.28724500039061085,27,4.6944449951959655,4.586206896551724,775.0
70359401,DAIDAI,0.8218650840286755,0.7716392749751876,16,4.79069697329895,1.7126436781609193,649.0
70359420,DAIDAI,0.7463768115942029,0.73657962685324,3,4.79069697329895,3.4367816091954024,649.0
70359991,NORDVIKEN,-0.4232365145228215,-0.4233078147357431,7,4.585028052818391,665.5172413793103,156.0
70360334,SJÖRAPPORT,-0.14975721952466137,-0.13450221601755313,14,4.687413946258287,8.86963668350478,373.0
70361786,IKEA 365+,0.15839243498817968,0.15483027153598938,11,4.4003301962132095,1.064690600911375,2995.0
70366784,SONGESAND,-0.7727272727272727,-0.7602128545034162,3,4.114210847089778,183.0108232207281,432.0
70366798,SONGESAND,-0.8049302122492119,-0.6687284172186727,14,4.028957177351237,260.22708176869287,265.0
70367444,SONGESAND,0.3086232980332829,0.2988726281379952,11,4.812987839026088,49.407733241074816,669.0
70367458,ALEFJÄLL,-0.2866071428571429,-0.28012789575289576,4,4.4991152540553845,400.56971264367814,892.0
70368716,NORDVIKEN,-0.6279369400322437,-0.6275307306226418,14,4.314044629097488,171.26436781609195,181.0
70368815,NORDVIKEN,0.004347826086956497,0.00023952782359100145,5,4.718353699873685,332.183908045977,58.0
70370856,STUK,0.5072687989924651,0.4904071297739987,24,4.596531133409321,11.363847771641927,733.0
70373058,LENAST,0.11307768807768803,0.06942746799558024,20,4.496995825337313,22.940395781490697,250.0
70373100,LENAST,0.37864077669902907,0.40676914807409237,21,4.497961724532658,11.482758620689655,377.0
70373591,JÄTTESTOR,0.0892857142857143,0.004408604468092598,31,4.893210246980832,27.5223675154852,1161.0
70378070,OMTÄNKSAM,0.8242506811989101,0.6853743576759536,31,4.698756318800226,4.586206896551724,3524.0
70379692,KUNGSFORS,0.22186240644789867,0.21399911058266236,8,4.177046761330121,2.9643941620139094,65.0
70381275,TISKEN,-0.06364078194189439,-0.07519760224909196,34,4.301065122404878,3.615149508079094,2606.0
70382086,IKEA 365+,-0.07463768115942027,-0.09148925206519747,3,4.401500574947813,3.581875708912901,645.0
70386715,GJERTRUD,0.4021077792264233,0.2334877587351285,12,4.593692206272155,26.425287356321835,395.0
70387140,KNOPPÄNG,-0.5543478260869564,-0.5471365707231741,13,4.400685179883196,17.229885057471265,1434.0
70387258,RINNIG,-0.05680000000000002,-0.08531939177113333,25,4.498958449146702,4.29553264604811,755.0
70389139,UNDERVERK,-0.8740740740740741,-0.8634853628300069,15,3.5561924221908496,367.044738500315,288.0
70389144,MATTRADITION,-0.8029197080291971,-0.779762894904924,11,3.7697173394379493,276.8804799261652,177.0
70389342,RYTMISK,-0.7299270072992701,-0.6913286129974785,13,4.003040012272166,253.95732966276665,79.0
70389356,BORGEBY,-0.4382911392405064,-0.4513955294837347,19,4.402892096483722,114.9310344827586,326.0
70390562,LILLREVET,0.16176470588235298,0.1536794098269814,11,4.320107058923742,5.735632183908046,121.0
70391712,FRÖSÖN,0.045454545454545414,0.08950870662145449,17,4.591139051668028,11.741554608068219,276.0
70392542,STRANDMON,-0.0625,0.1295114923787548,19,4.5932509875398955,148.2758620689655,368.0
70396390,RANARP,0.06464617719597793,0.017063492156897304,6,4.642037910400001,39.80526108873062,58.0
70396861,FRIDANS,-0.42391304347826086,-0.4543016485434626,21,4.101863310370163,34.47126436781609,3414.0
70396917,FRIDANS,-0.3007246376811594,-0.29114318191044536,5,4.101863310370163,31.034482758620687,3414.0
70401952,NYTTIG FIL 440,-0.4874065789245522,-0.48617818695272125,14,3.5418009440744194,44.40869771299917,68.0
70402032,CACTACEAE,0.6113110663211441,0.5039682534448244,20,4.792054905493471,6.812682026885565,763.0
70403593,MALM,-0.03938734960261059,-0.08567358857688714,16,4.59785586929251,150.1961320926838,1197.0
70404026,KOMPLEMENT,0.4952928870292887,0.4999352184315603,19,4.6545864040247436,15.779981965734896,79.0
70404875,FRANKLIN,0.4042056074766355,0.3209576055018399,9,4.597438427915831,40.2183908045977,999.0
70405361,RINGSTA,0.08995815899581594,0.08383460906693183,13,4.498906088573913,22.97701149425287,718.0
70405403,SKOTTORP,-0.13696581196581195,-0.13854717143815484,6,4.31189311144851,22.748650021247265,217.0
70407299,BJÖRKSNÄS,-0.6113338954689257,-0.6140525050793556,14,4.40614124191605,401.1494252873563,144.0
70407360,BJÖRKSNÄS,-0.023673115079365092,-0.031587391183756156,18,4.593320208180513,126.36436984064603,372.0
70409750,SMYCKA,0.2235099337748344,0.1330619772534031,5,4.646926279402411,6.152899553914782,65.0
70409825,DR. OETKER,-0.4885057471264368,-0.4095210027764588,15,3.8499783101288134,2.99,218.0
70409873,BRIMNES,-0.24938875305623465,-0.22540996369480712,11,4.49839617767012,153.36479277800575,484.0
70410089,VIMLE,0.4318181818181818,0.4417691453089683,3,4.251627878543821,11.494252873563218,71.0
70411767,ANRÄTTA,-0.7663438256658596,-0.7169415944923195,7,4.042784017005715,573.5632183908045,52.0
70412601,VÅRBRÄCKA,0.27450980392156865,0.24412252496646325,9,4.598047137324138,28.72413793103448,1329.0
70412875,KVARNVIK,0.12879990475434555,0.13134825704761566,16,4.597796007775296,8.034482758620689,1164.0
70417024,TIDVATTEN,0.41714285714285715,0.3164073785163431,7,4.673779054704763,3.313325330132053,150.0
70417241,ENTUSIASM,0.09266783165865738,0.07030989571782549,24,4.791920418216667,14.93103448275862,750.0
70417496,SAMMANHANG,0.0007064494680851241,0.12671913469941384,4,4.5578468228905695,3.2411801345703957,75.0
70417665,FÖRBÄTTRA,-0.04688841265236776,-0.05631251080933064,6,4.412593432789874,43.0732895277517,61.0
70418518,SORTSÖ,0.38811188811188807,0.37001624592479093,23,4.596304796014752,5.505849965588437,687.0
70418778,RÖRKÄR,-0.11842105263157898,-0.1270642803234481,17,4.588623935329258,24.47840141052013,211.0
70419264,SKOGSTA,0.009523809523809601,-0.044257357775289136,25,4.794184518453983,539.5032155034745,1049.0
70419971,JONAXEL,-0.2010713306923786,-0.13763424436345237,12,4.306183365465487,33.06548595167814,434.0
70421059,KULINARISK,-0.4993860049581905,-0.4838845157860925,8,4.408576561986208,832.183908045977,98.0
70421238,BERGSHULT,0.3062015503875969,0.3018970264048993,17,4.498198839352125,11.744539132138309,429.0
70424703,UPPLAGA,0.26425855513307983,0.2467921534047822,19,4.66784584810511,4.1293874741913275,119.0
70426801,STOENSE,-0.16083916083916083,-0.13448592928377023,19,4.597111841674501,50.1787842669845,884.0
70427315,EDSBRUK,0.11682242990654201,0.11476298295762359,5,4.5959103315390895,6.8390804597701145,619.0
70428904,EKET,0.2466871047427709,0.24409121462616498,4,4.498642295430692,17.241379310344826,575.0
70429003,STORAVAN,0.1550058275058275,0.2043222954602129,28,4.401467376387021,2.698043714419598,660.0
70429970,MALM,-0.360655737704918,-0.3588273364319957,11,4.010129643004203,40.229885057471265,791.0
70430780,VIRRMO,-0.2912155745489079,-0.2892258649923458,18,4.404197810929959,39.85291812098258,219.0
70431548,FRIHULT,-0.46001622646359486,-0.4771045127672214,4,4.031511594610527,32.83732313488667,58.0
70433104,UPPDATERA,0.13471237194641447,0.15027873565876002,14,4.497537862967585,26.425287356321835,309.0
70433364,BROGRUND,-0.10971457720413785,-0.11257152667406423,20,4.597803441138617,18.10610774842498,1168.0
70434113,SMÅSTAD,0.005464480874316946,-0.01784558400747138,7,4.246412941317173,9.195402298850574,82.0
70436796,JULKAKTUS,0.40909090909090906,0.44193960812691696,11,4.405466380167034,5.735632183908046,164.0
70437159,VRENA,-0.6729934535019281,-0.6861858110459853,8,4.101171372720989,228.73563218390802,63.0
70441769,ÖRFJÄLL,-0.2248279686078253,-0.261671486366629,16,4.206462561449227,50.25363123771592,693.0
70442617,NATTJASMIN,0.07002457002456997,0.056370841223301896,5,4.499395556449249,46.14674665436087,1314.0
70442764,NATTJASMIN,0.5647482837528605,0.48098890742866696,8,4.499295609090463,8.034482758620689,1125.0
70444292,IKEA 365+,0.03809523809523807,0.032308249924805583,9,4.5791590495232,4.887844059163483,107.0
70444956,LÄRBRO,-0.05555555555555558,-0.15430961291073272,25,4.5965631677973615,13.387787895018748,740.0
70445673,GODTAGBAR,0.6428571428571429,0.6566328121862046,5,4.828525724914288,6.052523594583505,94.0
70445791,LENAST,0.05238095238095242,0.05466299911885347,19,4.31287963682212,15.228426395939087,199.0
70446154,HÄNGIG,0.07193396226415094,0.06818685195725359,19,4.238612446978152,6.885057471264368,101.0
70448737,BOAXEL,0.04669017470748518,0.043179380480816,18,4.319012797213606,11.131189609789505,129.0
70448742,BOAXEL,0.5232558139534884,0.5245951716024797,7,4.584853960409303,5.747126436781609,154.0
70449020,ENHET,0.12348093083387202,0.10972760626429978,12,4.325641111838533,8.822675056829503,91.0
70449181,KLOCKREN,-0.5807984790874525,-0.5719557214530502,7,4.489265082538668,22.919550838332565,57.0
70449195,KLOCKREN,0.13361192865947225,0.07428972527674782,8,4.655049808065307,5.735632183908046,80.0
70449888,NÄVLINGE,0.26111111111111107,0.17287643371229103,24,4.499698344395054,15.079730439348854,2651.0
70450400,BOAXEL,0.5569423499219515,0.46201224523140666,8,4.649941831709092,13.331650451258644,70.0
70451782,ALFTA,-0.060945273631840796,-0.054667154464977614,14,4.222634882711331,2.92570780606867,185.0
70453762,RAKKESTAD,-0.5248124035872095,-0.5575680077260228,22,4.402340896918589,194.25287356321837,407.0
70453842,FJÄLLARNIKA,-0.32282943890086746,-0.31443085917112806,8,4.400297068136877,83.41109715865375,3331.0
70453998,KROKFJORDEN,0.04069767441860464,0.02117098333923518,21,4.208785623691014,8.034482758620689,505.0
70454097,VOXTORP,-0.1925925925925926,-0.19043999002280187,3,4.402584106988053,58.62068965517241,367.0
70454813,FÖRENLIG,0.8857505438723713,0.8291010448171584,18,4.795890649794966,1.482758620689655,1492.0
70455087,SAMLA,0.6741162586906739,0.5682614696982231,30,4.596977820406497,3.371384622379159,844.0
70455695,KALAS,0.8722044728434505,0.8251743137682028,25,4.791626020499866,0.7691124442393478,723.0
70456586,MÅLA,0.5141970618034448,0.48387215890986374,22,4.786655658473979,5.159195764436622,447.0
70456591,MÅLA,0.29562043795620435,0.24586512264688787,31,4.696389246877377,5.247622171203673,1202.0
70456807,FJÄLLHAVRE,-0.21354380327271066,-0.2242790689047982,6,4.4987983301349255,147.17800026947754,652.0
70457005,SMÅSPORRE,-0.13432835820895528,-0.045649357965443636,13,4.499484228821525,14.312714776632301,1543.0
70457152,GLADELIG,0.4121645451038739,0.36130326777242083,18,4.696739364315619,3.995621237000547,1333.0
70457487,NOJIG,0.805130693445286,0.7826782099223316,34,4.698605533773472,0.5747126436781609,3141.0
70457977,SMÅSPORRE,0.23123839595085205,0.20211838289548945,16,4.597761925421306,25.05817116338128,1146.0
70458057,FJÄLLHAVRE,-0.2055084745762712,-0.19992619264846004,17,4.4987983301349255,214.64465183058147,652.0
70458528,FJÄLLBRÄCKA,-0.3061224489795918,-0.2858497743518095,11,4.401293733667621,88.44793108752499,751.0
70459047,FJÄLLARNIKA,-0.2574370709382151,-0.20917732787613014,17,4.400297068136877,80.44827586206895,3331.0
70459896,MÅLA,-0.05592105263157887,-0.09329422224550146,25,4.695033687926043,11.482758620689655,869.0
70459976,UPPDATERA,0.30289598108747046,0.3169120725672558,12,4.494668087353642,10.333333333333332,133.0
70460017,UPPDATERA,0.5871212121212122,0.6088250224567171,15,4.584017676014724,5.735632183908046,145.0
70461088,MÅLA,0.5808442444080741,0.557892496134332,30,4.795288444335915,4.607918263090677,1299.0
70461385,KALAS,0.7340432254802831,0.6980728371707001,32,4.7949012992525875,1.718390804597701,1199.0
70461644,LUDDROS,0.2129360465116279,0.23028476905031603,4,4.301258388649437,6.8802438078964645,2203.0
70461677,LUDDROS,0.7831968313641245,0.7139368483591514,30,4.598074561116333,3.9829497745601508,1335.0
70461984,ÄNGSKORN,-0.3073770491803279,-0.26317887836312187,5,4.302032640865746,46.14674665436087,1357.0
70462479,UTRUSTA,-0.2565011820330969,-0.213820552493905,3,4.238612446978152,51.72413793103448,101.0
70462530,MORSNING,-0.6725768321513002,-0.6665249123234056,3,4.408088464962603,31.359387742299727,105.0
70462790,ANNAKAJSA,-0.303921568627451,-0.41568249213186437,9,4.497892359137173,76.80372381691234,364.0
70462827,HULTARP,0.7441176470588236,0.6949468449233016,5,4.7879042518331385,7.988505747126436,495.0
70463469,SÖDERHAMN,-0.22222222222222224,-0.24299959299959303,3,3.759889344451102,163.62330734509644,209.0
70463600,VÅGDAL,0.2802197802197802,0.27606054397812035,19,4.3169386738812126,5.250997689561016,147.0
70464275,SOLKLINT,0.40017481096024066,0.3707249185874018,20,4.687043768207059,26.83616800474953,322.0
70464459,MALAREN,-0.36708722922353215,-0.37080184394475824,6,4.193164112102565,8.14662885350167,112.0
70466364,SKAFTET,0.17729083665338646,0.16376276416429153,10,4.495178929283833,16.82009929767815,149.0
70466793,KOMPLEMENT,-0.0063927031245866045,0.008407290293477613,14,4.315189571686957,14.367816091954023,166.0
70466811,FEJKA,0.39690686218352617,0.4452959899559646,26,4.696949363705263,5.735632183908046,1426.0
70467066,DRÖNA,0.48591549295774644,0.3312913915359685,7,4.69705540186524,3.707365299060801,1478.0
70468240,STUDSVIKEN,-0.07094815968744975,-0.06097249822381312,4,4.41081392598261,34.16185308361048,74.0
70470993,MITTBACK,0.676,0.6173039895487892,3,4.686276888443614,40.229885057471265,303.0
70471092,VESKEN,0.7575366063738157,0.6306810728161683,20,4.69423413768377,8.084004803155958,746.0
70471841,SANDVEDEL,-0.23061660561660563,-0.30575843045467266,10,4.207293462206985,42.00643229471901,612.0
70472930,KABBARP,0.6261792452830189,0.6169483742301469,15,4.659586065966973,6.882312456985547,91.0
70473604,LINNMON,0.40625,0.34081123564789495,3,4.6739342082272195,17.241379310344826,1315.0
70473717,VÄLVÅRDAD,-0.3330404217926186,-0.33026429404830115,3,4.402875379163006,5.182026894063627,328.0
70474062,BESTÅ,-0.5038746612392385,-0.48171036366675385,8,4.356477445571937,88.15572532262937,2240.0
70474750,TROTTEN,-0.18375000000000002,-0.17704072410777738,14,4.234547978875189,68.9655172413793,115.0
70475622,FINPUTSAD,-0.9073630330326563,-0.8898310808570802,10,3.7212195369322845,736.4153525452318,109.0
70476363,RINNIG,-0.2829865016872891,-0.29624771980918196,18,3.9343466707573884,3.442528735632184,273.0
70478814,SMAKSINNE,0.4395150720838794,0.4420925034085658,6,4.676568516970213,2.1486686663590215,170.0
70479291,SVANSELE,-0.5668103448275862,-0.5586197577124902,17,4.5775420792275865,112.4887285843102,98.0
70479644,FÄRGKLAR,-0.246179925760324,-0.3261657079607384,12,4.596507883633244,11.459770114942529,728.0
70481091,BERGMUND,-0.10815047021943573,-0.10485612822869661,11,4.0470970183356325,15.382248884786955,156.0
70481171,BAGGEBO,0.23321759259259262,0.24833455814702568,5,4.5713723207736265,24.99,73.0
70483071,OMAR,0.2137592137592138,0.2135175791252288,13,4.659953465367273,60.759883094908474,92.0
70483274,VIHALS,-0.39002732240437155,-0.39526011374850684,15,4.493559049523201,171.26436781609195,107.0
70484301,ULLVIDE,-0.26666666666666666,-0.26583369149219216,3,3.9124936014880003,19.99692355022304,782.0
70484344,ULLVIDE,-0.24044943820224718,-0.24956728846223772,3,3.9124936014880003,18.379310344827584,782.0
70485094,TROTTEN,-0.5335263240745253,-0.5201356912538259,4,4.117714352327978,113.03591921053511,343.0
70485225,RADARBULLE,-0.6418269230769231,-0.5858815926662255,17,4.403591628846209,27.529249827942188,259.0
70486178,UPPDATERA,0.32343997769529687,0.3259687240956096,14,4.492106678337255,8.695859218837601,84.0
70486201,BERGMUND,0.05329153605015674,0.04875687979026509,9,4.3054694348148725,12.873563218390803,493.0
70486215,BERGMUND,0.0163265306122449,0.023169291988640112,3,4.3054694348148725,17.946877243359655,493.0
70486654,KRANSBORRE,0.5862424875881892,0.6080374179210326,20,4.595954784457143,10.1429090484753,626.0
70486729,VANNAREID,-0.6730103806228374,-0.644436395726225,11,4.032263311773229,117.54334410813988,236.0
70487229,LINNEBÄCK,-0.015356520897832848,0.1364774841453256,6,4.494330149228169,65.64697440571399,124.0
70487795,HUVUDROLL,-0.45918367346938777,-0.43451514535967223,21,4.499099419676063,7.826427661866981,876.0
70487837,IDANÄS,-0.64119804400978,-0.6434143953442413,15,4.405024652476768,516.0919540229885,181.0
70488318,BESTÅ,-0.04495047724895398,-0.06503177786213332,22,4.027316270634667,7.315792551861744,282.0
70488808,LÄTTBAKAD,0.1789855072463768,0.1892220644455341,3,4.562784017005715,3.4367816091954024,52.0
70488969,MÅLA,-0.45689655172413796,-0.43429879410780114,19,4.402934752774042,11.24887285843102,321.0
70489092,TONSTAD,-0.6577473338411731,-0.6270966305034732,6,4.2321320362965045,565.2657534886491,125.0
70489394,MILLBERGET,-0.2629310344827587,-0.20478773740709474,27,4.301765559817056,113.79310344827586,1565.0
70489695,BEKRÄFTA,0.2631543803418803,0.23537183260745195,6,4.3077851843743735,19.681061898604725,341.0
70490948,BJÖRKÖVIKEN,-0.06721698113207542,-0.06465504660670797,7,4.496437527391151,51.72413793103448,208.0
70491090,TRETUR,-0.2215189873417721,-0.3166739495885216,15,4.3025759273644235,45.91954022988506,1067.0
70491575,FEJKA,-0.7238805970149254,-0.7296119135094756,17,4.492183312528156,68.1348933241569,85.0
70491698,HEDEVIKEN,-0.05243182599993751,-0.05900310147656872,8,4.496830240907086,57.47126436781609,236.0
70492202,FLINTAN,-0.017977799227799213,-0.03375754162456647,16,4.400820859067987,67.9801106380701,1194.0
70492264,CHILISTRÅN,0.4626038781163435,0.449371149723001,19,4.7847164561339905,13.781609195402298,388.0
70492570,VOLLERSLEV,-0.38620689655172413,-0.3453023023054783,5,4.593997422097695,156.76557305062417,416.0
70492645,MARIEDAMM,-0.019108280254777066,-0.014961150816841918,9,4.6878980252483515,228.73563218390802,346.0
70493013,EKOLN,-0.08470715161675904,-0.02522297104388515,18,4.498912001608649,11.482758620689655,722.0
70493447,VISTHUS,0.06956066945606698,0.06298185100780036,5,4.740335396061539,228.73563218390802,86.0
70494300,BROR,-0.07785866477272729,-0.08565779561900556,14,4.658442275381133,228.62898447683375,88.0
70494588,EKERÖ,-0.24209853590518243,-0.19713337807896336,18,4.413628509457536,228.73563218390802,55.0
70495347,MÅLA,0.5054232804232803,0.5163729173112511,18,4.770167698030769,4.586206896551724,190.0
70497582,FRÖTORP,0.06643356643356635,0.03588168656300673,19,4.678615928108739,159.77011494252872,188.0
70497822,STRAUMEN,-0.15955983493810183,-0.17135648019799074,7,4.48897097521096,59.99077065066913,55.0
70498195,MITTZON,-0.3833703806612948,-0.39053985205869846,6,4.320857322316418,171.26436781609195,116.0
70500527,FELFRITT,-0.5781636632907433,-0.34806958380675496,4,4.4963569284633484,27.008636263460915,203.0
70501843,DRÖNJÖNS,0.15999999999999992,0.15376068376068375,3,4.691766133066169,6.885057471264368,517.0
70503309,TAGELSÄV,0.06282722513089006,0.05279583782009801,27,3.925303496684557,4.586206896551724,377.0
70503583,SALUDING,-0.8008757062146892,-0.6958688532278771,18,4.2450478548078445,55.881874716221944,84.0
70503917,HEMMAFIXARE,-0.05871793514696022,-0.08756670158697824,30,4.6956939210072335,19.71193156702807,1005.0
70506096,LAGAN,-0.4957153513263911,-0.4641162594039358,12,4.253428851051164,175.69079526963299,68.0
70506237,ÄPPLARYD,-0.8701298701298701,-0.8749550902948597,9,3.5741158672,1090.8045977011493,214.0
70506416,MUNSBIT,0.18965517241379312,0.21511323459339696,13,4.497435927357962,1.9841269841269842,296.0
70507350,KVARNVEN,-0.3635204081632653,-0.35137331373587655,21,4.3040980662615835,55.05161734342738,664.0
70507487,SKRUVSHULT,0.4803328290468986,0.4867296872912405,19,4.573948811904,5.63570784490532,82.0
70507963,IKEA 365+,0.08826246754560474,0.0881155654768524,28,4.697440372568507,9.183908045977011,1703.0
70509702,KRINGSYNT,0.6733040988007875,0.6142143606155882,20,4.780238475128662,6.286836986570568,296.0
70510300,NÄMMARÖ,0.7756410256410257,0.7307696308159941,21,4.788799424531407,22.988505747126435,536.0
70510828,BRUNBÄR,0.34191176470588236,0.29732682383049847,3,4.5906626565964155,4.398080125379567,261.0
70510885,FYRTIOFYRA,0.1116390306122449,0.10353835361039952,14,4.493346125540497,18.80584756056916,103.0
70511111,ÅNNELAND,-0.797467560960321,-0.7005137157552415,4,4.010142179691089,717.2413793103448,790.0
70512667,TOLKNING,0.6671678321678322,0.670396942800789,4,4.669408897155556,81.99834273605185,126.0
70512988,SKOVELSJÖN,0.352759009009009,0.3174838929086593,28,4.499384935974332,2.28735632183908,1291.0
70513412,FRIDFULL,-0.2100059587279684,-0.21793896332125243,14,4.666878805942858,23.7277064523865,115.0
70513884,UPPSTÅ,0.8345070422535211,0.8279245147211449,21,4.877450369550423,3.1302929552725676,337.0
70513916,STUBBARP,0.4187158469945355,0.4339302640504168,5,4.498979570583524,5.877167205406994,771.0
70514100,KNÖCKLA,-0.8722826086956521,-0.8503124701385572,10,4.108595270417204,43.962780539306095,726.0
70514628,FILFISK,-0.10987261146496818,-0.15964654190502287,15,4.685926137988499,14.683122734841806,295.0
70515109,HAVBERG,-0.4335347432024169,-0.20221341374120838,17,4.571683491200001,489.75413850524046,74.0
70515500,DRÖNJÖNS,-0.5426621160409557,-0.533078272581128,19,4.311995198242061,14.93103448275862,215.0
70515524,DRAGON,0.5685740348467743,0.5655886929829954,6,4.809032740800001,4.586206896551724,70.0
70515915,HOVET,-0.4468599033816425,-0.4208061390973572,25,4.596984816192593,159.77011494252872,846.0
70516552,ODGER,-0.09739276471559932,-0.10751836288922399,6,4.499105423544889,88.62068965517241,882.0
70516934,BLÅVINGAD,-0.009615384615384637,-0.08189770450893614,11,4.40888286777143,22.520288548241663,94.0
70518179,TRÅDFRI,0.19183673469387752,0.17206948310601605,11,4.324516501670176,9.075526842024304,96.0
70518565,TROFAST,0.6523224043715847,0.4957633494903273,9,4.686276888443614,9.195402298850574,303.0
70518688,GULKAVLE,-0.5,-0.49470479599133993,13,4.054632541269334,45.96551724137931,132.0
70518985,SÖDERHAMN,-0.24609375,-0.24535048890063424,3,3.759889344451102,148.2758620689655,209.0
70519008,SÖDERHAMN,0.1953125,0.17334056431356032,7,4.248367170425264,91.95402298850574,77.0
70519763,GRÖNSTA,0.05357142857142855,0.0020507917387272575,11,4.583083644093506,68.1348933241569,136.0
70520926,BLÅSVERK,0.18733113812901048,0.16499562398720227,18,4.498059954675663,15.438199755415457,397.0
70521539,HASVIK,-0.6460880195599021,-0.6968878304090372,7,4.304241094370865,236.5456821026283,642.0
70521978,RÖNNSPIREA,0.5771144278606966,0.5795683056307765,13,4.664759049523201,1.1379310344827585,107.0
70522478,STRIMSÄV,-0.011952191235059778,-0.010903796246158516,13,4.167314538846316,10.396975425330812,77.0
70525170,BELÖNING,0.24999999999999997,0.237659271139624,3,4.409044374458182,0.9080459770114943,92.0
70525269,BILLY,0.36733382230915124,0.37047094936763325,6,4.497334043676822,6.0002545181462015,284.0
70525679,ISTAD,0.608345382687488,0.5489862619369769,30,4.796433839764598,3.6302261295704588,1722.0
70525919,PERSBOL,0.2,0.001000600925021627,9,4.493059320606897,213.93146979260595,98.0
70526787,FÖRBÄTTRA,-0.29357798165137616,-0.18593211716035332,3,4.034432273909244,34.48275862068965,220.0
70527051,STRÖG,-0.6988304093567251,-0.6762751526882693,11,4.317359510499379,62.906952320940974,143.0
70527348,GUBBRÖRA,0.8606542365786445,0.7830983273645784,22,4.794691942848931,1.1379310344827585,1151.0
70527881,LJUNGAN,-0.6094651741293533,-0.6155096378191008,14,4.262943577950686,18.34209325886203,55.0
70527961,SVARTSENAP,-0.11820262738853504,-0.11340692605152049,4,3.5474996717966856,2.0057471264367814,344.0
70528404,FENOMEN,0.07467532467532467,0.07647891870450443,11,4.495502129555307,3.4367816091954024,161.0
70529465,PINNTORP,-0.1889763779527559,-0.19124813531441098,19,4.588771039613793,159.79381443298968,214.0
70530100,BJÖRKSPIREA,-0.11646586345381521,-0.12132304586060474,7,4.412132697443904,15.647973114891828,100.0
70530218,BISSA,0.3043230944254835,0.2713658105097271,13,4.669194973359441,45.96551724137931,206.0
70530256,BISSA,0.20183260597922378,0.17119342916257185,28,4.595202359466666,45.96551724137931,525.0
70530609,VILHATTEN,-0.6015406162464987,-0.5697353191114771,15,4.324516501670176,204.65736561345918,96.0
70532062,HÖGAFFEL,0.3684270958537324,0.3600343880645051,14,4.588722429395671,2.28735632183908,213.0
70532123,SVINDINGE,-0.372517577402245,-0.3421799235000645,20,4.402725701891508,19.99760303059572,347.0
70532972,BRÖNDEN,-0.8421556886227545,-0.8311587025531603,8,4.311792747638819,460.0440780993905,219.0
70534315,FRÖSVI,0.4087136929460581,0.3772461186035858,9,4.593320208180513,28.71500358937545,372.0
70534754,LILLÅNÄS,0.1893203883495146,0.22362191135715168,3,4.670033205376871,86.14501076812634,129.0
70535065,HAVBÄCK,-0.5644171779141105,-0.5675723710909565,3,4.318148579158442,148.2758620689655,136.0
70535089,ÄNGSJÖN,-0.4970588235294118,-0.5302659888669753,8,4.4037401548511275,217.81609195402297,248.0
70535094,ÄNGSJÖN,-0.5639534883720931,-0.5717267228895136,3,4.4037401548511275,307.6449776957391,248.0
70536244,ROSENMANDEL,-0.240475155729393,-0.25885049930678106,6,4.110517896694737,28.0767622228056,590.0
70538200,TONSTAD,-0.5806896973914837,-0.5433207465663201,8,4.3393645238084515,203.01713823633767,53.0
70538728,SMÅHAGEL,0.19528619528619529,0.18661656244989577,6,4.40888286777143,3.155172413793103,94.0
70538926,TÄLLÅSEN,-0.34712643678160926,-0.30227588821109547,9,4.407480309702256,262.0247847090947,115.0
70539011,EKENÄSET,0.030303030303030276,-0.23108505548344924,19,4.413444340410813,263.2183908045977,56.0
70539167,HUVUDSPELARE,0.3883928571428572,0.3814208544283293,15,4.674970915854546,122.90416858944778,158.0
70540019,YTLÄGE,-0.4557692307692308,-0.47619305747312496,19,4.042784017005715,34.27368008619845,52.0
70540081,BEGRIPA,0.02843390383415638,0.030752121627870197,16,4.05121800744,3.4952104138157223,142.0
70540482,DEKAD,-0.38372093023255816,-0.3907240057427822,5,4.1180646361310735,8.034482758620689,336.0
70541354,KAFFEREP,0.27472527472527475,0.142322542686144,23,4.696108552288339,3.7935174069627853,1114.0
70541429,ÖRFJÄLL,-0.3284954039671021,-0.37279995257254517,6,4.206462561449227,53.045464751630405,693.0
70541622,HORNVALLMO,-0.5738705738705738,-0.5611395547812396,18,3.196042839332284,32.172413793103445,236.0
70544866,SKOGSTA,-0.0070990514878429,-0.04187559172155384,16,4.497919589639277,68.38505747126436,369.0
70545922,SVARTSENAP,-0.3776150627615063,-0.37831426251661543,3,4.179936014880001,3.870121351262709,62.0
70546375,KAFFEREP,-0.08693798449612404,-0.10295877581177744,18,4.401655376356739,2.3439037359848056,583.0
70546945,CYMBALBLOMMA,-0.12755102040816324,-0.12838674945316628,21,3.90847742255335,10.636259103104637,1161.0
70547596,DVÄRGMÅS,-0.4207977207977208,-0.41519677179202613,14,4.582397845881081,16.936031763724365,130.0
70548063,KALLBODA,-0.8671001785408565,-0.8484613630658796,12,3.883062543594366,1041.5038857382901,124.0
70548628,FEJKA,0.11940298507462688,0.07476717416361,15,4.590561163733334,6.885057471264368,258.0
70548925,RÖDALM,-0.5724137931034483,-0.3541774567261824,3,4.492183312528156,18.379310344827584,884.0
70551319,RUNMARÖ,-0.6564722617354196,-0.6736352477177358,7,3.602073204153192,106.96338837042354,76.0
70551531,AFTONSPARV,-0.1888111888111888,-0.17129242809066236,17,4.664759049523201,11.482758620689655,107.0
70553281,POLYSCIAS,-0.38786764705882354,-0.45642961207418103,11,4.1470211852235295,17.229885057471265,118.0
70553709,RÖDALM,-0.5774400514161606,-0.5984216300807133,14,4.339926874148572,17.58479177496679,52.0
70554129,DYTÅG,0.4379199468485183,0.39438362934636734,18,4.589235046241323,14.33151891021134,224.0
70554515,VARDAGEN,-0.8392565894859473,-0.8420345176182317,18,4.168762163337635,35.880057471264365,75.0
70554803,BRUNKRISSLA,0.06321839080459768,0.03558731710196832,13,4.4989475571116335,31.291256760785313,747.0
70555299,HARVMATTA,0.18312613570890396,0.13454493265594186,8,4.582973079675817,5.5242191412279045,135.0
70555355,REGNBROMS,0.9082398354437142,0.8999774706522384,10,4.765139781968539,4.586206896551724,160.0
70555685,HORNFELS,-0.3555555555555555,-0.3490684683759268,17,4.494369798534267,17.229885057471265,125.0
70556067,METOD,-0.07070707070707072,-0.0751399700607725,13,3.512395746688758,5.172413793103448,151.0
70556345,SOLFÅGEL,-0.26428571428571423,-0.2862668368021427,19,4.146677964893431,6.740306582506762,119.0
70556703,LEGITIM,0.12668463611859843,0.12638993947673127,25,4.496973237557895,2.3073373327180433,248.0
70557095,SMÅBIT,-0.4724877704767555,-0.44759378453393556,12,4.335831810133334,9.183908045977011,60.0
70557496,ASKHOLMEN,0.6445990180032732,0.595382040635042,14,4.823760773241906,34.030041561725895,87.0
70558561,NORRSELE,-0.8069053708439897,-0.8056372070873248,5,3.764126798067925,249.0,194.0
70559527,FÅNGGRÖDA,0.35714285714285715,0.36940808060921354,19,4.681946234386886,4.887844059163483,226.0
70559725,MADONNALILJA,0.2577006327006327,0.1978063277916683,18,4.406814254728768,4.69847165199231,128.0
70561907,BÖNSYRSA,0.25912408759124084,0.2705242711737377,9,4.714998372471234,6.885057471264368,55.0
70562087,KALLAX,-0.11487864853837929,-0.06860829728654476,18,4.496700332747541,82.12836173195714,226.0
70562761,KRILLE,0.35833333333333334,0.32957017154960067,9,4.405717707990806,17.241379310344826,156.0
70563237,SKANSNÄS,-0.45802010489510486,-0.4611430306334162,8,4.580412640529324,794.4673618090452,115.0
70563242,SKANSNÄS,-0.6218370752427185,-0.6184250385703141,10,4.071259836438262,125.14367816091954,97.0
70563402,VÄSMAN,0.06843317972350227,-0.019596608128126303,6,4.587166902415763,75.30351053443323,185.0
70563690,NÄTBARB,0.6176511475078355,0.6157623041176965,14,4.7639237278511635,2.8907942331809746,154.0
70563713,JORDBORR,-0.17529359659399377,-0.19999354375366507,14,3.808759049523201,3.1827849666116106,107.0
70564190,KRUSNATE,0.18888888888888888,0.14530371798188235,23,4.496529660303448,14.93103448275862,214.0
70564699,FÄRGKLAR,-0.38909042004100086,-0.4835994114129349,10,4.597478103766117,40.224137931034484,1015.0
70565199,GÅRDSBUTIK,0.04863813229571978,0.03564138754033191,17,4.779588424968421,22.97701149425287,286.0
70565854,RINNIG,0.6041666666666667,0.5748881343882557,17,4.693233304439939,1.3844023996308261,633.0
70565948,STÄMLING,0.04097194522005053,0.015431197341059256,26,4.307553732947027,1.7554937426092274,352.0
70567018,DAKSJUS,-0.5033222591362125,-0.5195730760146309,13,4.562244654933334,29.283137962128045,51.0
70567650,PEPPRIG,0.10245232286013045,0.07799712058590877,26,4.306036460454427,1.14367816091954,445.0
70567725,SLIBB,-0.06976744186046512,-0.07762867610903189,9,3.57112505576937,6.194081211286992,93.0
70567805,STOMSÖ,-0.003649979519509877,-0.0197481659389767,18,4.4916133457333345,34.43797217014342,78.0
70567853,FÖRBÄTTRA,-0.3408239700374532,-0.3963659013877591,3,4.310017495306093,120.68965517241378,261.0
70567933,KOMPLEMENT,0.3687746999828174,0.3729545697821695,6,4.488331611455074,2.1182370447931556,51.0
70568211,HÖGVIND,0.14880952380952372,0.13938064115908774,19,4.643524117825643,34.47126436781609,60.0
70568560,KUGGIS,0.9382603876688319,0.8674822364407413,18,4.7901192375643316,3.3101032529602072,610.0
70568720,SKRUVBY,0.026562499999999933,0.016674178164101536,9,4.6739342082272195,171.26436781609195,151.0
70570351,EKBACKEN,-0.375,-0.4032312318157432,7,4.304581772443279,99.20634920634922,592.0
70570940,VALLKRASSING,0.32654773851956953,0.26462098705427095,4,4.589452960285021,18.195516308572493,229.0
70570959,VALLKRASSING,0.35841836734693877,0.34682356688859095,9,4.404737529478096,8.034482758620689,192.0
70571483,LUGNARE,0.6661129568106313,0.6029841766548505,15,4.6880295684521744,0.8320390503660973,350.0
70572208,LAPPTÅG,-0.4638655462184874,-0.46147586553009434,4,3.9961046268307694,45.104195402298856,86.0
70572369,GRÖNFINK,0.1506410256410256,0.1181452808131172,19,4.563817794311112,6.885057471264368,54.0
70572425,ÅSVEIG,0.7653562653562654,0.7764622925337212,3,4.777018078482962,9.785483397002645,252.0
70572963,PEPPRIG,0.25925925925925924,0.2568971117480196,9,4.731811881213188,6.740306582506762,73.0
70573316,AUXID,0.14321192052980136,0.14266392058193053,13,4.492183312528156,2.28735632183908,85.0
70574429,BOLMEN,0.9126365821678322,0.8060267685537688,22,4.774672984450612,6.861164969413855,227.0
70574434,BOLMEN,0.39137989489744024,0.44206675904292303,4,4.644122593255234,1.3338163241848182,850.0
70574660,EKET,0.29642365887207706,0.17521503343496844,3,4.498642295430692,11.494252873563218,575.0
70574896,TRADESCANTIA,0.27389705882352944,0.27590810194930887,11,4.65105423544889,8.034482758620689,72.0
70575155,KALANCHOE,0.37974648814749784,0.38773201490001613,14,4.588523705684581,3.4367816091954024,209.0
70575853,SNÖDROTTNING,0.9126582278481012,0.9082697743813968,17,4.745087444162833,4.460852176588217,95.0
70575947,HÄGERNÄS,0.0,-0.12411327503941678,21,4.687520909887819,195.8957782348908,335.0
70576027,SLÅNHÖSTMAL,-0.09935897435897437,-0.14676111980545545,11,4.401467376387021,9.183908045977011,660.0
70576032,SLÅNHÖSTMAL,0.02097902097902099,0.00516591532634314,5,4.401467376387021,3.1302929552725676,660.0
70576895,SKOGSDUVA,0.5071428571428571,0.5081396323084646,19,4.867721295122582,8.034482758620689,230.0
70577079,BRUNKRISSLA,0.8999999999999999,0.9013537364538106,3,4.733278292369893,3.4367816091954024,75.0
70577734,PYNTEN,0.04241071428571428,0.07161044973544972,3,4.224183585212632,9.785483397002645,172.0
70578069,FEJKA,0.2790511727078891,0.2866185427897115,8,4.744098028742343,10.908045977011493,93.0
70578451,GLADOM,0.36936936936936937,0.4872911188700662,3,4.685926137988499,17.229885057471265,3166.0
70579342,BREDVECKLARE,0.37625000000000003,0.3519510616133711,5,4.565265082538668,17.229885057471265,65.0
70579417,RODGERSIA,0.33660933660933656,0.3518569963019134,5,4.694871805809546,31.537421100090175,841.0
70579610,RODGERSIA,0.5732984293193717,0.571563578719656,3,4.782277664564708,9.820309235269537,57.0
70579790,STRANDLUMMER,0.3253164556962025,0.309625989305524,27,4.69508905372397,33.06878306878307,879.0
70579870,LUDDVIAL,0.38147497805092184,0.3657821840559977,30,4.499227333196162,1.1379310344827585,1024.0
70580425,KEJSAROLVON,-0.378765227021041,-0.3759986621038709,4,4.225669727320671,60.96196490020647,161.0
70580576,LÅNGLUR,0.046153846153846156,0.04299321717836574,17,4.115559321631143,1.3678160919540228,393.0
70580703,IKEA 365+,-0.8170529801324503,-0.7991135659185015,23,4.006074782201927,18.379310344827584,1331.0
70580821,DRÖNA,0.537463976945245,0.46186005004806474,9,4.69705540186524,3.2141685798622497,1478.0
70581057,INDIRA,0.16013071895424835,0.06806874381861969,21,4.499168265692561,22.97701149425287,950.0
70581359,TARSELE,-0.4477848101265822,-0.4460196185990981,9,4.578470092482645,631.0344827586207,103.0
70581364,CIRKUSTÄLT,-0.2198581560283689,-0.20298628607882171,19,4.755677722788572,24.849878625271494,122.0
70581788,TROFAST,0.4974550216153613,0.49731270774647485,18,4.568986680838096,4.597701149425287,66.0
70581986,MAMMUT,-0.09868421052631571,0.005474032426377384,5,4.693634221373411,20.00410340582684,674.0
70581991,MAMMUT,0.6234375,0.45374336323595127,7,4.596625493769948,9.183908045977011,754.0
70582052,LÖVSKOGSLUND,0.1558441558441558,0.17009531869844516,11,4.4952359833751485,1.7808836789900813,151.0
70582132,MYGGBLOMSTER,0.8825,0.8569086078651746,13,4.7420082354243,5.735632183908046,89.0
70582537,VÄGTYP,0.46211650082918737,0.42567129357229944,10,4.679793032983487,8.900272624951853,200.0
70582542,SKÖNABÄCK,-0.042286115007012626,-0.08501243417280435,18,4.408290676586668,314.30552802045383,102.0
70582622,INDIRA,0.23384760705289673,0.1842437455161726,6,4.499168265692561,18.344388542136365,950.0
70582684,BRUKSVARA,-0.20873786407766992,-0.22223415528252713,3,4.491342808498926,16.458261256363368,75.0
70583061,VINDSTILLA,0.18668831168831168,0.1979328483988758,5,4.636157698411595,6.885057471264368,51.0
70583551,HUSKNUT,-0.6544431061806657,-0.6560588538639435,6,4.408290676586668,30.774227270731366,102.0
70583711,KÄLLARHALS,0.25730222439583794,0.2660616803699828,14,4.865683303978083,17.674305945350334,55.0
70583966,SOLHETTA,0.9287087912087912,0.921937035667822,18,4.777353580986861,3.4367816091954024,256.0
70584145,EKTORP,0.40828402366863914,0.44785038306708386,3,4.408290676586668,79.3103448275862,102.0
70584188,SUNDSÖ,-0.16438948943583329,-0.1622600917613021,10,4.495149886689157,80.45402298850574,148.0
70584621,KLIPPOXEL,-0.5138392857142857,-0.5220218004461906,6,3.8723612342969327,25.850574712643677,145.0
70584701,FAZER,0.030020352781546827,0.019648330972378687,16,4.587769395260094,3.2568874293012224,195.0
70584980,GODMIDDAG,0.39267979646540363,0.39280049696390823,4,4.580984534236497,1.2542963741493671,119.0
70585121,FINN CRISP,0.3830584707646177,0.29298855789075506,8,4.772543722081417,3.5136308538385714,208.0
70585550,NÄSSELKLOCKA,0.3031954835325622,0.310047016804218,6,4.597002164776065,26.601269670777306,851.0
70585606,BLÅSVERK,0.23651528512639625,0.23207785013340568,4,4.498059954675663,17.425795697508285,397.0
70586154,FRÖJDA,-0.04921874999999998,-0.03308077010199074,19,4.652118273808696,9.075526842024304,74.0
70586451,VITBLECKA,0.6434231378763867,0.6396107568344328,3,4.810054844835956,4.011494252873563,71.0
70586936,MOSSLANDA,0.7609819121447028,0.6194648007552644,31,4.699333163970693,6.885057471264368,6588.0
70586941,MOSSLANDA,0.7527322404371584,0.7446096869786669,13,4.726129537980953,11.482758620689655,66.0
70587747,AULI,-0.0006775067750677266,-0.0083933381429196,9,4.573143105055671,75.86206896551724,79.0
70588704,KAFFEREP,-0.08465371837464863,-0.11910870228988948,16,4.59307149252766,4.586206896551724,358.0
70589384,VILDGÅS,-0.11220472440944881,-0.14804241693685996,15,3.9034638700912287,17.229885057471265,96.0
70589398,VILDGÅS,-0.12274928958925344,-0.13305538354189117,4,3.9034638700912287,18.021504224990572,96.0
70589666,EKBACKEN,-0.5176767676767677,-0.4803115180299466,5,4.239955488612175,163.62330734509644,97.0
70590448,LINDBYN,-0.0612972202423378,-0.021341270761984863,20,4.696503873960635,29.35706896551724,1242.0
70590453,KLOCKIS,-0.2640915280614726,-0.24759730723867615,22,3.684125033827323,5.381038405961016,165.0
70590603,SAMLA,0.14359543747331321,0.14391883486802512,12,4.1511590495232005,0.5747126436781609,107.0
70590981,DYTÅG,0.11764705882352938,0.1258836589849005,13,4.404974405952001,20.266005410279533,182.0
70591056,SKUBB,0.35690789473684215,0.42349428536361,7,4.7966036569186645,9.183908045977011,1809.0
70591122,SANELA,0.7924632620398662,0.7941630756566113,4,4.688903982847355,7.133017043462525,379.0
70591136,SANELA,0.46064262783765186,0.432315295336667,18,4.567838039387655,11.509722642139936,63.0
70591155,ALMTJÄRN,0.16319444444444453,0.18312641222123985,3,4.665585009300001,20.266005410279533,110.0
70591221,MYGGLASVINGE,-0.2678132678132678,-0.26977553894565426,19,4.312477148171428,45.96551724137931,206.0
70592409,VARDAGEN,0.3269125571759448,0.3127935590627163,14,4.651592100993408,3.4367816091954024,73.0
70593121,TILLREDA,-0.4810141223333728,-0.45247677474449327,12,4.168762163337635,103.94112576844941,75.0
70594494,KNALLA,-0.326984126984127,-0.22573352573352576,3,4.1187533172739,4.486023444544634,323.0
70595436,VÄLVÅRDAD,-0.4180476489028213,-0.42238139229371674,14,4.1735043814988515,5.928685963365658,69.0
70595525,EKET,-0.2324488626454394,-0.3732360482723467,8,4.109645371327903,22.988505747126435,645.0
70595653,GULDVÄVARE,0.062211981566820285,0.1112911601250997,19,4.64047136743784,6.882312456985547,56.0
70595691,IKEA 365+,0.2949275362318841,0.30192418739384247,17,4.674683225232185,4.486023444544634,156.0
70596775,KLIPPLAX,0.09516074258546525,0.08648837774215516,18,4.233056699211511,1.1379310344827585,121.0
70596884,HUVUDROLL,-0.4367816091954023,-0.38950490413279104,13,4.584493340419048,12.724066999706142,150.0
70596898,FJÄDERHARV,-0.09884843545805619,-0.11667927854385787,8,4.2230898552281415,4.737025477857603,181.0
70597416,NATTJASMIN,0.1849489795918367,0.20000216089250292,3,4.4997441630728945,21.827586206896548,3129.0
70597421,NATTJASMIN,0.13265306122448972,0.17212720770383858,5,4.4997441630728945,26.425287356321835,3129.0
70598642,DAGGKÅPOR,0.6419491525423728,0.626556934956135,19,4.582973079675817,5.837979665464086,135.0
70598779,GURLI,0.20525842400842403,0.11515613086978282,18,4.254700966552382,5.735632183908046,70.0
70599316,KORALLVIPPA,-0.4918295439436245,-0.4703400094890094,12,4.495624354295653,17.229885057471265,166.0
70599646,IKEA 365+,0.2949275362318841,0.30192418739384247,17,4.674683225232185,4.486023444544634,156.0
70599788,SCHERSMIN,-0.6633035907922049,-0.6690830513019295,6,3.556376659640656,68.38505747126436,287.0
70600112,RUNDHAGTORN,-0.5627906976744187,-0.6507584178911063,3,4.031511594610527,88.78183069511356,58.0
70600145,RUNDHAGTORN,-0.5212788036826141,-0.5942321493342969,4,4.031511594610527,65.93048765472335,58.0
70600428,FÄRGKLAR,-0.03209459459459457,-0.01651643643565991,3,4.592008838007362,3.4367816091954024,308.0
70600503,DOFTAKLEJA,-0.32289964040536123,-0.30480622131487123,10,4.237662960577049,34.61838062602021,104.0
70600720,GLADELIG,-0.09156050955414013,-0.10569417928170703,5,4.493118642652992,4.586206896551724,99.0
70600758,GLADELIG,0.04360465116279072,0.0401174077057117,13,4.563817794311112,4.011494252873563,54.0
70601055,TJENA,-0.0972443239491038,-0.06707849349629878,12,4.407895882463492,5.735632183908046,108.0
70601357,ANTILOP,0.2696163905841325,0.3088628869619803,6,4.621339408690044,5.747126436781609,869.0
70602050,KACKLA,0.37488849241748434,0.2733325024942267,10,4.6764432149219255,4.011494252873563,175.0
70602516,KLIPPFISK,-0.7567353407290016,-0.7540593844286361,13,4.322908862216394,40.55455365193868,104.0
70603064,SANDLÖPARE,0.6751824817518248,0.6669452816131565,19,4.8789891894761155,5.735632183908046,363.0
70603498,DALSKÄR,-0.5937728937728938,-0.6114468864468865,4,3.8837146106810825,85.05747126436782,56.0
70603851,PAX,-0.6069539606721444,-0.6281403599580171,8,3.8824816866461545,97.01312146552903,125.0
70603974,KNOXHULT,-0.6673529011289567,-0.6835170085433827,6,4.0249360148800015,174.47740135469874,62.0
70604172,BILRESA,-0.1748971193415638,-0.18267912763194954,15,2.83684312900993,9.183908045977011,123.0
70604186,MYGGSPRAY,-0.16269841269841268,-0.16653444868724337,17,3.3467200077298704,9.325197415649678,136.0
70604327,SÄLJAN,-0.330257458887681,-0.2989807295617231,6,4.331403159442697,111.33629579744748,71.0
70604841,VARDAGEN,-0.9269005847953217,-0.9316237910340966,6,2.476155654356463,28.71598138475629,129.0
70605162,TÅNEBRO,0.7983870967741936,0.7922651556144157,11,4.751140796774804,22.97701149425287,109.0
70605652,BACKMÅRA,-0.019736842105263164,-0.005242698790734551,4,4.592783604405541,22.721579198090737,343.0
70606388,HAMPFLOCKEL,-0.5756712896426176,-0.5702902916570236,4,3.7849680074400007,36.82129189592685,142.0
70606430,HAMPFLOCKEL,-0.5920253759398496,-0.5820561982944086,4,3.7849680074400007,45.90830798113571,142.0
70607340,FANTASTISK,0.32433684593023254,0.36117511921160117,8,4.595148687251382,2.530597773122433,521.0
70608085,BRYNILEN,0.23966942148760328,0.1866052833378839,5,4.59210570057697,30.77554370127206,312.0
70608882,ÄNGSLILJA,-0.18174572157314461,-0.20170591513318542,4,4.203231280724614,23.722811234027077,1404.0
70608900,ÄNGSLILJA,-0.3177966101694915,-0.34743792333344803,5,4.580412640529324,30.95422808378588,1404.0
70609023,BLOMNING,0.19878941612491646,0.2051781336136275,18,4.635218841035296,4.536115170548179,50.0
70609042,EKBACKEN,-0.34197530864197534,-0.3479854220893743,11,4.304581772443279,74.71264367816092,592.0
70609056,EKBACKEN,-0.5040651141486464,-0.4678595547409435,4,4.239955488612175,167.4438375805942,97.0
70610837,ENERYDA,0.6061093247588425,0.6081297973964869,15,4.673779054704763,10.344827586206897,153.0
70611865,SKOGSSALLAT,0.574944153069153,0.5709337503821921,10,4.638817794311112,4.586206896551724,54.0
70612624,HIPPEASTRUM,-0.23013245033112584,-0.22485027894089435,3,4.023393594943211,5.145977735769796,63.0
70613906,ENHET,-0.5542811975738805,-0.5611883316952697,8,4.22908152652152,65.86159728916972,143.0
70614388,GULVIAL,0.4431137724550898,0.42347464815510183,7,4.597127763164719,5.9990770650669125,915.0
70614623,TONSTAD,-0.9107413010590015,-0.9118697621769006,3,3.8812650825386683,344.9595382974719,57.0
70614736,BRUDKRUSBÄR,-0.053349861071189,-0.05917291656546424,8,4.493559049523201,39.68874082990423,107.0
70614816,BRUDKRUSBÄR,0.04092071611253201,0.06165951204832381,11,4.493559049523201,22.97701149425287,107.0
70621001,AHLGRENS BILAR,0.7862826828344069,0.7486636478026111,6,4.7430723044990835,1.830880722954075,91.0
70627550,STORKLINTA,-0.6512071156289707,-0.5564242451989215,3,4.125376512660318,249.99,234.0
70635946,ROCKÅN,-0.585947669877636,-0.5576262704239675,14,4.301842373889519,34.44827586206897,1499.0
73763709,IVAR,-0.37236282109743124,-0.3783376681791451,4,3.893610168177778,37.35632183908046,108.0
76113785,IDEALISK,0.08432177920256467,0.04046694177026721,26,4.596196906847299,4.586206896551724,667.0
76114285,IDEALISK,-0.5609375000000001,-0.5581831822944501,21,4.307720666271823,11.482758620689655,344.0
76485605,MAGASIN,-0.11159420289855071,-0.0618836771699284,21,4.497567616889427,5.182026894063627,313.0
79010614,KLIPPAN,-0.37,-0.3209985665115248,15,4.031159244069962,274.2580076403174,245.0
79012991,MALM,-0.4201925335351532,-0.38685922341003537,8,4.401403217475882,228.73563218390802,691.0
79017837,BILLY,0.11111111111111116,0.03325707801827357,13,4.694315975729549,126.43678160919539,757.0
79031414,HEJNE,-0.1844262295081967,-0.2092225773012479,17,4.402909009328655,52.8735632183908,324.0
79047429,BESTÅ,-0.36120591581342437,-0.35936531319521076,15,4.403070620958025,104.49485402226422,306.0
79047622,BESTÅ,-0.4689922480620155,-0.4777776108722152,3,4.402047080638684,180.03693065244153,468.0
79057526,BESTÅ,-0.9137418668668669,-0.9131545420888213,14,3.8393162706346664,447.80146158804655,282.0
79059262,BESTÅ,-0.9399332591768632,-0.9286460288042119,3,3.8359488119040006,518.3817874173204,82.0
79157494,BOHOLMEN,0.14527027027027029,0.15300457043580473,5,4.664186025938212,79.3103448275862,105.0
79175983,MALM,-0.6955255242592905,-0.6728038937156499,6,4.205245298162557,287.14872705357595,858.0
79176082,MALM,-0.705,-0.6421209019487067,3,4.205245298162557,337.81567727123644,858.0
79177642,LÅNGFJÄLL,-0.42432165065008476,-0.39903768544409,4,4.402438434290197,212.31570520939943,390.0
79184341,BRIMNES,-0.08959867233196023,-0.09384595212773812,6,4.63965590671781,240.21839080459768,55.0
79191266,FJÄLLBO,-0.5476190476190477,-0.5549515774602756,19,4.409211862874075,294.5629731589814,90.0
79197584,KALLAX,-0.06721698113207542,-0.05003527717481201,3,4.588212132083258,91.94252873563217,203.0
79227755,SLÄKT,-0.5995082186665539,-0.5762553650317197,20,4.119676557508923,118.00662846313153,307.0
79239503,NORDLI,-0.8326558265582656,-0.8347034339540383,15,4.146006339499281,440.78754040552457,121.0
79239843,NORDLI,-0.49276974416017794,-0.49415399987718417,15,4.407055894967376,218.39080459770113,123.0
79240988,SONGESAND,-0.25121359223300976,-0.11002744548898266,5,4.496484197337992,215.1976618981695,211.0
79241172,SONGESAND,-0.5012787723785167,-0.4925007343090689,3,4.402810398842939,415.6496769562096,336.0
79243034,SANNIDAL,0.2114914425427873,0.1994787621702364,3,4.578990977341936,31.505986137366097,106.0
79250265,HAVSEN,-0.8647798742138365,-0.8778711776651718,11,3.2891076061271325,287.35632183908046,111.0
79253103,FRÖSÖN/DUVHOLMEN,-0.40131578947368424,-0.35619063582541277,19,4.496129236492308,29.305680793507666,190.0
79258308,VIMLE,0.23964497041420119,0.23598141939231196,7,4.226714425525582,45.97701149425287,154.0
79260844,KOMPLEMENT,0.04870184721925147,0.02513078758400237,20,4.575653095237383,56.275862068965516,89.0
79276760,IKEA 365+,0.5356337498825519,0.3481029431291877,18,4.597841657987075,8.895615185946152,1189.0
79278250,KALLAX,0.00817286882465107,0.008200378498406075,12,4.676316565539786,155.82041445757247,168.0
79278293,KALLAX,-0.01273148148148151,-0.0429176307692114,15,4.588212132083258,96.79266895761741,203.0
79278325,KALLAX,-0.0182072829131652,-0.026648582190993014,3,4.680334291028572,217.24137931034483,206.0
79280955,IDÅSEN,-0.12444690265486724,-0.12185102103208657,6,4.648777688260466,648.0227086637024,68.0
79281790,BILLY / OXBERG,-0.4621853555727655,-0.4724976834606731,12,4.492613588902753,239.73676728779125,91.0
79287358,BILLY / OXBERG,0.04586563307493541,0.040603295221704486,9,4.678083986021891,148.2758620689655,183.0
79290596,BERGSHULT / RAMSHULT,0.11010501171343515,0.10071352971947209,8,4.494771955781818,20.662549145248434,136.0
79290775,BERGSHULT / PERSHULT,-0.026937280414563225,-0.03973534018891265,6,4.410472433583159,30.519982124461162,77.0
79290803,BERGSHULT / GRANHULT,0.3967833729558389,0.40363800453630133,6,4.677974405952001,34.110888646772224,182.0
79299016,BUSKBO,-0.3307086614173228,-0.12595346055953194,13,4.575423407456604,244.8721716132824,88.0
79304126,BILLY / OXBERG,-0.16535947712418309,-0.1551421053852431,5,4.566167288187014,120.67816091954022,59.0
79305098,JONAXEL,-0.2656675749318801,-0.2577940139214541,19,4.319012797213606,49.99,129.0
79305418,SÖDERHAMN,-0.8730413105413106,-0.8712991121079356,4,3.7212195369322845,1299.1992842612194,109.0
79305423,SÖDERHAMN,-0.6636752136752136,-0.6717599394069982,4,3.6864880965752813,668.946562813697,160.0
79305625,SÖDERHAMN,-0.3239364188873305,-0.26710624469012645,8,4.25536001434217,383.73650483644684,65.0
79306696,FRAKTA,-0.30142486846774563,-0.30306220310906545,4,4.337768664735137,10.276452423375297,56.0
79308803,HÅLLBAR,-0.1252047502047502,-0.08494515094937617,16,4.401916919442004,46.40804597701149,501.0
79322724,ENHET,0.13186813186813195,0.06761978849388256,13,4.583406886563058,71.52745731425935,141.0
79323667,ENHET,-0.06172839506172845,-0.04602047850804027,7,4.496306794451377,51.712643678160916,200.0
79335910,REINSVOLL,0.050733496332518335,0.026806406664789357,3,4.650504283038203,132.183908045977,71.0
79384632,BERGMUND,-0.11912225705329149,-0.10740874527487089,21,4.4984025420444445,91.95402298850574,486.0
79386075,EKET,-0.5631510416666666,-0.5479738182637847,17,3.6457193321220345,82.75862068965517,100.0
79388003,EKET,-0.6987620357634112,-0.6890644486898059,17,3.3599276114997116,109.19540229885057,329.0
79388060,JAKOBSBYN / JÄLLBY,-0.38493723849372385,-0.39757789457636217,9,4.3393645238084515,45.96551724137931,53.0
79388395,SMÅSTAD / PLATSA,-0.8475454504846562,-0.8489462622013284,4,3.5138177943111124,201.14621648916946,54.0
79398832,BILLY / OXBERG,-0.08368200836820083,-0.08187870066384643,5,4.6559488119040005,228.73563218390802,82.0
79401735,HILLESJÖN,-0.5768321513002365,-0.5832048285752274,13,4.084483311241238,114.94252873563218,79.0
79412946,OMAR,-0.047169811320754707,-0.03501162452033984,19,4.40532022026952,26.60054102795311,169.0
79416770,LAGKAPTEN / OLOV,-0.25563063063063063,-0.24017585610856568,10,4.1710542354488895,70.88875448671931,72.0
79416893,LAGKAPTEN / OLOV,-0.23008849557522126,-0.24033798310084498,3,4.1710542354488895,63.218390804597696,72.0
79416906,LAGKAPTEN / OLOV,-0.3046875,-0.2865593847352025,3,4.1710542354488895,65.50574712643677,72.0
79418806,MINNEN,-0.04975728155339809,-0.0988731140461642,13,4.590206320264661,149.0,248.0
79428117,HEMNES,-0.23655913978494614,-0.19643101728756973,11,4.401293733667621,471.25544743597396,751.0
79429602,TROTTEN,0.06190476190476191,0.0898013691167483,13,4.688617264057882,251.72413793103448,369.0
79429664,BESTÅ,-0.04115758931558966,-0.04606919392972655,16,4.568986680838096,74.91639181013889,66.0
79429697,BESTÅ,-0.8665183537263625,-0.8689117479090612,3,3.154498919912728,241.58801805498567,92.0
79442694,KALLAX,0.03100775193798444,0.033150619660535056,13,4.668978036552113,139.54012623985574,124.0
79442712,KALLAX,0.14168274965488586,0.13256479438548963,4,4.756908897155556,171.96481916018087,126.0
79444216,STARKVIND,-0.4,-0.35899419729206966,3,4.566601040902565,211.48275862068965,60.0
79449662,SÖDERHAMN,-0.9073498964803313,-0.9109097967250142,4,3.7212195369322845,1168.5348636821238,109.0
79481355,LURÖY,-0.4454277286135694,-0.45766195604948434,3,4.116230662919796,57.273768613974795,376.0
79481586,BERGMUND,-0.0445869188952,-0.028088205768363017,16,4.662024837848277,179.28735632183907,98.0
79483905,STRANDMON,-0.056770833333333326,-0.11182943943706516,4,4.596655816675738,453.56046019445284,761.0
79489592,HYLTARP,-0.4696969696969697,-0.5262690151844299,5,4.258908733210258,1081.8304779080252,61.0
79489634,HYLTARP,-0.4575534759358289,-0.4475061815100857,10,4.24139532603964,795.2864147636326,94.0
79491236,VRETSTORP,-0.7045454545454546,-0.7278380230272514,11,3.9134123191384615,803.448275862069,86.0
79491284,LANDSKRONA,-0.8391608391608392,-0.8834226762434951,9,3.6261295379809533,1033.3333333333333,66.0
79494796,PAX,-0.36979166666666663,-0.43752776110984976,3,4.585028052818391,298.85057471264366,156.0
79496644,TONSTAD,-0.6867037231003619,-0.6595531495165573,6,4.2321320362965045,674.3070493738637,125.0
79496677,TONSTAD,-0.7178489946347089,-0.7006182950846167,6,4.2321320362965045,700.0,125.0
79496738,TONSTAD,-0.7128146453089245,-0.7104637465522454,5,4.2321320362965045,654.0229885057471,125.0
79502013,POÄNG,0.04589160839160844,0.0585833052361127,4,4.594768837731727,293.99676444092273,480.0
79507124,METOD,-0.1931540342298289,-0.19233296877119307,5,4.493806778387693,93.83171819720043,113.0
79507275,METOD,0.2064439140811456,0.21931633692799413,3,4.714998372471234,86.20689655172413,55.0
79508232,TOSSBERG / MALSKÄR,-0.16923399106478038,-0.1298732592490019,18,4.577734027268376,174.70689655172413,99.0
79514389,MÅRENÄS,-0.6725127551020409,-0.6587859730597165,12,4.176129537980953,146.66716332839036,66.0
79514474,SÖDERHAMN,-0.8255813953488372,-0.8048795448020254,3,3.5944773691780223,845.3016003282726,164.0
79516755,ORRSJÖN,-0.5279173737110038,-0.5360550323090238,6,4.321334970919084,147.73048258479454,113.0
79521455,FLEKKE,-0.5727762803234502,-0.45440996640223785,5,4.236180166853544,516.0919540229885,109.0
79525854,MITTZON,0.15714285714285714,0.1477016829475846,3,4.658830665330842,217.24137931034483,89.0
79534735,HAVSTA,-0.7833787465940054,-0.7815551693158302,15,4.258908733210258,551.7241379310344,60.0
79535594,EKHOLMA,-0.40755208333333337,-0.4202498333616973,4,4.190068749160564,568.4542872837701,58.0
79552121,EKTORP,0.46152597402597406,0.44179872111062013,4,4.4902997733783145,113.79310344827586,65.0
79561286,KUGGIS,0.7511346444780636,0.604746887274751,5,4.694271627035631,6.064021641118124,751.0
79578362,NÄMMARÖ,-0.30000000000000004,-0.2870415729902504,9,4.581122327466667,143.67816091954023,120.0
79580751,RÅSKOG / NORRÅVA,0.3304398148148148,0.3045250188288806,3,4.678922876509092,49.98,191.0
79580765,RÅSKOG / NORRÅVA,0.15580816841864312,0.15246408000568712,10,4.580264251442425,34.8359473948412,114.0
79581901,BILLY / OXBERG,-0.4380405444685286,-0.4371475164568298,4,4.564313440964384,643.8564739369444,55.0
79586890,METOD / KNIVSHULT,-0.0012953367875647714,-0.0024873869001675597,4,4.735363345733334,444.85156775124045,78.0
79597515,ANTILOP,0.38125,0.249883246371567,17,4.588317852871749,22.988505747126435,205.0
79612219,BESTÅ,-0.8385558583106267,-0.8433504457159925,3,3.6058070763294134,196.8851013811343,50.0
79616255,MEHAMN,-0.3271857923497268,-0.3321950245597094,5,4.581392008502857,333.3333333333333,122.0
79622850,BESTÅ,-0.9106702968042004,-0.9089036631258403,4,2.8034041481931045,230.2443558770278,98.0
79904190,FARDAL,-0.08624212835098471,-0.11884235257114106,8,4.588104480321461,117.08032791098236,201.0
79929341,HEMNES,-0.6413793103448275,-0.5750803949681255,3,4.2126930419624316,356.542743121193,344.0
80010222,VARIERA,0.7288210843910325,0.5929559410956184,26,4.597460897846394,2.28735632183908,1008.0
80012853,VARIERA,0.7375,0.6895123450618448,27,4.598901257355714,3.908316191595651,2353.0
80035920,FÖRHÖJA,0.04422604422604426,-0.05923732591494327,23,4.6917352367549725,159.79381443298968,515.0
80045448,KNYCK,-0.1118598382749326,0.019752627157546186,13,4.726998602240001,5.172413793103448,106.0
80047635,SINDAL,0.30805687203791465,0.1980249132588445,25,4.596180177698534,6.2668590427200295,664.0
80058761,MIXTUR,0.0585106382978724,0.048720583995443746,23,4.695859850742858,8.607322325915291,1046.0
80066723,IKEA 365+,0.23622047244094485,0.22423897110710367,27,4.5992186206329935,4.011494252873563,3316.0
80092109,GODIS,0.04920913884007028,-0.04111210048615102,33,4.59873415023829,5.735632183908046,2040.0
80094014,REKO,0.5344827586206897,0.4457942706268766,31,4.69551869907467,2.1424745581146225,965.0
80096372,FADO,0.287797619047619,0.225961451016425,26,4.596830755706083,22.911665453530546,804.0
80098516,VESSLA,0.7072903841479694,0.6420427520811094,8,4.6945004758931335,9.182467416532761,783.0
80102066,LYCKSELE MURBO,-0.017751479289940864,-0.06134510445811154,17,4.319963437074286,172.41379310344826,122.0
80102976,SAMLA,0.6904761904761905,0.6614944331652036,35,4.599620411072475,4.586206896551724,6845.0
80104268,LACK,0.6081632653061225,0.519980470046914,7,4.599239159226168,13.233483791546986,3406.0
80104862,STOCKHOLM,-0.6278195488721805,-0.6199737592283681,11,4.496468777150877,228.73563218390802,210.0
80119236,HEMSJÖ,0.42045454545454547,0.3868037992259095,7,4.597894002579143,2.6455026455026456,1219.0
80130168,DUKTIG,0.5191756272401433,0.48085106198394967,22,4.788292228661132,5.613749725062259,512.0
80136622,VARIERA,0.33161938534278956,0.36593406507864357,34,4.599518995788478,4.473437810566425,5398.0
80146763,FORSÅ,0.3313492063492064,0.29383055203023034,13,4.6977467422968795,27.85104732350659,1937.0
80148465,SOCKERÄRT,0.045599999999999974,-0.05214191196403188,15,4.7923863572888346,17.241379310344826,797.0
80152155,IKEA 365+ VÄRDEFULL,-0.40519251951534885,-0.40560513225298106,14,4.310467719814232,7.211179712404988,249.0
80153800,TROFAST,0.18656716417910457,0.08636074009196797,29,4.597497484332757,53.8642374375551,1023.0
80156120,HEMNES,-0.3542635037666293,-0.38976902005506536,6,4.492875054782302,152.49526280057148,95.0
80157247,LERBERG,0.3720518867924528,0.16393461369264734,5,4.656384962281189,19.612987864873727,1440.0
80163291,VITAMINER HJÄRTA,0.3640449438202247,0.33340299969758835,19,4.593927461982283,19.843101061375172,411.0
80175091,CYLINDER,-0.4542857142857143,-0.400722176366197,9,4.493346125540497,22.97701149425287,111.0
80175675,ROMANTISK,0.07826706667330585,0.07861858377640668,18,4.777435931601455,14.93103448275862,257.0
80188654,DRAGON,-0.7268115942028985,-0.736637669083594,15,4.4024030946628026,47.7284938212644,396.0
80190529,FARDAL,0.17251461988304095,0.1333069348019522,13,4.6823795247616005,91.95402298850574,232.0
80198295,MORUM,-0.20108748304592133,-0.14843885169224927,16,4.59876300151491,102.99161860914002,2088.0
80204654,UTRUSTA,0.3661616161616162,0.40155355189687536,11,4.570396377163637,11.494252873563218,70.0
80204673,UTRUSTA,-0.31476683937823835,-0.3139255853027786,7,3.8322264513398903,21.839080459770113,348.0
80205535,METOD,0.2813238770685579,0.2730126775308776,5,4.596607918216667,33.840947546531304,750.0
80208261,BODBYN,-0.13656403018105145,-0.13531104798842822,6,4.226870650236258,21.264367816091955,153.0
80209901,LIKSIDIG,0.031136310210112705,-0.010000089392663475,16,4.496645338293334,3.4447160452808694,222.0
80212201,RIKTIG,0.7610294117647058,0.6636645939417145,21,4.589743626733858,4.586206896551724,236.0
80213074,MICKE,0.19485294117647056,0.12732790389420642,29,4.499866392497577,97.94299147810756,6008.0
80213309,VITTSJÖ,0.4274193548387097,0.2965688564781992,19,4.692883491422294,52.410626434896685,601.0
80214549,MALM,0.0,0.002754641599301865,17,4.642037910400001,49.407733241074816,2624.0
80214568,PAX,-0.5078758091981899,-0.48880202038344905,8,4.306239223045863,98.98311713708362,768.0
80215308,HEKTAR,0.09684065934065933,0.07176220918415058,22,4.497351582863158,22.725661515500143,286.0
80215332,VITTSJÖ,0.14805733685401734,0.07251627189341905,22,4.5963308185780285,80.44827586206895,692.0
80221352,VITTSJÖ,0.24851555847655898,0.22195920254492585,4,4.66736949029926,43.65437059163021,136.0
80221451,UTRUSTA,0.46632124352331605,0.4647429979427426,3,4.584493340419048,6.900445392384417,150.0
80223638,OSTKAKA,-0.2806291390728477,-0.31873587394056313,13,4.313633566782439,4.887844059163483,274.0
80224096,SYRLIG,0.568840579710145,0.48829204260033227,9,4.498592449633566,4.486023444544634,554.0
80226137,VÄDRA,-0.6131386861313869,-0.5822981287229891,21,4.49853348122113,22.97701149425287,531.0
80226316,VARIERA,0.3562392912139154,0.341692353954027,16,4.3047775746844446,1.2441947425785216,567.0
80227797,BYÅS,-0.07330137310606061,-0.08594562170601003,22,4.595614278098316,141.85049702595074,576.0
80228711,BRIMNES,-0.1408783612057134,-0.13230403128069054,10,4.498948931057964,122.57047002996694,748.0
80230224,UTRUSTA,0.19385342789598106,0.17968921734705198,17,4.307093607082233,7.691124442393478,376.0
80233430,APTITLIG,-0.5024630541871922,-0.4626331115641056,25,4.400507333600408,9.183908045977011,1943.0
80233675,PLATS,-0.02649006622516553,-0.003886932191681889,13,4.496202269766038,4.022988505747126,333.0
80234707,PLUGGIS,0.2334630350194552,0.19768511407891878,3,4.746964796499146,14.350323043790379,99.0
80241816,DRUVFLÄDER,0.34265734265734266,0.2682847635665981,10,4.755677722788572,5.941868191850393,122.0
80242627,HEMNES,-0.14599483204134367,-0.17893834080596133,21,4.499404057135751,113.79310344827586,1333.0
80242892,JÄLL,0.6259191176470589,0.5574066614651817,24,4.598703920990249,9.106728938253532,1992.0
80245051,STOCKHOLM,-0.4174665790050406,-0.39157739675473363,14,4.405075924440817,2057.597746769874,178.0
80247408,BESTÅ,-0.09798686916627117,-0.09749159477938132,4,4.40164443171967,30.4797989558811,587.0
80247413,BESTÅ,-0.08366013071895428,-0.11432607209197387,3,4.40164443171967,28.735632183908045,587.0
80253809,KURA,-0.2050632911392405,-0.24074136497782442,33,4.4994812378804125,224.03003754693367,1534.0
80256983,VARDAGEN,-0.7452049365942028,-0.758985116190419,8,4.053561314969935,17.235632183908045,135.0
80257261,KOMPLEMENT,0.18081808025638713,0.17711986804258678,4,4.497029081883395,14.030792081820683,253.0
80257464,KOMPLEMENT,-0.36703035845277754,-0.366034509214042,4,3.818400750687051,29.80419338069658,623.0
80258915,OFTAST,0.9515873015873015,0.9043876834510627,35,4.798427092823929,0.7202881152460985,3927.0
80258944,IKEA 365+,0.1164453601953602,0.06307460564698394,18,4.49829423981017,3.352064963916601,454.0
80261258,BESTÅ,-0.14492753623188406,-0.1410529414060657,33,4.005981665102482,11.494252873563218,1352.0
80262187,FJÄDRAR,-0.019752771759908243,-0.03967900345294717,28,4.101054564840106,8.27767564894453,6046.0
80262253,KRAGSTA,-0.5734265734265733,-0.590386754424562,11,4.218090083426772,148.2758620689655,236.0
80262489,KOMPLEMENT,0.22754683944823662,0.1986152472285745,8,4.497029081883395,13.793103448275861,253.0
80262880,EKERÖ,0.10301006780357508,0.10247354003333715,4,4.58700292820432,175.8022138615093,186.0
80263832,BILLY,0.4654811715481172,0.33716344247777963,17,4.694063182197305,34.47126436781609,724.0
80265647,UTRUSTA,-0.4270838965486168,-0.41159523924206937,12,4.115420861836621,67.70175740810171,53.0
80269136,HUGAD,0.8089535740604274,0.8151835631666714,6,4.58165409289014,3.1609195402298846,124.0
80270125,LÖVBACKEN,0.35361986566778614,0.3040666225292334,14,4.683922924052555,80.26163123580149,256.0
80275887,KALLAX,0.33437268963154704,0.308831261958269,32,4.6994271627035635,72.50170711834542,7672.0
80278273,HILVER,0.6428571428571428,0.6406176112596899,17,4.584493340419048,21.26436781609195,150.0
80278367,IKEA 365+,0.44140625,0.38934973070482093,17,4.695723185621748,3.4367816091954024,1012.0
80279687,IKEA 365+,0.24247226624405704,0.231277382110184,9,4.6982372473751095,6.846899794299148,2481.0
80282996,IKEA 365+,0.46440397350993373,0.4597545393608026,5,4.6982372473751095,2.5582158084617905,2481.0
80285787,BITTERGURKA,-0.09252036175163952,-0.12606889458817833,14,4.6717620589128215,12.550040713559113,179.0
80285909,FEJKA,0.1917716005385286,0.1516113665964898,24,4.78460268285459,14.93103448275862,385.0
80287809,HEJNE,0.01890989988876529,-0.02506657635285618,15,4.402420635499757,17.241379310344826,393.0
80289243,VÖRDA,-0.08120300751879694,-0.10612743170043674,3,4.68421104369319,10.70969469737547,261.0
80289304,VARDAGEN,0.13081395348837205,0.13301656354589492,3,4.830990355089656,4.2737094837935174,256.0
80291632,SELSVIKEN,0.17340180784869044,0.16952484482392682,4,4.590018701878927,40.631971662917,243.0
80291707,TJUSIG,-0.46446700507614214,-0.4369321645698983,25,4.401423292117883,14.93103448275862,681.0
80292325,TOSTERÖ,-0.1030927835051546,-0.14186059439073018,17,4.497603813066666,67.40306582506763,318.0
80296168,ELVARLI,-0.32855191256830596,-0.33456346474781495,15,4.328813208148454,68.9655172413793,79.0
80296955,KRONILL,0.42905405405405406,0.4564825494760951,11,4.586068883371123,2.8735632183908044,169.0
80298474,ANNONS,-0.5698376665096159,-0.5443215599497178,32,4.1052546271079695,7.449816328948927,1199.0
80299874,BESTÅ,-0.4474944589365387,-0.47785379998108984,4,4.4015842057171986,106.77742202072486,610.0
80300373,FISKBO,-0.04028573040363298,-0.010663719032062735,10,4.444459691049836,3.0526660033070065,3822.0
80300660,BRIMNES,0.10640454759123336,-0.02491240975934137,8,4.598392894010118,95.27922284532474,1603.0
80305422,SKOGSTA,-0.8050724637681159,-0.8015676443937911,7,3.92784089468078,19.528735632183906,341.0
80307223,KLADDIG,-0.13229875326146562,-0.08434060062302262,4,4.592315283747493,8.437528735632185,321.0
80307553,BESTÅ,0.6880590092326686,0.6709505579562488,12,4.771004117712149,17.76738061518387,196.0
80308699,TROFAST,0.10674533590602717,0.10057771955702696,16,4.4079590495232015,16.350673460520596,107.0
80309241,KULLEN,-0.3771393643031785,-0.38334731634254554,27,4.003168940908894,33.565426170468186,2599.0
80309298,DYRGRIP,0.3774490574261742,0.38900372267680633,8,4.745087444162833,4.86609231616076,95.0
80309302,DYRGRIP,0.23585271317829462,0.21762123566108016,22,4.687729474067967,4.586206896551724,341.0
80314469,SKOGSKLÖVER,-0.20413679633329412,-0.19971905876004822,6,4.2027481346832545,35.561614120475994,1654.0
80316067,SOCKERBIT,0.5966844503468962,0.4306305323609359,32,4.696218782137683,16.808483212873895,1147.0
80318165,IVAR,-0.009552735170354265,-0.001526111310276736,6,4.40069426461298,15.517241379310343,1415.0
80320347,SMÅÄTA,-0.8055787503599194,-0.8302430303898648,24,4.207908573477453,28.72413793103448,563.0
80321610,DYFT,0.11231884057971016,0.12630434035609356,7,4.492875054782302,2.2988505747126435,95.0
80323303,VARDAGEN,-0.23837209302325582,-0.25341215300150594,15,4.40048085122784,4.586206896551724,2051.0
80324543,SENSUELL,-0.939160442014477,-0.868391393454453,6,3.813730944342724,43.43876708731413,841.0
80325651,BEDÖMA,0.3096,0.3005758677111286,15,4.497507372106502,1.1379310344827585,465.0
80326486,RÖDARV,0.4382059800664452,0.3762210397115164,6,4.688438008373753,28.0767622228056,363.0
80326537,POMP,0.4289617486338798,0.4324746317692107,19,4.687964156257923,4.248115497636387,384.0
80327438,BORSÅN,-0.3827325131205369,-0.33238400848090693,4,4.489936014880001,21.252873563218387,62.0
80329164,PHALAENOPSIS,-0.18267108167770418,-0.15526328634831163,12,4.592978116416172,17.229885057471265,461.0
80329197,TYSSEDAL,-0.2855297157622739,-0.32671963072888616,5,4.497184899267133,115.40828887977021,268.0
80330563,FÄRGRIK,0.7504,0.7461579716413361,7,4.697943455270962,1.2635909491625037,2124.0
80331930,ÅHEIM,-0.4806201550387597,-0.48824291227412653,3,4.118013749832112,71.8096019696348,337.0
80331973,VUKU,0.01734449760765555,-0.039070865625521395,27,4.401158185320606,16.458261256363368,841.0
80332114,EKET,-0.3907637465846995,-0.43544874029158986,10,3.837683326486901,30.729296370180954,295.0
80332468,SUFFLETT,-0.0028984098596477603,-0.0125422044092769,6,4.249944360765219,17.229885057471265,74.0
80333284,BROR,-0.1627450980392157,-0.15292576127760907,5,4.22908152652152,20.288548241659154,140.0
80334127,BINTJE,0.8943965517241379,0.8218909668078145,25,4.791058906614409,0.793103448275862,676.0
80334603,EKET,-0.24739583333333334,-0.2568175397500557,7,4.109645371327903,22.988505747126435,645.0
80334617,EKET,-0.0742506811989101,-0.07954081678500441,19,3.7751098408309396,5.747126436781609,163.0
80334858,KUNGSFORS,0.18479236812570143,0.19182777185880315,14,4.335378242916457,10.05940836516799,61.0
80334919,KUNGSFORS,0.42670051579626045,0.4393719082382381,14,4.668758022626951,22.98275862068965,123.0
80334924,KUNGSFORS,-0.1904176904176904,-0.18981883302861657,19,4.584493340419048,171.26436781609195,150.0
80335117,LYSEKIL,-0.23758865248226949,-0.2546697515363866,15,3.9628608879899376,17.241379310344826,141.0
80335546,ULLVIDE,0.028754578754578763,0.024076150636271054,18,4.300772920683185,14.807078608800213,3611.0
80335773,SMYCKA,0.4639303482587065,0.41350153585499744,24,4.691100770081617,4.0631971662917,477.0
80335909,SKÅDIS,0.46382978723404256,0.281402300964651,21,4.595157771729368,10.344827586206897,520.0
80336433,GUBBARP,0.5274686370224747,0.5187553005616592,20,4.496700332747541,0.7595562221196739,226.0
80336466,KROKHOLMEN,0.36616334934797534,0.3759678815109605,18,4.780111798687179,55.29391555021007,294.0
80336758,NYMÅNE,-0.5588888888888889,-0.5458708242415532,18,4.210302424193722,49.85498463107888,428.0
80338408,BAGGANÄS,0.7650040551500406,0.7595436755300459,4,4.7894470768544215,5.950012995348196,570.0
80338413,BAGGANÄS,0.6846496106785317,0.6388392620853766,17,4.69378685640395,7.836222940542658,691.0
80339790,HACKÅS,0.6993784394654088,0.6993019272692274,16,4.663892468773771,4.943108604715609,104.0
80340048,EKET,0.03684879288437104,0.03842152034320303,19,4.244610496994175,7.0,85.0
80340411,ISTAD,0.2943037974683544,0.27809835206987105,3,4.762393219335758,2.9489777426316746,1367.0
80340454,BRIMNES,0.030175983436853016,0.005237041474809481,4,4.597784762917007,52.82893914244588,1158.0
80341646,ÄLMAREN,-0.6615324813446855,-0.6774463591029428,20,4.012607509523693,134.73848587716327,632.0
80341986,LAXVIKEN,0.24167476362329965,0.2166812040880785,14,4.59110880952355,33.61940444980897,275.0
80342575,LAGT,0.47000000000000003,0.4499070201994453,21,4.499072443767742,8.148798695188507,883.0
80342882,STORHET,0.5814396695510058,0.5470053375182182,18,4.776584457322264,3.1145017783352005,247.0
80342900,MOTTAGA,0.49382048734879913,0.5104729952609424,14,4.786569006905627,4.563218390804598,444.0
80343419,RIAN,0.009493670886075944,-0.0005789943293393717,5,4.3321250711540245,34.47126436781609,69.0
80345239,STOCKHOLM 2017,-0.6762820512820512,-0.6554972804972805,3,4.496468777150877,250.86255567404805,210.0
80345461,EKBACKEN,-0.464720194647202,-0.4516696803370189,7,4.239955488612175,148.2758620689655,97.0
80346960,PAX,-0.36852861035422335,-0.40174807697800274,13,4.497812177147827,189.65517241379308,350.0
80347078,KARTOTEK,0.146502758844531,0.09620911216754842,6,4.7455691332491226,17.620803664894332,112.0
80347506,ENERYDA,0.5654481132075472,0.548594923505092,17,4.594480680488136,6.896551724137931,454.0
80347511,ENERYDA,0.5070754716981132,0.5164918642349327,7,4.594480680488136,9.99846177511152,454.0
80347728,FÄRGMÅRA,-0.09090909090909094,-0.07913222051584494,9,4.11007067904,9.555822328931573,617.0
80347747,FÄRGMÅRA,0.24612587807547037,0.22219709223207015,12,4.226256463945144,2.28735632183908,157.0
80348134,EKBACKEN,-0.4081145584725537,-0.4065137121885995,3,4.239955488612175,89.9458972046889,97.0
80349671,TOBIAS,-0.5565217391304348,-0.5731483332403258,21,4.006986258474339,91.95402298850574,1155.0
80351517,BESTÅ,-0.25462962962962965,-0.2734457060142652,15,3.935823946918996,17.946877243359655,261.0
80354686,TOLKEN,-0.20000000000000007,-0.2547654121448607,7,4.4054069629913055,68.82312456985547,166.0
80354691,TOLKEN,-0.12637362637362642,-0.15994466526381423,3,4.4054069629913055,91.81370537546164,166.0
80359617,MITTLED,-0.31647589698437156,-0.30802508831139863,12,4.021508874515486,27.01149425287356,363.0
80359844,STRANDMON,-0.17084639498432597,0.030919099236470356,7,4.5993049309472775,292.83137962128046,3730.0
80360022,SJÖRAPPORT,-0.12790697674418605,-0.10665106111479036,13,4.688617264057882,8.60919540229885,369.0
80360951,IDÅSEN,-0.17099056603773588,-0.1688760512214358,3,4.662982194877312,376.32519917194657,101.0
80362974,SLÄKT,-0.17952080761770411,-0.21258027087359677,18,4.407157418635972,68.56065094600466,121.0
80365185,GALANT,-0.8823593296293756,-0.8771752374160072,6,4.020420255306025,389.6551724137931,65.0
80369112,NORDVIKEN,-0.3209757675274917,-0.3252309955066067,6,4.404233536980426,97.82207045169746,217.0
80371520,TROGEN,0.44285714285714295,0.40619189955212737,19,4.5944571940221275,28.72413793103448,452.0
80372553,SONGESAND,-0.2807203389830509,-0.28895348298627316,7,4.4041453382933335,153.6686663590217,222.0
80377937,FENOMEN,0.09368916288124596,0.09064269327715434,16,4.670033205376871,8.02098580495408,687.0
80378338,STICKAT,0.41917593834661615,0.36600865002688104,12,4.404853078977562,5.867354624487479,187.0
80379347,TROLLBERGET,-0.18750000000000006,-0.18456426490195205,11,4.406767899254422,148.2758620689655,143.0
80381294,TISKEN,0.0664335664335664,0.06587485660549465,31,4.401198652036626,3.870121351262709,812.0
80382439,LISABO,-0.16747572815533973,-0.13189473279784997,11,4.597319836615637,180.89093309484264,954.0
80385923,FONNES,-0.028332730188465036,-0.028011955924203236,6,4.070645527503449,6.889432090561739,98.0
80386423,HOPPVALS,0.06075600259571706,0.0906660308922405,10,4.499206779497931,45.97922070344615,997.0
80386437,HOPPVALS,0.2398648648648649,0.2581656651478874,10,4.499206779497931,34.07919471274976,997.0
80388587,STRANDTORP,-0.13879501044611037,-0.13602417597442817,10,4.688284258485107,642.528735632184,358.0
80388969,RYTMISK,-0.662962962962963,-0.6558231090442086,15,3.967079739532886,148.2758620689655,131.0
80390359,HEKTAR,-0.03757440476190477,-0.024679540690725383,12,4.4981866693477475,28.72413793103448,426.0
80391844,DUVHOLMEN,0.2281012299724874,0.22118856366412895,8,4.5884729256212395,8.600130347197535,208.0
80391882,SAXBORGA,-0.5199004975124378,-0.5014635148514864,13,4.4032834362719475,19.528735632183906,285.0
80393065,IKEA 365+,0.3847710698790733,0.2942431112301876,12,4.693315449454325,3.8390804597701145,641.0
80393131,IKEA 365+,0.10873015873015868,0.09708071717405743,27,4.6944449951959655,6.896551724137931,775.0
80393517,TORNVIKEN,0.152932098765432,0.16351483018469712,14,4.589863350935409,45.97126436781609,239.0
80396422,FJÄLLBERGET,-0.480891719745223,-0.4648515289470101,9,4.492332201813334,205.7471264367816,87.0
80396865,FRIDANS,-0.13970588235294118,-0.1795369458897707,21,4.101863310370163,22.520288548241663,3414.0
80396926,FRIDANS,-0.5108695652173914,-0.6163830070479688,3,4.101863310370163,43.20689655172414,3414.0
80397313,TRONES,0.4628619718974962,0.3721629993887126,32,4.696307528240068,33.747035212552454,1175.0
80397394,SKURUP,0.36294657225619564,0.35058627704632717,14,4.578290676586667,13.113611498049645,102.0
80397501,VOXTORP,0.07571785268414483,0.12909113866803476,4,4.496645338293334,39.6551724137931,222.0
80398058,HÅLLBAR,0.5127659574468085,0.39687617636071293,25,4.599413657706594,6.196177273681999,4425.0
80399897,RAMSHULT,0.03765690376569039,0.04187412717155795,13,4.118808474089412,5.154639175257731,322.0
80399996,SKUBB,-0.12632675438596494,-0.15464782337286015,4,4.498123266178088,10.791103095882175,411.0
80400004,SKUBB,0.21766169154228854,0.13307761129727572,15,4.698045643828926,10.70969469737547,2236.0
80400042,BURHULT,0.4738598442714127,0.44726626461050933,27,4.4981866693477475,2.8735632183908044,426.0
80400476,BRIMNES,-0.42548959608323134,-0.40915249191884456,8,4.403128557202516,141.85049702595074,300.0
80401292,KALLAX,0.17139808274025273,0.03790626251270852,6,4.587594672335238,22.988505747126435,192.0
80402809,DJUNGELSKOG,0.10689519306540579,0.08865886413510009,12,4.868359214191305,21.689029030347818,235.0
80402814,DJUNGELSKOG,0.39084507042253525,0.36585078913771124,7,4.780301210128254,9.183908045977011,297.0
80404422,NÄVLINGE,0.21399176954732507,0.22001934009459462,5,4.499521047703985,17.879529580323563,1663.0
80405394,SKAFTET,0.2338141025641025,0.24102600883680267,12,4.691961462026278,39.16140667267809,530.0
80405841,ANSLUTA,0.10596663436081695,0.11590636598683554,8,4.406545270989475,12.621723799411964,134.0
80407114,SKURUP,0.20089285714285715,0.1884422649879866,21,4.5923826935391805,24.47840141052013,324.0
80407835,SIMRISHAMN,-0.25992063492063494,-0.25931672909738945,18,4.587883168327442,94.83974583715029,197.0
80408024,RAKLEV,-0.4356725146198831,-0.4164815661069889,15,4.497175021720702,42.30118443316413,267.0
80409537,BEHÖVA,0.28297872340425534,0.2835669027326872,7,4.572285970110639,1.0582010582010584,451.0
80409783,SMYCKA,0.10323383084577115,0.10389481308875448,15,4.406296716394937,1.482758620689655,140.0
80409797,SMYCKA,0.7343438623817486,0.70990659084582,6,4.717265082538668,1.482758620689655,57.0
80410055,ÅHEIM,-0.505464480874317,-0.5342236450811826,13,4.118013749832112,86.20689655172413,337.0
80411272,VITVAL,-0.5615020801709113,-0.5537186093019749,20,4.306323260611764,372.41379310344826,424.0
80411724,MATTRADITION,-0.8341077771129584,-0.7913446726928584,8,3.760154341550443,360.91954022988506,222.0
80412016,KOPPLA,0.3588700564971752,0.20274397935734034,22,4.695554875065994,8.011494252873563,973.0
80412610,VÅRBRÄCKA,0.43291139240506327,0.39522799646632006,15,4.598047137324138,17.229885057471265,1329.0
80415048,HAUGA,0.03415300546448097,0.03184909618206585,3,4.690526626215915,176.30522088353413,447.0
80415086,NYMÅNE,0.12962962962962965,0.1160610026719035,17,4.686610581125836,45.96551724137931,311.0
80415468,LOMMARP,-0.2904922543561192,-0.28193153233031415,16,4.591884365079127,379.66395215585607,303.0
80417311,ÖVERMÄTT,-0.002380952380952428,-0.02481778134801537,31,4.499816014897258,4.586206896551724,4358.0
80417735,GULLHULT,0.049786628733997196,0.05416361573547602,19,4.49105423544889,25.767468499427263,72.0
80417759,BODBYN,0.11209755445506739,0.0933056532334392,14,4.562244654933334,39.6551724137931,51.0
80417815,MAJGULL,0.025547445255474366,0.00097797468336005,5,4.596634213424289,57.45977011494253,756.0
80418056,POÄNG,0.3096676737160121,0.4476962822283855,19,4.5775420792275865,42.00798151648813,98.0
80419414,LOMVIKEN,-0.2749836504624583,-0.337108218766332,4,4.498418234165815,12.279576144481098,507.0
80419602,LOMVIKEN,-0.502635046113307,-0.5046694935267436,4,4.498418234165815,24.741957491862998,507.0
80421186,MEHAMN,-0.16437414030261344,-0.1794235353386646,9,4.403947941231747,45.08566275924256,234.0
80421247,FJÄLLBO,-0.28450520833333337,-0.2800131781255593,19,4.145353767307801,34.404679972470745,123.0
80421389,MÖJLIGHET,-0.02300719308567266,-0.02478583282773333,4,4.050275344726381,7.1153300161513435,145.0
80422869,HÅLLBAR,-0.22320873565123697,-0.2119845649118929,12,4.031511594610527,20.624123069232354,58.0
80423388,SÖSDALA,-0.388706092565153,-0.40429916092884266,14,4.49473778555817,16.493662095913272,135.0
80423595,DUKTIG,0.18223321771067127,0.17992365908583635,18,4.770591853982939,9.254552730813344,193.0
80423816,STORAVAN,0.1216666666666667,0.20741435084608748,19,4.497775914890608,4.919645785503444,344.0
80424236,SKÖLDBLAD,0.1449526402688063,0.19196477063407916,12,4.107193342171428,3.0335062738085545,871.0
80424444,VÅRVIAL,0.24393203883495151,0.20116317434360523,3,4.412593432789874,23.49199835863767,899.0
80424745,HEMNES,-0.35085574572127143,-0.38748013239214185,19,4.498959794819638,244.8721716132824,756.0
80425641,FRÖSET,0.4174048174048174,0.188733598462302,14,4.495762532581053,100.92842870781601,172.0
80427268,KNOPPÄNG,0.2873134328358209,0.22326381971429082,5,4.590422357317647,3.6921151439299127,1163.0
80427305,KNOPPÄNG,-0.2570093457943926,-0.338808695224645,5,4.5977941415668075,20.266005410279533,1163.0
80427310,EKOLN,-0.4601722391084093,-0.4745190135777302,6,3.919220925366154,9.254552730813344,503.0
80427621,EDSBRUK,-0.07450331125827814,-0.0652521020046401,7,4.594768837731727,11.482758620689655,480.0
80428475,FÖRNUFT,0.5027534317488085,0.4392831173424147,20,4.692365478666205,2.4555784924661896,559.0
80429757,YLLEVAD,0.07812707770045654,0.08610820034098647,12,4.401307334021552,1.482758620689655,743.0
80430204,HYLLIS,0.3476084538375973,0.3572273013077372,9,4.496340369047273,5.747126436781609,202.0
80430534,GRANHULT,0.21042931061313414,0.2024253821357295,4,4.489265082538668,11.74712643678161,57.0
80430746,SYVDE,0.14612750674786407,0.01546236013602682,20,4.76784912533886,171.26436781609195,175.0
80433207,UPPDATERA,0.47576239724211083,0.481286485132214,12,4.4968177122150195,4.600440780993905,235.0
80433542,SMÅSTAD,0.13831018518518523,0.13912339727324427,19,4.582278103336055,42.354630294328786,129.0
80433882,HÅLLBAR,0.3172054675634628,0.30882482720964444,14,4.402978686198804,6.765817680340334,316.0
80434565,BAGGEBO,-0.1260504201680672,-0.14458117843363846,11,4.222860105424876,19.958706125258086,183.0
80435942,FULLÄNDAD,-0.18933054393305443,-0.1418053490245798,5,4.411986520366266,4.248115497636387,199.0
80436994,LOMMARP,-0.13464052287581707,-0.12679242877156038,3,4.689359616401933,458.6206896551724,396.0
80437234,KLEPPSTAD,-0.3827913279132792,-0.36885526087668785,31,4.401249850741709,106.36259103104636,778.0
80439209,SÄLJAN,-0.12362120340843746,-0.06051167125846083,12,4.498326156320998,95.5775538850821,463.0
80442527,HJORTSVANG,-0.9473684210526315,-0.9469832735704463,7,3.9179488119040005,401.1494252873563,82.0
80442607,NATTJASMIN,-0.03103448275862064,-0.012295311503735787,3,4.499395556449249,61.44850225687321,1314.0
80442674,NATTJASMIN,0.18999999999999995,0.18450040904285178,7,4.4997441630728945,26.17251557887832,3129.0
80444442,HULTARP,0.1843434343434343,0.028972682950589145,19,4.497144968760285,13.793103448275861,264.0
80444606,GRILLTIDER,-0.20437878787878788,-0.210586063048056,10,3.9385902748664097,4.04829943951148,295.0
80444946,IKEA 365+,0.2873821924603175,0.27215813855920445,28,4.697625272878922,5.735632183908046,1837.0
80448732,BOAXEL,0.17447916666666666,0.16033156773184412,15,4.40347860556084,9.195402298850574,268.0
80448954,ENHET,-0.1355010716712844,-0.14414528219062475,4,4.496110537151691,99.85104421048365,189.0
80448968,ENHET,0.3150851581508516,0.3123621040219526,5,4.694063182197305,62.906952320940974,724.0
80448973,ENHET,0.011627906976744207,-0.06393854653892546,3,4.492332201813334,65.37455776034456,87.0
80449005,SKOTTORP,-0.07447824808935921,-0.10984917480562961,8,4.402281837592661,22.954022988505745,418.0
80449185,KLOCKREN,-0.16732790697674416,-0.13881300648404538,8,4.596064775212085,10.517178127716832,644.0
80449901,LACK,0.16501942166594735,0.12645305638114263,8,4.499272702069016,47.46605767054763,1089.0
80450414,TOMELILLA,-0.34531746031746036,-0.36220438919081815,20,3.8279499554274885,21.709629676347255,404.0
80451357,SMÅSTAD,0.0784204671857619,0.07441069272783901,5,4.5775420792275865,52.08989708044528,98.0
80452106,LÄTTVIKTIG,0.20320945945945945,0.1688877036012164,8,4.837460009300001,6.608288579614626,172.0
80452639,VARDAGEN,-0.20222929936305734,-0.35326873789811614,21,4.692495538654856,22.466146901928603,569.0
80453846,FJÄLLARNIKA,-0.3469387755102041,-0.4123208028674477,5,4.400297068136877,103.43678160919539,3331.0
80454110,FÖRBÄTTRA,-0.30493827160493825,-0.16955836182647474,3,4.034432273909244,26.4367816091954,220.0
80454493,SÖDERHAMN,-0.25140788415124693,-0.24593589895928408,8,3.8812650825386683,151.04955264969027,57.0
80454902,TRANHULT,0.0198087431693989,0.015446521495324387,13,4.490415252266668,28.735632183908045,66.0
80455483,NYMÅNE,-0.27108433734939763,-0.28025078965434075,11,4.498979570583524,57.41379310344828,771.0
80456637,TVÅLSJÖN,-0.27411167512690354,-0.18928881797902788,19,4.4952359833751485,14.93103448275862,151.0
80457774,BERÄKNA,0.6191552957909241,0.5912950012963035,18,4.696569222110904,2.4710020640134887,1266.0
80457830,GRUSSTARR,-0.05371900826446274,-0.08706503560494147,5,4.49685500465,45.96551724137931,238.0
80458047,FJÄLLHAVRE,-0.2191331856824814,-0.209138448029935,14,4.4987983301349255,160.5988493443246,652.0
80458189,PAX,-0.6580003275466755,-0.6387854134742946,4,4.307615480082834,229.8166392993979,349.0
80458207,PAX,-0.7002935772392553,-0.7010308335058233,12,3.8113960204738166,111.7816091954023,1017.0
80458735,FJÄLLBRÄCKA,-0.392546869768999,-0.3746032380861468,6,4.401293733667621,166.20809927412165,751.0
80458815,IDANÄS,-0.07722734254992325,-0.07637015272309791,8,4.593454475352765,156.56745386026722,380.0
80458839,IDANÄS,-0.5057870370370371,-0.5122590650282765,7,4.488660298456339,262.0247847090947,53.0
80458976,IDANÄS,-0.4083044982698961,-0.3946015230673144,3,4.495933743385859,642.7586206896552,180.0
80459042,FJÄLLARNIKA,-0.28571428571428575,-0.3286720951467628,5,4.400297068136877,57.45977011494253,3331.0
80459297,FJÄLLARNIKA,-0.332183908045977,-0.33502252458009474,11,4.400297068136877,92.60588657573582,3331.0
80460125,FABRIKÖR,-0.2125171939477304,-0.21695243058891792,3,4.591755953134178,228.73563218390802,298.0
80460823,LAGKAPTEN,0.004672897196261683,0.006552267460880316,9,4.303597015689061,34.47126436781609,759.0
80461243,TIDVATTEN,0.054560535093321955,0.00763571169527542,6,4.604199917085574,8.091640726904597,63.0
80461276,LILLHAVET,-0.13414634146341464,-0.23608721742380737,27,4.401124159537175,13.886733902249805,867.0
80461342,BOTANISK,0.2499066102932437,0.180757366187037,12,4.65363032832,5.735632183908046,77.0
80461380,KALAS,0.7976,0.7520583044663598,33,4.796584964881894,1.7126436781609193,1799.0
80461889,BÄNKKAMRAT,0.38626901016139836,0.37512954871748233,12,4.579960624541539,18.34209325886203,112.0
80461945,STARKVIND,-0.49047619047619045,-0.4504768574985318,11,4.492746677390992,194.25287356321837,93.0
80461988,ÄNGSKORN,-0.27542372881355937,-0.23876870768891428,13,4.302032640865746,51.712643678160916,1357.0
80462596,ÄLVDALEN,-0.20999999999999996,-0.2036534402918204,15,4.308547037279511,343.67816091954023,309.0
80463548,MITTLED,-0.144963144963145,-0.1437343906955562,15,4.161489242215385,20.64693737095664,86.0
80463713,MIDDAGSMAT,-0.7262996941896024,-0.7123587706102016,21,4.113901915631304,14.89463315622948,442.0
80463925,VADSÖ,-0.7119209409427487,-0.6726689611907841,6,3.820875895912212,126.3080919134908,547.0
80466368,JÄLLBY,0.30677290836653387,0.30324485080200325,5,4.577148080617544,15.752993068683049,96.0
80467198,SANDVEDEL,0.09908963585434175,0.08950338622119125,8,4.207293462206985,22.253042717693553,612.0
80467202,SANDVEDEL,-0.11678832116788324,-0.15039132064832786,7,4.207293462206985,31.65175498967653,612.0
80467424,DRAGAN,-0.052013422818791955,-0.03137084069229044,7,4.488331611455074,4.486023444544634,74.0
80468857,TVETÖ,0.0515463917525773,-0.0039478773529535,19,4.402740719532783,22.97701149425287,345.0
80469116,JUTHOLMEN,-0.16129032258064513,-0.22528615621490103,17,4.578820172279675,93.05514741894407,105.0
80469277,ÄNGARNA,0.2154255319148936,0.14636653279235912,19,4.589145338293333,22.97701149425287,222.0
80470370,VÅGSTRANDA,-0.8493425095243947,-0.8401321607786815,4,4.2969867729303965,529.1863959408969,1082.0
80471020,LÄRBRO,-0.20292207792207795,-0.26188944690089416,23,4.5965631677973615,19.843101061375172,740.0
80471831,LÅNGDANS,-0.353448275862069,-0.3386135827636672,9,4.12920037073242,40.2183908045977,201.0
80472492,MULLFJÄLLET,-0.6822429906542056,-0.6856942757505576,7,4.179936014880001,241.02079395085065,62.0
80472878,SMEVIKEN,0.007334963325183352,0.027400315190770852,7,4.489677963979489,31.505986137366097,60.0
80473731,VALLMOFRÖN,-0.1915422885572139,-0.17530765429850745,11,4.682519369803176,28.72413793103448,234.0
80474151,EKET,0.20969945355191255,0.1960986754249893,17,4.498642295430692,17.18213058419244,575.0
80474434,STUK,0.189873417721519,0.1562691271213801,27,4.598660607295835,6.885057471264368,1927.0
80474453,TILLAGD,-0.53390724522293,-0.5325643039537885,12,4.572863345733334,74.43927945855746,78.0
80474759,TROTTEN,-0.5114959113557043,-0.5190591925492228,12,4.413817794311113,263.2183908045977,54.0
80474764,TROTTEN,-0.4177412422093273,-0.4398952875636894,6,4.3189059105159835,131.60344827586204,135.0
80474839,TROTTEN,-0.5206327372764786,-0.5124456969427482,5,4.413817794311113,263.2183908045977,54.0
80476334,KORKEN,0.1618207997044765,0.1438978737747968,32,4.59784344469404,4.076187989969227,1190.0
80477710,HEKTOGRAM,-0.2755102040816326,-0.2607225283304696,19,4.403023954986019,34.404679972470745,311.0
80477734,NYMÅNE,-0.2758928571428571,-0.30116863168147995,12,4.498979570583524,65.03582812613396,771.0
80479790,SPJUTVIAL,0.13901515151515148,0.15264762338082297,4,4.583919019693827,36.83800095694593,144.0
80480393,BRUSALI,-0.5101987447698745,-0.5338589867046657,28,4.302146606137019,103.43678160919539,1284.0
80481118,KOPPANG,-0.11800092472224827,-0.12837153504087725,4,4.6799212270217385,125.88045887210035,920.0
80482373,KROPPSVARM,-0.009964030264191511,0.008676614505828403,24,4.20484692108692,1.1379310344827585,930.0
80483075,OMAR,0.3710462287104622,0.3672696423076823,3,4.711355445577144,58.45151399003449,52.0
80483438,ALEX,-0.5003452524530606,-0.5246405764109512,24,4.401419231370044,161.13059699689688,683.0
80484329,IKEA 365+,-0.7221080973274829,-0.723866527212339,20,4.401680542551352,43.93423940203811,574.0
80485098,TROTTEN,-0.5234013625621706,-0.5371171586969086,18,4.117714352327978,90.37524745291915,343.0
80485338,PERJOHAN,0.4459613196814562,0.483636746975112,21,4.69300774792127,34.47126436781609,612.0
80485423,ALEX,-0.05816993464052278,-0.14345099582923393,23,4.597328083272205,148.2758620689655,957.0
80485545,STANDARDMÅTT,0.30891719745222934,0.32634757865847136,19,4.498007131659406,1.1379310344827585,386.0
80485569,LINDBYN,-0.13383838383838387,-0.04365330633987352,3,4.696503873960635,57.45977011494253,1242.0
80486205,BERGMUND,0.053921568627450955,0.03734739859295572,5,4.3054694348148725,17.241379310344826,493.0
80486328,GURSKEN,0.09409238478571758,0.09708154405489555,18,4.496927027444275,27.237646668952685,244.0
80486724,FÖRHÖJA,0.00983796296296291,0.008530877431228689,5,4.6650387396063495,164.39339554917444,108.0
80487016,LAGKAPTEN,0.018518518518518517,-0.054788121454788126,3,4.303597015689061,51.72413793103448,759.0
80487813,EKENABBEN,0.09290482432897296,0.034358547166586303,16,4.595437620298424,79.85632183908046,553.0
80487827,IDANÄS,-0.11475409836065575,-0.10355897698295595,11,4.659586065966973,263.2183908045977,91.0
80487870,IDANÄS,-0.14610661874812814,-0.14319618141112128,8,4.670435444230873,268.9113289191605,131.0
80488544,NORDVIKEN,-0.38041793112547834,-0.3815820769364642,10,4.5895795247616,573.5727075442895,232.0
80488737,VIHALS,0.20941701047890757,0.2143036727496833,20,4.590206320264661,40.224137931034484,248.0
80488902,IVAR,-0.31557377049180324,-0.31665851812048434,7,4.138292701738923,39.181114702713295,149.0
80489138,TONSTAD,-0.6740394686726339,-0.6438907813794238,6,4.2321320362965045,630.3145528684933,125.0
80489176,TONSTAD,-0.6818181818181818,-0.6606922050089528,5,4.2321320362965045,527.5862068965517,125.0
80489303,TONSTAD,-0.15152579803252364,-0.1539973435080135,6,4.648175072828236,302.7538038825228,67.0
80489322,TONSTAD,-0.3822398550690912,-0.3325673421067653,16,4.4067221702054065,135.5162000617809,130.0
80489690,BEKRÄFTA,0.26093613298337703,0.2607786206962193,10,4.308148341662974,14.33151891021134,325.0
80489973,SPANTAD,-0.16946308724832215,-0.192641266218492,15,4.305109472011701,4.586206896551724,529.0
80490113,VIHALS,-0.6035763597853419,-0.6102618965582435,16,4.334083916956098,237.81280703176338,65.0
80490453,GLADSTAD,-0.768542199488491,-0.7751753535129035,7,3.9740361569659264,249.0,117.0
80491711,HEDEVIKEN,0.06693989071038253,0.06930005775467592,3,4.496830240907086,29.305680793507666,236.0
80492616,KNARDRUP,-0.6658599624060151,-0.669602156309019,4,4.402245781468173,165.51724137931035,425.0
80492800,SNÖDJUP,-0.054216867469879526,-0.11829738796253882,19,4.488817794311112,24.08809359944941,54.0
80495200,FICUS ELASTICA ROBUSTA,-0.8255535237718692,-0.8200872022543,12,3.879695143178379,60.18336121794175,130.0
80495709,VÄSTERVIKEN,0.153503893214683,0.14929941863535495,5,4.572863345733334,32.827246614690196,78.0
80496025,IDANÄS,-0.3221757322175731,-0.3304534620546649,15,4.5909544485777785,378.1609195402299,270.0
80496365,BESTÅ,-0.17516339869281045,-0.1936651708185625,11,4.411568385934885,68.9655172413793,68.0
80499199,VARMBLIXT,-0.6106437255753365,-0.5719524524366139,22,4.208075362373287,57.45977011494253,551.0
80499378,TOTEBO,0.25,0.25599433205987354,17,4.580702823632593,3.150057273768614,117.0
80500796,LABBSAL,-0.7042889390519187,-0.6089806413836238,9,4.214314271621184,20.678160919540225,303.0
80501258,BLIDVÄDER,0.05208333333333326,0.06531262133588038,19,4.684323420606406,57.45977011494253,263.0
80501951,STARKVIND,-0.47468354430379744,-0.4810431667135865,9,4.492746677390992,225.2028854824166,93.0
80502125,VALLASÅN,0.49099415204678365,0.46006109866304407,4,4.68920314017255,10.07719559826565,390.0
80502154,JÄMLIK,0.26408108464301006,0.26566610959021164,14,4.672807908582717,6.812682026885565,144.0
80502922,GRADVIS,0.5038546491679533,0.49106230906397597,16,4.766817546472728,6.885057471264368,169.0
80502998,BAGGEBO,0.2669632925472748,0.24773534501529296,27,4.596727237676382,39.35716628402755,778.0
80503375,LINANÄS,-0.06653645833333333,-0.1045785108651992,8,4.223443271379592,247.70528896529157,178.0
80503436,SMÖRKULL,-0.4279661016949153,-0.42775669411942757,15,4.2389396711050855,148.2758620689655,100.0
80503549,SKRUVBY,-0.12222222222222223,-0.11972188221194521,9,4.575653095237383,116.31108052305574,89.0
80504049,UPPDATERA,0.9148936170212766,0.8620784869522539,3,4.796022359737436,3.99,1542.0
80504308,PARASOLL,-0.08284494580122764,-0.09107257053727544,10,3.983990598238656,11.482758620689655,101.0
80504394,BARNDRÖM,0.4562707864413613,0.38954577962703824,14,4.67313951945366,22.97701149425287,146.0
80504695,BARNDRÖM,0.41695501730103807,0.3573365876627757,15,4.654113345733334,22.97701149425287,78.0
80504935,GRÅVACKA,0.15833333333333333,0.15902911176039444,9,4.252214558981819,6.896551724137931,70.0
80506227,ÄPPLARYD,-0.41666666666666663,-0.39322756896174,11,4.3174680074400005,944.6544843520268,142.0
80506388,VEVELSTAD,-0.25,-0.2017469016677988,13,4.403916855080316,127.65640304927388,236.0
80506680,UNDERHÅLLA,0.05117481203007518,0.039097405339767424,14,4.673779054704763,7.930455210243835,150.0
80507482,SKRUVSHULT,0.5243151148289331,0.5299506239386624,18,4.573948811904,3.69199624523586,82.0
80507608,MATCHSPEL,-0.6756756756756757,-0.6481804240471601,5,4.110381300633766,205.7471264367816,598.0
80507627,UTESPELARE,0.252,0.18815201071611234,25,4.693073712563522,171.26436781609195,618.0
80507793,LÅNESPELARE,-0.1822429906542056,-0.18463616200278066,13,3.4890443744581825,39.99,92.0
80508429,KLARBÄR,0.18939393939393945,0.1958126903740113,11,4.661358606933334,10.333333333333332,96.0
80508721,STAGGSTARR,0.3748104784366577,0.3758189259811999,4,4.497652714840816,3.980174019349478,325.0
80508735,STAGGSTARR,0.38250918413193435,0.2711425649935659,14,4.497652714840816,6.885057471264368,325.0
80510007,TONSTAD,-0.29966421295819956,-0.28895801059263615,6,4.4067221702054065,109.23482678203703,130.0
80510639,JÄRVFJÄLLET,-0.8502336448598131,-0.8166344393717243,16,4.011509664593259,260.1888059406723,694.0
80511083,ARTISTISK,-0.8823079681106847,-0.883874685500217,14,4.009833859235165,45.96551724137931,73.0
80511525,ENVÄLDIG,-0.5961398030871503,-0.566022022658243,18,4.020334692780149,8.875383809941562,385.0
80512087,STEFAN,-0.27049204965583573,-0.27198735467182716,18,4.160329067833962,51.718390804597696,88.0
80512657,TOLKNING,-0.6518987341772152,-0.6525542994934058,17,4.223443271379592,171.26436781609195,178.0
80512799,THORGUN,0.5785714285714285,0.5652711723368912,21,4.498257318593939,4.398080125379567,444.0
80512983,SKOVELSJÖN,0.352759009009009,0.3174838929086593,28,4.499384935974332,2.28735632183908,1291.0
80513143,HEMKOMST,-0.41124780316344467,-0.40509633201998435,9,4.594158926435875,40.2183908045977,428.0
80513416,TRÅDFRI,-0.64,-0.6006851119894598,3,4.488160017505884,21.008403361344538,50.0
80513529,ENKELSPÅRIG,-0.5984,-0.5981294690690359,8,3.8172439783485377,7.282714926477801,666.0
80515104,LOHALS,-0.06691629266256138,-0.04227684384928279,8,4.671018955200001,70.71925112843661,134.0
80516778,SKURUP,0.5865384615384615,0.5853568620281807,19,4.751140796774804,17.229885057471265,109.0
80516962,LUNNOM,0.4563492063492064,0.4529707087053949,19,4.4968177122150195,4.817618719889882,235.0
80517122,SVARTBJÖRK,-0.8438016595246121,-0.8477199585698787,12,4.004113345733334,34.47126436781609,78.0
80517136,KIVIK,0.5909090909090909,0.6029661696328362,3,4.411986520366266,71.29667624128027,65.0
80517377,VAPPEBY,-0.7678571428571428,-0.710461960351099,12,4.161489242215385,68.75558921978916,86.0
80517674,SKYNKE,0.4774342741730172,0.3683037226648857,26,4.596672900626309,1.3564154985105525,765.0
80517688,DYTÅG,0.08131487889273353,0.04902347855555839,17,4.404974405952001,20.678160919540225,182.0
80518466,VRIGSTAD,-0.27308136494378105,-0.2724845334155941,12,4.670033205376871,48.577752465580915,129.0
80519951,VIMMERN,-0.7775616803734163,-0.7931892481970608,10,3.833283148925491,222.98850574712642,84.0
80520011,ISNÅLEN,0.10136481370790995,-0.006464742029522757,10,4.584211401153939,28.72413793103448,147.0
80520718,UPPDATERA,0.4817778185029072,0.26907113494237206,18,4.689536534894062,15.452491850500753,403.0
80521242,BALTSAR,-0.6639004149377593,-0.5529074738034171,3,4.322722611304066,197.4156496769562,105.0
80521529,GRIMO,-0.6609353507565336,-0.6590264398991418,3,4.308599634432,235.08668821627975,307.0
80521534,GRIMO,-0.7036581025852964,-0.7153858000056426,10,4.308599634432,316.0919540229885,307.0
80521930,UPPFYLLD,0.6473509933774835,0.578583856702236,23,4.688903982847355,1.0919540229885056,379.0
80524882,UTRUSTA,0.27941176470588236,0.3011994887260996,17,4.498373497354343,13.793103448275861,477.0
80525278,BILLY,0.27173755787037035,0.2653210040995034,6,4.5917297815568245,24.750140875274415,297.0
80525674,ISTAD,0.6026942355889724,0.5243621716889661,32,4.795988934189011,3.4578123364670104,1529.0
80526503,BLÅVINGAD,0.006580741953082392,0.020956756994897595,16,4.490415252266668,4.059383351802359,66.0
80526579,SILVERARV,-0.46266857278407547,-0.42012423028410684,14,4.568613026390362,22.97701149425287,65.0
80526640,HEJSTA,0.2701504289088724,0.25858280724093163,8,4.63965590671781,63.72546692930203,55.0
80526975,KIVIK,-0.37747668997669,-0.37585363854895104,4,3.468822936771256,165.5290911245408,259.0
80527239,BÄVE,-0.7475382128159906,-0.7373082749185492,12,3.9587934187670597,73.81425225169201,152.0
80528031,DVÄRGMÅS,-0.15357142857142858,-0.11144289265770042,19,4.766276528208696,20.040091638029782,166.0
80528168,SANNAHED,-0.19935397367137975,-0.18260093939801675,4,4.598119047790902,21.827586206896548,1367.0
80528413,FENOMEN,0.24418604651162787,0.25638622534120875,11,4.586776046651777,3.7576061727620598,179.0
80528470,TONSTAD,-0.4003496503496504,-0.41077441100260204,11,4.414418567976813,148.2758620689655,51.0
80529238,HAVSTA,-0.7482029551404357,-0.7412914164475641,8,4.178949150498767,263.2183908045977,63.0
80529554,UPPSTÅ,0.5997458703939009,0.6039527631841584,19,4.7435898290036365,24.45777572681126,92.0
80530816,BÅRSLÖV,-0.8168115942028986,-0.7826534871722716,6,3.9300146582294295,786.1930843742693,315.0
80530859,ROSENVIAL,-0.6411583734617443,-0.6564659241376101,8,3.740703237097007,69.44902298850575,316.0
80530864,ROSENVIAL,-0.6368385753115182,-0.6302019597616119,4,3.740703237097007,44.06422328051438,316.0
80531081,GLADELIG,-0.06825396825396823,-0.09482367237205942,19,4.7688184984442215,31.022988505747122,181.0
80531364,VALLASÅN,0.8030998851894374,0.7565370607397316,4,4.68920314017255,1.311386378528991,390.0
80532009,SKRUVBY,0.31040497193263833,0.3014518972951659,14,4.67902324376381,45.96551724137931,192.0
80532603,TJABBIG,0.25,0.2220528756812903,17,4.59417199371454,4.586206896551724,429.0
80532641,RÖNNVECKMAL,-0.328049002156145,-0.31445157194120227,12,4.116696817729504,23.7277064523865,365.0
80533198,RYKTA,0.7934947049924357,0.7168942685258345,25,4.690841748836591,4.586206896551724,463.0
80534329,FRÖSVI,0.4367445709413712,0.38825388239646264,8,4.593320208180513,27.87779678138846,372.0
80534433,PÅLYCKE,0.7425531914893617,0.5455985508312353,27,4.69466692638063,3.8097385031559963,808.0
80534758,LILLÅNÄS,0.18721922731356694,0.19729553709610662,12,4.670033205376871,94.37379458962849,129.0
80534876,HÖVLIG,-0.9032904322486643,-0.8859050267385303,16,4.045527117724445,40.224137931034484,162.0
80534923,LETTAN,-0.696969696969697,-0.6193627225830125,9,4.493176959240678,285.79610538373424,100.0
80535079,ÄNGSJÖN,-0.03488372093023262,-0.044390114311142544,13,4.679318691034743,228.73563218390802,195.0
80535084,ÄNGSJÖN,-0.49818456397403765,-0.49922057492061617,6,4.4037401548511275,195.16705652711255,248.0
80536031,KONSTFULL,0.1280193236714976,0.12056503271781104,9,4.780548216897806,22.97701149425287,301.0
80536314,KÄRRDUNÖRT,0.13158949602611575,0.10774497728758015,24,4.597410418678329,53.102053771577076,988.0
80538209,TONSTAD,-0.3984593837535014,-0.35889734272042567,7,4.4902997733783145,171.26436781609195,65.0
80538389,FÖNSTERBLAD,-0.18283582089552236,-0.17050583755391166,15,3.8202313571018864,14.93103448275862,565.0
80538450,FÖNSTERBLAD,-0.36764705882352944,-0.36412133339442043,13,3.8202313571018864,26.149968494013862,565.0
80538855,PRAKTSPIREA,-0.5467256782230965,-0.5869361817117539,12,4.179936014880001,45.51431858462112,62.0
80540349,TRETAKT,0.15034217966842306,0.14869901211228195,16,4.310089823792057,9.183908045977011,259.0
80540839,PLIRA,-0.21311475409836064,-0.2291426771870971,5,4.3405055244985515,6.377496699459137,51.0
80540882,TJALLA,-0.25120772946859904,-0.26016805763983514,9,4.4966028742210975,11.482758620689655,219.0
80541155,PÅLYCKE,0.3,0.2275883806491147,21,4.30751312147957,2.1187342958136366,354.0
80541565,VATTENKAR,-0.39908256880733944,-0.07813256179569009,19,4.49863075032381,25.118449389806173,570.0
80541589,BÅRSLÖV,-0.7988165680473374,-0.8148037808820093,19,3.6102235973743593,636.6833186404153,138.0
80541594,BÅRSLÖV,-0.7759259259259259,-0.7687252657413551,18,3.9300146582294295,793.5303873188295,315.0
80541631,HORNVALLMO,-0.3547008547008547,-0.36496431832176823,17,3.8575360058068298,26.425287356321835,187.0
80541693,VALLSTENA,0.25428760870723494,0.28466981437022876,10,4.580844714635295,21.839080459770116,118.0
80542961,VARIERA,0.5673758865248227,0.46690983324679897,11,4.599518995788478,9.183908045977011,5398.0
80543263,SNUDDA,0.10971786833855801,0.0877998334649049,3,4.76850193497665,11.482758620689655,179.0
80547384,BROR,0.04828462515883103,0.04119614820109182,3,4.689755537652093,199.0,412.0
80547567,TRÅDFRI,-0.35005145768659734,-0.34313001740917015,10,3.7033213502711413,19.16365368040617,131.0
80548208,BARNDRÖM,-0.6293706293706294,-0.6408593890539233,17,4.3170419584780495,44.73503097040605,146.0
80548430,SOLHETTA,0.2689243027888446,0.2524402105687715,15,4.407424486495524,9.183908045977011,116.0
80548661,VATTENKAR,-0.5751013171225938,-0.558410459515246,14,4.488498302720001,25.634208941910018,52.0
80548939,RÖDALM,-0.7112068965517241,-0.6975408198218771,3,4.4011029724949005,32.14890016920474,884.0
80549420,RÅGRUND,0.26619047619047614,0.2634387818992618,18,4.6559488119040005,54.55854451541772,82.0
80549482,SORGMANTEL,0.3195592286501377,0.2762632485940994,23,4.597219723789114,19.841269841269842,919.0
80549627,DVALA,0.18055555555555558,0.15589081492811127,3,4.400310415348019,14.93103448275862,9126.0
80551682,LYSEKIL,-0.4236453637408292,-0.4811748038037545,14,3.9613182895116568,52.87461634534526,145.0
80555835,FRUKTSKOG,-0.018798230754752496,-0.01281154111754799,10,4.23797422471405,1.7854418394950407,103.0
80556062,BRUKSVARA,0.32635566188197773,0.32290686542086866,4,4.60137400391806,13.485476094212528,167.0
80556401,LETTAN,-0.5858895705521473,-0.4863202834281823,11,4.409948811904001,24.47840141052013,82.0
80556873,SÄLJAN,-0.13892373855553153,-0.1208522327231024,18,4.498326156320998,98.04128544124133,463.0
80556887,MJÖLKKANNA,-0.10017935384467236,-0.10791544798480754,16,4.655503850408082,18.12228733267939,81.0
80556905,BERGTUNGA,-0.2258347978910369,-0.2364422152390413,3,4.311003469253544,4.586206896551724,236.0
80557448,RÅDHUSVIN,-0.03439803439803446,-0.03717895808145109,5,4.576099827434863,74.70114942528734,91.0
80558042,NÄSFJÄLLET,-0.6560905874609182,-0.5772737743603067,6,3.7844402558409946,76.72431899992033,143.0
80558216,BRUKSVARA,-0.7447552447552448,-0.4864139610975054,3,4.144102628899311,13.79461765259394,127.0
80559466,KOLSTAN,-0.817133600152468,-0.7376076472405731,4,3.8788800156631593,516.0919540229885,58.0
80560667,VARDAGEN,-0.6836555360281196,-0.6849865442065931,15,4.412920534940261,62.906952320940974,59.0
80561351,BÄCKRÖDING,-0.2855709227987061,-0.2798852263141051,12,4.320702823632593,5.735632183908046,117.0
80561803,LAGERPOPPEL,0.5734348087060911,0.4647271979574993,4,4.498007131659406,3.3562448265235774,386.0
80562096,KALLAX,-0.1660978384527872,-0.07469603099427238,5,4.496700332747541,80.44827586206895,226.0
80562341,JÄRRESTAD,0.6638814616755793,0.6476059489614875,16,4.564313440964384,79.3103448275862,55.0
80562510,CITRONMELISS,0.5547880824883217,0.49058517089159226,8,4.753344971356392,10.222599987464136,116.0
80562770,MOPPE,-0.8059324644165613,-0.8144877811219827,12,4.21646910820932,34.47126436781609,261.0
80563449,SANDTRAV,0.02603252603252601,-0.071432701645152,10,4.315356490057143,17.229885057471265,164.0
80564104,TRETTIOEN,0.2692307692307692,0.2672641020702792,13,4.575423407456604,17.229885057471265,88.0
80564854,ROSENROBINIA,0.3228346456692913,0.3071914086722159,9,4.582632541269334,31.400966183574877,132.0
80565274,TOSSBERG,0.14530157342657346,0.13932949418734425,4,4.679976732683636,155.0291036607523,202.0
80565698,SILVERSIDA,-0.22550057905644277,-0.21658165059253642,18,4.570056105636782,8.789963817851856,69.0
80566358,RÖDALM,0.2348993288590604,0.2431998719154777,5,4.571987969789248,3.4367816091954024,75.0
80567230,RÄNNILEN,-0.23529411764705882,-0.20862049957085152,19,3.1505280140047067,7.836222940542658,67.0
80567621,PEPPRIG,-0.6702898550724637,-0.6697161302135899,18,4.238612446978152,24.28324750498477,101.0
80568545,KUGGIS,0.33860045146726864,0.30181729201412116,13,4.498114475855737,1.127141568981064,409.0
80568630,ÅFJÄLL,-0.6189873417721519,-0.5992078583765544,7,4.108105045868695,94.67989179440939,771.0
80568989,KÖLVATTEN,-0.0860597439544808,-0.08681271955312928,19,2.7932906765866674,4.586206896551724,102.0
80569234,HATTÅSEN,0.2042715030293409,0.23034997689376577,8,4.563308185780283,22.97701149425287,53.0
80569248,FLYGFISK,-0.1275032299741602,-0.1603273958370545,4,4.025215019047385,2.175237301198072,307.0
80569352,NYLÄGET,-0.8463983050847458,-0.8427175170073307,3,3.6469647964991463,344.8275862068965,99.0
80569941,SKÅDIS,0.41885553470919323,0.43758454701561356,4,4.692633580585953,4.319660030468967,580.0
80569998,ROSENTORP,-0.2739814533292794,-0.2982766627667086,18,4.254057425769413,68.14533898739346,67.0
80570874,SVÄMSKOG,-0.052992129762933084,-0.01966436697594622,6,4.311501568684774,3.041040213287317,225.0
80571227,FJÄLLSTARR,0.6666666666666667,0.6788184715013984,3,4.71260396042817,5.145977735769796,53.0
80571251,SLATTUM,-0.2963386727688787,-0.30759277266304824,15,4.32253936443871,91.94252873563217,106.0
80572000,DUKTIG,-0.6849616858237548,-0.6702876386944433,18,4.239955488612175,18.41242283241364,97.0
80573108,FULLMAKT,-0.5992063492063493,-0.5795728371531889,3,4.489265082538668,194.25287356321837,57.0
80573207,BEGRIPA,0.11557177615571776,0.0995977219739993,5,4.05121800744,3.4482758620689653,142.0
80573269,BLECKBERGET,-0.22484360695758315,-0.21397147741916664,10,4.186417313383785,69.03611080149024,56.0
80573896,SOLARVET,-0.3615489710528563,-0.44920026409476366,16,4.14047393158481,28.72413793103448,140.0
80574160,LÄTTHET,0.10400516795865633,0.10213641642384291,17,4.162086225149515,3.4411562284927735,85.0
80574278,AURTIENDE,0.5840579710144929,0.5708646847680573,5,4.645615817165433,0.9232663110381617,63.0
80574438,SJÖSS,0.2586206896551724,0.25519974856802086,17,4.682991819267954,17.229885057471265,241.0
80574594,EKET,-0.6359499431171787,-0.6453408780661968,17,4.020284359382178,109.19540229885057,386.0
80575560,SUNDSÖ,0.19291338582677164,0.22294710157969275,5,4.747856144457144,48.96659809971594,101.0
80575598,BOAXEL,0.49250681198910073,0.4698931604175369,3,4.589279346462551,8.815750808110492,225.0
80576786,SKOGSDUVA,0.6841600915643873,0.6665599022054431,18,4.739165501866667,14.93103448275862,84.0
80578667,HAVSSMAK,-0.29190056134723336,-0.30468846636097086,12,4.575423407456604,6.181434211084856,88.0
80580095,HEMKOMST,-0.8576158940397351,-0.8604732469123918,11,3.825865967522807,22.97701149425287,438.0
80580104,HEMKOMST,-0.706397691782432,-0.7060090643630094,12,4.411435415981611,111.41103095882175,69.0
80580585,LÅNGLUR,-0.2246376811594203,-0.2441017359755271,17,4.022700501912466,2.28735632183908,343.0
80580590,LÅNGLUR,-0.1769230769230769,-0.20644385224397346,17,4.11643928326581,2.28735632183908,371.0
80580905,HEMLAGAD,-0.9117741570325795,-0.9005958658974909,4,3.4587395510717562,23.331918211748395,113.0
80581330,VARDAGEN,-0.9129061465231788,-0.915961493429856,6,3.309683889273787,28.729885057471265,188.0
80581467,GLADELIG,0.6082894935928025,0.6181387827910033,12,4.710070741889856,2.8620689655172415,51.0
80581486,VARDAGEN,-0.5745421245421245,-0.5804571463012728,12,3.3446694893473694,6.885057471264368,58.0
80581491,GLADELIG,0.47832961309523814,0.47732495546315834,10,4.693670806308046,3.442528735632184,678.0
80582042,HAUGA,0.6123417721518987,0.6001990955043265,7,4.664474848309678,19.227811105983694,106.0
80582136,MYGGBLOMSTER,0.8887640449438203,0.8883002718138311,3,4.7420082354243,4.586206896551724,89.0
80582532,VÄGSKYLT,0.17251461988304095,0.21056424239703517,7,4.642037910400001,15.647973114891828,58.0
80582706,RÖDFLIK,0.33673469387755106,0.328283045944967,19,4.666373138858016,24.08809359944941,113.0
80583428,ANNAKAJSA,-0.2586206896551724,-0.39002634099616856,3,4.497892359137173,94.24228977146662,364.0
80583536,RINGBLOMMA,0.19047619047619047,0.19465927880832226,9,4.499446653739107,31.034482758620687,1437.0
80583701,VECKLARFLY,-0.4240216201423098,-0.43807531116908355,8,4.16525388969796,51.712643678160916,80.0
80583819,KLÖSAN,0.10416666666666669,0.16834984527582497,9,4.568230258419513,9.017132551848512,64.0
80584324,KRUSTISTEL,0.12259615384615385,0.11126866682014022,13,4.569351543416471,3.582196697774587,67.0
80584526,SANDMOTT,0.6625936837607318,0.6574120280575125,14,4.590169362982642,5.742657522620096,247.0
80585026,GODMIDDAG,0.3090363210310486,0.3083775877207824,14,4.565722120926317,1.7558234522365521,58.0
80585347,ÄNGSNEJLIKA,0.21052631578947367,0.21330498657599264,15,4.587353792186408,28.72413793103448,188.0
80585413,EKTANDVINGE,-0.04683195592286504,-0.028901129512834085,15,4.497050846851282,45.96551724137931,255.0
80586002,HAUGA,0.08937007874015745,0.11267285886847225,4,4.6650387396063495,136.3912246775163,108.0
80586163,VARDAGEN,-0.33843381389252947,-0.3376553959231657,12,4.491699806086599,8.034482758620689,79.0
80586243,SUNDSÖ,-0.17334905660377353,-0.18081672309035424,3,4.495149886689157,80.45977011494253,148.0
80587073,JAKOBSLILJA,0.21139240506329116,0.20280611300348106,17,4.659953465367273,47.15395925225793,92.0
80587134,PILSPINNARE,-0.1807511737089202,-0.1809185007960223,17,4.037080910363801,16.333224007871433,203.0
80587921,JORDKASTANJ,0.2524271844660194,0.2825518344518397,23,4.212763558862222,2.057471264367816,342.0
80588096,IDANÄS,-0.3838235672228936,-0.3402448650309314,6,4.497652714840816,824.0220469475407,325.0
80588789,KNOXHULT,0.12694300518134716,0.12412494365725857,3,4.592682250534831,44.82758620689655,338.0
80588888,ALEX,-0.33999999999999997,-0.31201329022988505,3,4.401419231370044,171.26436781609195,683.0
80589835,MOSSLANDA,0.7661310792973905,0.6336206409699675,36,4.699333163970693,6.885057471264368,6588.0
80590928,SANELA,0.7714987714987716,0.6972896725912259,9,4.688903982847355,6.885057471264368,379.0
80591126,SANELA,0.7051106071456991,0.7137667360906446,12,4.64047136743784,6.903534734709249,56.0
80591230,MYGGLASVINGE,-0.17541135447313938,-0.15856390987715405,18,4.312477148171428,29.050089339696886,206.0
80591579,TOSSIG,0.3821428571428571,0.42636776829829054,19,4.737322032226263,6.885057471264368,81.0
80591720,KÖRSBÄRSBJÖRK,0.2201986754966887,0.24456321014154492,3,4.726129537980953,10.760947595118449,66.0
80592258,TRÖSKNING,0.1089492347891004,0.12241231042659118,8,4.66031424495856,10.360222055404567,93.0
80592767,VIHALS,0.7140625,0.7112018747749913,13,4.754036156965927,40.2183908045977,117.0
80593205,FEJKA,0.7483766233766234,0.7243250415314011,5,4.710070741889856,1.1494252873563218,51.0
80594144,BANJANTRÄD,-0.16551724137931034,-0.14075427090234183,19,4.411568385934885,11.482758620689655,68.0
80594158,SMÅSNÖRE,0.4959511515449554,0.4760334873916864,18,4.65263313107957,14.93103448275862,75.0
80594177,KÖLVATTEN,-0.2867950481430536,-0.2926856806146906,3,3.279559440811268,18.458698661744346,266.0
80594714,SKEDSTÖR,0.4222222222222222,0.40789072317327885,19,4.731811881213188,4.586206896551724,73.0
80595445,RINNIG,-0.17432646592709986,-0.1768570518911037,13,3.134332724053334,2.28735632183908,177.0
80596176,BRUGDHAJ,-0.2804034280936455,-0.2656196459521597,8,4.5713723207736265,11.482758620689655,73.0
80596888,FJÄDERHARV,-0.20230263157894735,-0.19534775751059016,11,4.2230898552281415,5.735632183908046,181.0
80596893,FJÄDERHARV,-0.48223350253807107,-0.48497213122924593,5,3.8007028236325935,10.333333333333332,117.0
80597171,GINSTMOTT,0.4187741846323936,0.40778661330675314,10,4.588574040308772,25.303872110412563,210.0
80597232,LINDBYN,-0.7350137223746931,-0.738112299850699,10,4.492937554301755,92.08328734688871,96.0
80598104,TRÅDCYPRESS,0.146417445482866,0.15306804957670425,11,4.4946325412693335,1.9492604564599862,132.0
80598627,SANDMOTT,0.6734915801901449,0.6419998669042057,10,4.590169362982642,5.559507489557068,247.0
80598646,DAGGKÅPOR,0.6341929670757842,0.6248849651917914,10,4.582973079675817,6.7949127740645565,135.0
80598689,DRACAENA MARGINATA,0.662350809889173,0.6650977626353466,10,4.726998602240001,3.735974213073806,67.0
80598731,GURLI,0.5288025889967638,0.5796310209877606,16,4.59631003001473,3.433740174586246,688.0
80599146,KUGGIS,0.8379815568355969,0.6858617223232152,4,4.7901192375643316,1.6775683971388498,610.0
80599735,SCHERSMIN,-0.6983357948200712,-0.6929573695498438,10,3.556376659640656,62.41421467477815,287.0
80600588,DOFTAKLEJA,-0.30758122214403005,-0.31726456629814165,12,4.237662960577049,34.47126436781609,104.0
80602511,KLIPPFISK,-0.8675640832138455,-0.8746640563259968,12,3.981259196669919,34.31610693886097,105.0
80603030,HAVSTOBIS,-0.31449044585987257,-0.3108775370354873,7,4.315527117724445,5.9990770650669125,162.0
80604317,EKBACKEN,-0.3569406251525457,-0.37262660275512616,14,4.304581772443279,77.19094782822512,592.0
80604845,VARDAGEN,-0.9579710144927536,-0.9610612247132746,3,2.476155654356463,44.99,129.0
80605637,STRANDMON,0.586479842674533,0.5952847029836691,10,4.4937587689178295,57.47126436781609,111.0
80606095,ÖBONÄS,0.021276595744680847,-0.015838498818886562,17,3.6736856685898998,2.28735632183908,81.0
80606482,LÄKEVÄNDEROT,-0.6769826351593269,-0.6786039177185195,14,3.5236008730150545,52.78844055785801,75.0
80607368,VÅGSJÖN,-0.18753315649867375,-0.18706339693424195,4,4.400259895817764,9.183908045977011,3816.0
80607387,VÅGSJÖN,0.1586826347305389,0.1284942871769219,3,4.498031494353056,2.5646286417726714,3810.0
80607684,STOENSE,-0.20915032679738566,-0.21099068244908056,11,4.599471256584208,171.24856815578465,4909.0
80607735,SANDSKÄDDA,0.6714285714285714,0.6502227062305044,13,4.748718026366943,2.28735632183908,103.0
80608080,BJORLI,0.10558252427184461,0.09594938035353742,5,4.494123220367884,25.646286417726714,119.0
80609013,EKBACKEN,-0.3857493857493858,-0.38913666354729043,11,4.304581772443279,99.20634920634922,592.0
80609027,BLOMNING,0.3602974828375286,0.37122097243836116,18,4.635218841035296,2.868942413215503,50.0
80609046,EKBACKEN,-0.3902021729039381,-0.4030489062873681,12,4.304581772443279,96.89480046288132,592.0
80610865,ENERYDA,0.4967845659163987,0.4870320737223748,9,4.594480680488136,10.32346868547832,454.0
80610926,SOLFIBBLA,-0.11635543862659309,-0.09528933362194136,4,4.3103898929011155,19.745642156025053,251.0
80610993,KLIPPKAKTUS,0.112202380952381,0.09983623140071562,12,4.648175072828236,5.735632183908046,67.0
80611855,TOFTBO,0.7416820229320229,0.5897343676948941,6,4.796022359737436,4.577452366715519,1542.0
80612020,BROKGLIM,0.41385135135135137,0.4148297986231234,5,4.586288848370526,4.586206896551724,172.0
80612096,BROKGLIM,-0.02964743589743593,-0.023068977601245398,8,4.586288848370526,18.01422839304985,172.0
80612195,SOLFIBBLA,-0.04367816091954024,-0.07139358156275286,9,4.3103898929011155,22.903780068728523,251.0
80613091,DALFRED,-0.23333333333333334,-0.24884877292340887,3,4.305426953767768,58.76187677539426,497.0
80613208,LJUNGJORDFLY,-0.08653846153846151,-0.07581961209862736,5,4.412754887056412,4.586206896551724,60.0
80614203,PROFETBLOMMA,0.21875,0.30871823069010035,7,4.411435415981611,4.586206896551724,69.0
80614566,FLISAT,0.26336746302616604,0.2525845881954497,21,4.585686160386813,24.45777572681126,164.0
80614745,BRUDKRUSBÄR,0.010563380281690238,0.021106912088607464,7,4.493559049523201,27.5223675154852,107.0
80615047,GULLSTRÅLE,0.5128309905197777,0.536146977408772,8,4.768178877899488,22.97701149425287,177.0
80615405,DVALA,0.17810434032768038,0.17785064054125793,4,4.400108801530009,10.620689655172413,9126.0
80616301,VECKLARFLY,-0.6111111111111112,-0.6222834076298999,3,4.16525388969796,116.31108052305574,80.0
80618036,VÅRVIAL,0.34458229000682905,0.3255438201710758,6,4.499122007841221,16.655172413793103,901.0
80618041,VÅRVIAL,0.2637299771167049,0.2833517323225831,4,4.499122007841221,19.55474885243244,899.0
80619818,HORNVALLMO,-0.44841269841269843,-0.4379240585122938,3,3.196042839332284,28.735632183908045,236.0
80621816,POKAL,0.963719148089172,0.9607548313092389,14,4.819140214044446,0.793103448275862,81.0
80622892,HEMNES,0.046511627906976716,-0.0752368647717485,3,4.400281596713954,391.80135174845725,3515.0
80641876,BRUNKRISSLA,0.09957627118644063,0.05178988948456462,5,4.4989475571116335,29.30056710775047,747.0
87077700,HEAT,0.2993709375958936,0.23415761937424093,32,4.599298756713432,3.163045740813353,3697.0
87749600,OBSERVATÖR,0.27732240437158473,0.265730797650442,21,4.402064068859751,2.2988505747126435,464.0
89009568,TARVA,-0.6063829787234042,-0.5803517696068304,3,4.4902997733783145,111.51197113807805,327.0
89017827,BILLY,-0.2622950819672131,-0.285639540230588,5,4.5812581380604325,224.10344827586206,121.0
89017832,BILLY / OXBERG,-0.2903457226411347,-0.3001475910849824,12,4.587229809756862,329.28669691357646,186.0
89019572,HEMNES,-0.2878735632183908,-0.2826012674575811,4,4.497018078482963,309.1954022988506,252.0
89027421,MALM,-0.5895348837209302,-0.4850579532788801,3,4.303425099498039,486.25429553264604,798.0
89032738,MALM,-0.4361517199017199,-0.4111613105894502,8,4.401403217475882,287.5789111027795,691.0
89049668,METOD / MAXIMERA,-0.10605326690347683,-0.12439029967319185,4,4.614608700310942,288.0514403619602,113.0
89094948,MANDAL,-0.2883720930232557,-0.30837079194363787,7,4.567436014880001,715.3493699885452,147.0
89157455,BRIMNES,-0.7082066739043483,-0.6872038628214715,6,4.204077090674712,438.2713870401721,1109.0
89158191,VATTUDALEN,-0.6459854014598541,-0.6448713449111423,11,4.036916180690412,166.50994220785583,55.0
89184331,BRIMNES,-0.3385490753911806,-0.347053048735331,11,4.570056105636782,283.90804597701145,69.0
89197423,KALLAX,0.14861847061467426,0.03401905900287858,6,4.693625008958611,109.88731873653984,673.0
89209826,BESTÅ,-0.7730375426621161,-0.7763698251763416,5,3.9900439746882888,211.4942528735632,93.0
89213475,FONNES,0.04387291981845687,0.05138632916875239,5,4.40523621679158,14.428204002258328,172.0
89227731,SLÄKT,-0.559228650137741,-0.5459965352994034,27,4.302748162429105,286.2068965517241,999.0
89239847,NORDLI,-0.49224806201550386,-0.4906241680789633,5,4.407055894967376,204.65736561345918,123.0
89241794,FONNES,-0.2768808445938222,-0.2769425255776839,8,4.064526623546458,25.86206896551724,109.0
89243019,SANNIDAL,0.1588502269288956,0.1336378208043946,3,4.578990977341936,32.69098417068135,106.0
89249375,KOMPLEMENT,0.16530054644808745,0.16301088975245653,15,4.635218841035296,77.01149425287356,50.0
89269071,IKEA 365+,0.35563178486802227,0.29762348716020354,32,4.699068488304166,5.161613963081579,4711.0
89269108,IKEA 365+,0.24285714285714288,0.2667000411969304,11,4.597878567744625,4.022988505747126,1210.0
89269721,LANDSKRONA,-0.004838709677419395,-0.17518986360672412,8,4.488660298456339,344.55531086989,53.0
89269740,LANDSKRONA,0.4572903497682259,0.4306895236502468,6,4.563817794311112,212.31570520939943,54.0
89272648,LANDSKRONA,-0.5088495575221239,-0.5478534335610765,9,4.258908733210258,1608.0459770114942,60.0
89272667,LANDSKRONA,-0.8193063446969697,-0.8206451105636313,6,3.7746971493978028,1004.5977011494252,164.0
89294532,VITTSJÖ,-0.08036984352773824,-0.07835172989308957,19,4.63965590671781,185.21177315147165,55.0
89297130,JONAXEL,0.030033370411568394,0.038090711983405794,19,4.494369798534267,29.99,125.0
89305615,SÖDERHAMN,-0.5037037037037038,-0.49319051441331246,7,4.209612722155648,538.4063173007896,460.0
89305620,SÖDERHAMN,-0.07032279314888007,-0.022864237509990077,14,4.405784192967443,377.84913766064085,154.0
89305842,SÖDERHAMN,-0.8884943181818181,-0.888554948525227,8,3.7212195369322845,1321.3646227855202,109.0
89306361,NYHAMN,-0.12318840579710139,-0.1980697238791001,17,4.335378242916457,378.1609195402299,61.0
89307643,EKET,-0.32035519125683065,-0.32211501015416255,17,4.1503533952,38.328861632809506,109.0
89325963,BURHULT / SIBBHULT,0.43947201454146373,0.40528447373155657,26,4.498131974919722,4.022988505747126,413.0
89330691,BESTÅ,-0.7702702702702702,-0.7726695558063361,11,3.9308483987358027,209.049255441008,306.0
89330709,BESTÅ,-0.772554002541296,-0.7791617552933823,3,3.9308483987358027,183.05814788226849,306.0
89331997,KOMPLEMENT,0.039082077536256477,0.03082379052494096,6,4.580844714635295,64.11287110068155,118.0
89337027,KILSVIKEN,-0.27235355923299187,-0.26554051274637736,14,4.568613026390362,272.98275862068965,65.0
89384684,BERGMUND,-0.3385826771653543,-0.3439189296384391,3,4.404900892563547,97.70114942528735,185.0
89385952,RINGSTA / SKAFTET,-0.01224489795918371,-0.016303842038167423,15,4.489120016086488,22.97701149425287,56.0
89386107,EKET,-0.727390180878553,-0.7268414978794265,19,4.01105423544889,170.0,72.0
89387135,LYCKSELE MURBO,-0.31401617250673863,-0.22247045033506752,3,4.493454318621139,394.11342426417804,105.0
89388125,JAKOBSBYN / JÄLLBY,-0.41032388663967617,-0.40068424964570015,8,4.3393645238084515,48.83333333333333,53.0
89388639,HAUGA,-0.17178612059158138,-0.1833739713741744,7,4.666878805942858,394.04869251578,115.0
89392429,VIMLE,0.023472397808680934,0.026532600419491986,4,4.339926874148572,380.5818123399977,52.0
89399483,VIMLE,-0.6292087542087543,-0.6371261394533129,10,4.18198565628718,1157.1037605176002,60.0
89399893,VIMLE,-0.05769230769230771,-0.0192068518781136,9,4.491867486771718,577.0846460827557,81.0
89404578,IVAR,-0.6246498599439776,-0.631564760047896,7,3.1869465089662348,81.2725483765169,59.0
89419626,STENKOL / LADDA,0.4444444444444445,0.43608324805546317,17,4.6907455487193275,11.471264367816092,458.0
89424468,FLINTAN,0.11199999999999999,0.11626729599618596,9,4.678406280345098,81.48798695188508,596.0
89425910,BESTÅ,-0.8738207547169812,-0.8662037322246533,14,3.6058070763294134,292.756882428351,50.0
89434127,TROTTEN,-0.6612903225806451,-0.3430513070077864,5,4.649366450464369,183.42397168630498,511.0
89435221,EKET,-0.6582687338501292,-0.6547841268056166,19,3.5623494118837615,97.70114942528735,99.0
89439785,MEHAMN,-0.34179490867251544,-0.33832514273589553,8,4.582156720482192,353.31418999760706,128.0
89440487,KIVIK,-0.3645161290322581,-0.27577019498678484,7,4.188817794311112,344.8275862068965,54.0
89440798,BESTÅ,-0.19917344143178334,-0.2055273530582832,4,4.573948811904,154.78426251256698,82.0
89442617,KALLAX,0.08456357621376537,0.07304289677726966,4,4.588317852871749,69.47201149425287,205.0
89442641,KALLAX,0.07552083333333337,0.07262476627695374,15,4.588317852871749,63.206896551724135,205.0
89449690,SÖDERHAMN,-0.703125,-0.701199125788609,5,3.6864880965752813,631.0344827586207,160.0
89471474,JÄTTEBO,-0.4093822843822844,-0.43091531801119315,6,4.099937575492684,492.32033176676777,64.0
89481369,LÖNSET,-0.3998691860465116,-0.3882939034314378,4,4.309316270634667,118.7571310444113,282.0
89482830,KIVIK,-0.46791443850267384,-0.46389643366311917,5,4.210233588397328,577.0846460827557,435.0
89482854,KIVIK,-0.7837209302325581,-0.7735927034661645,4,3.9892400106285724,1265.409630644774,94.0
89483537,BILLY,-0.31540157046425127,-0.324501009244803,8,4.5812581380604325,339.04597701149424,121.0
89484240,POÄNG,-0.24475524475524468,-0.23767264289996556,3,4.594768837731727,347.76364382437424,480.0
89496714,TONSTAD,-0.7051597051597052,-0.6889828662091823,5,4.2321320362965045,653.5166816952209,125.0
89501372,LOBERGET / SIBBEN,0.12025316455696206,0.044487055852673915,7,4.493059320606897,29.29885057471264,98.0
89501697,BJÖRKSNÄS,-0.4744631574988718,-0.4432522247005821,8,4.406377443528206,659.7701149425286,138.0
89502041,POÄNG,0.0,-0.1800379188303923,7,4.401786142173071,228.73563218390802,539.0
89509028,EKTORP,-0.6846033868092691,-0.6733493494522906,4,3.915636090101961,737.8151503958165,84.0
89516712,FAXÄLVEN,-0.882716049382716,-0.8659756411334703,7,4.061615648048121,343.66666666666663,115.0
89521153,BRIMNES,-0.371279361663977,-0.41990495126585714,8,4.210735703715888,475.8620689655172,410.0
89521450,FLEKKE,-0.41198752228163993,-0.46846381364505557,8,4.236180166853544,603.5229703988584,109.0
89521515,UTÅKER,-0.26537928302634184,-0.24678922142157433,6,4.315701579721348,421.61021900693794,160.0
89521695,LAGKAPTEN / ALEX,-0.06617647058823528,-0.04794937853078369,7,4.575423407456604,195.39080459770113,88.0
89522925,BLÅLIDEN / STRIMSÄV,-0.6327419856831621,-0.6283732868612664,10,4.044853350585508,119.4716550489837,51.0
89525844,MITTZON,0.16371681415929196,0.1979006201381284,9,4.658830665330842,182.75862068965517,89.0
89528055,MITTZON,-0.33353448275862074,-0.3215569610054786,4,4.495319076688373,240.94288920894047,154.0
89528140,MITTZON,-0.3676399613899614,-0.34592935569498073,4,4.495319076688373,221.30691638269627,154.0
89545229,VIMLE,-0.9316344033325166,-0.9107327896878102,14,3.640441534055697,1038.4153470511728,62.0
89545328,SMÅSTAD / UPPFÖRA,-0.8491725925433642,-0.8599318094159853,4,3.5138177943111124,220.5562539450164,54.0
89561200,KUGGIS,0.5481279577483202,0.4271838231570391,28,4.694271627035631,22.73189199051268,751.0
89561714,LYCKSELE MURBO,0.21484375,-0.004807958059544193,5,4.493454318621139,409.8276569552729,105.0
89570370,BILLY,-0.14917452830188682,-0.15792617651738877,7,4.562784017005715,111.68604403560325,52.0
89575216,NÄMMARÖ,-0.22798605056669574,-0.25056348741046885,8,4.581122327466667,107.79148527729222,120.0
89575363,LÄCKÖ,-0.07868663594470049,-0.10985104390656342,10,4.671395332405195,133.8649515821799,136.0
89581175,EKET,-0.38876529477196886,-0.3798623254579795,5,4.233539278762045,57.23587481621508,119.0
89581509,BILLY,0.2523148148148149,0.24102106215202093,5,4.6823087598008035,60.30150753768844,231.0
89581514,BILLY,-0.0007564296520423675,-0.1824976093486332,11,4.694315975729549,138.09154383242824,757.0
89581547,BILLY / OXBERG,-0.12579415501905966,-0.12941337804046524,7,4.675252141519101,297.90043013500275,160.0
89581849,BILLY / OXBERG,-0.5103359173126615,-0.5160159418348401,3,4.492613588902753,362.04597701149424,91.0
89587827,METOD / KNIVSHULT,-0.006160706160706186,-0.006267685366699832,4,4.735363345733334,456.8965517241379,78.0
89590716,UPPDATERA,0.07627118644067798,0.07103446945899934,19,4.335831810133334,14.93103448275862,60.0
89596817,KUGGIS,0.6303750145467241,0.5630148378482476,4,4.7308065534925525,7.2549637987289355,751.0
89597845,BESTÅ,-0.9412568306010929,-0.9384901003933482,5,3.8359488119040006,423.8052299368801,82.0
89600169,KUGGIS,0.20398009950248752,0.20382546477091715,5,4.694271627035631,10.333333333333332,751.0
89612191,BESTÅ,-0.6661392405063291,-0.6869165119972802,5,3.9900439746882888,145.4598883338231,93.0
89612214,BESTÅ,-0.8885350318471338,-0.8878089882623806,3,3.512192665208164,233.33333333333331,80.0
89616250,MEHAMN,-0.29578006628787873,-0.29535723121229995,4,4.582156720482192,221.8008481090196,128.0
89904180,BERGSBO,0.0860597439544808,0.054684517580164016,15,4.593661511412165,71.8096019696348,393.0
89929232,TARVA,-0.6810126582278481,-0.6585784379745637,3,4.011429401939191,136.7816091954023,699.0
90043076,FÖRNUFT,-0.22718631178707227,-0.22798152122572332,3,4.595184623272458,12.99,523.0
90057252,BLANDA,0.2143580864435039,0.21140018761527987,24,4.597192759903448,3.3750534696637278,910.0
90066708,IKEA 365+,0.164606302407935,0.16674978169042545,10,4.5992186206329935,4.701912808220803,3316.0
90074483,SNUDDA,-0.08974358974358976,-0.09590801684070792,27,4.772664674847578,11.44902634593356,1429.0
90091454,TROFAST,0.26405867970660146,0.25056568646834715,19,4.494999262052175,10.501995379122032,143.0
90091760,DRAGON,-0.4746434231378764,-0.47762061402638295,25,4.499362029469414,20.64005505849965,1244.0
90091996,POKAL,0.6175548589341693,0.6051520380315516,31,4.795810183113031,2.28735632183908,1463.0
90095428,TÄRNÖ,0.2854722822594778,0.23330845040429862,26,4.499209117082907,20.467742806307896,1000.0
90099049,KNODD,-0.4614814814814815,-0.44476140767445116,10,4.499524442522387,16.493662095913272,1675.0
90099054,KONCIS,-0.03333333333333344,-0.14257651802322852,21,4.695523253242277,11.482758620689655,966.0
90101033,SILL SENAP,-0.013216129825424167,-0.019387338394549966,18,4.498660368037272,2.8980952532501627,583.0
90102971,SAMLA,0.42939125410929924,0.3586411031158275,36,4.599620411072475,20.103448275862064,6845.0
90103254,STOCKHOLM,-0.6666666666666667,-0.6664076618023987,5,4.496468777150877,401.1494252873563,210.0
90108360,GLIMMA,0.004132231404958664,0.05539516920293369,25,4.499428182663636,6.740306582506762,1390.0
90111980,LILL,0.6932234432234432,0.6461894581313654,30,4.598298420111299,4.670054228587987,1513.0
90124534,SKORVA,-0.19413200062633748,-0.15484928532983244,24,4.01082547052893,15.191124442393477,739.0
90132261,STOPP FILT,-0.158004158004158,-0.10720892803317097,18,4.4005392309975075,10.5891180576034,1827.0
90133029,OFELIA VASS,-0.06414373902400083,-0.12236322408950025,8,4.400718325769242,29.304597701149422,1367.0
90146456,INGOLF,0.4920758928571428,0.4860837762967135,8,4.747856144457144,76.6994738500315,101.0
90149148,FRAKTA,0.3011093502377179,0.2868378483913607,27,4.6964244165506495,4.1293874741913275,1214.0
90149761,KLAMBY,0.39877940804452316,0.3448163266246447,10,4.235345239926155,4.215884558874231,112.0
90150071,RIKLIG,-0.19763373067824253,-0.2020583821357411,24,4.599226049076173,14.181956352520725,3348.0
90155870,FRIDFULL,0.6445943360122465,0.6074031178622382,24,4.792514935090953,5.712643678160919,811.0
90160211,LURÖY,-0.49530516431924887,-0.4619421504831609,23,3.7048397583447494,25.031289111389235,2791.0
90175000,JUSTINA,0.41037735849056606,0.4136116051917584,11,4.499680761772562,5.735632183908046,2504.0
90176047,ÅRSTID,-0.3125763125763126,-0.29614258361277207,8,4.406588617154967,45.51431858462112,133.0
90176641,MAMMUT,0.5441916793313071,0.4613689582005731,8,4.596625493769948,7.694233085851527,754.0
90180025,MICKE,0.2779166666666667,0.2598446188495398,18,4.497897862115927,52.56522196610389,365.0
90184047,MARIUS,0.4680851063829788,0.5078322775142567,13,4.499742361980928,6.194477791116447,3107.0
90186391,SKUBB,0.17391304347826098,0.15382610732334887,23,4.698045643828926,11.03838473485689,2236.0
90190411,BEKVÄM,-0.1657498552403011,-0.1857324025400888,20,4.302979617473774,44.93558466673444,920.0
90190524,FARDAL,0.18594165159255505,0.16952409517663547,6,4.6823795247616005,84.43046524144674,232.0
90202268,LEGITIM,0.015376672046393286,-0.01014111456794124,30,4.499302927437576,2.92570780606867,1137.0
90204639,MAXIMERA,-0.011148130787843435,-0.008015270019165457,14,4.498577528604947,58.62061484793798,548.0
90205101,RINGHULT,0.054662379421221874,0.09055423769607407,3,4.575878529540741,44.73503097040605,90.0
90205605,UTRUSTA,-0.05319148936170215,-0.08363966298895603,11,4.230838128794631,16.398819285011477,131.0
90207402,ANNONS,-0.7915311027382164,-0.7946179285351022,28,4.1037750184122785,15.085477565785634,1676.0
90212564,METOD,-0.07336193056391732,-0.10385623677379874,4,4.498559715904114,125.51942538603623,541.0
90213078,MICKE,0.1563813481466672,0.027802351566694077,26,4.59818078295419,68.95402298850574,1414.0
90213549,KORKEN,0.14239999999999997,0.11741169171319361,33,4.599116609423669,4.614674665436087,2931.0
90213568,METOD,-0.3316912674695886,-0.3741071133851389,10,4.31074954304,91.89370549228501,242.0
90213573,UTRUSTA,0.1865699032365699,0.1742441433334475,16,4.414012411132395,12.643678160919539,53.0
90214285,ADDE,0.38821752265861026,0.3858275852111735,3,4.498742001860001,13.811848236077214,622.0
90214308,MICKE,0.13716814159292035,-0.020193025444584043,25,4.499640089937595,110.97380128521996,2219.0
90217161,RÄCKA,0.61304961678096,0.6232095530761295,18,4.498736077221978,3.7251600157355047,619.0
90217972,ADILS,0.8283482142857143,0.7985303719871762,22,4.5988523705684585,5.479580424731098,2252.0
90219829,BEKVÄM,-0.1701244813278008,-0.213467641535742,7,4.302979617473774,45.96551724137931,920.0
90222619,GLITTRAN,-0.25,-0.24731882091339025,5,4.495149886689157,157.57439134355275,148.0
90224048,SKUBB,-0.11202281029530686,-0.04569161781482288,14,4.498495105028786,11.482758620689655,517.0
90229017,BUSUNGE,-0.11502347417840375,-0.28078809938281374,3,4.593884697630046,247.74571686203788,408.0
90232331,TERESIA,0.3850436913895993,0.3439780169738964,20,4.402584106988053,11.696247676412526,367.0
90233316,SYNSÄTT,0.11087866108786615,0.050378866544926036,3,4.6742390712888895,5.505849965588437,417.0
90235626,DRAGON,0.136483787593985,0.08902114821367285,6,4.713817794311112,9.183908045977011,80.0
90243297,LACK,0.4123252858958069,0.3886401528532517,11,4.598814238138552,17.93969849246231,2179.0
90246352,KOMPLEMENT,-0.27303754266211605,-0.3214035604116983,17,4.300813885029236,39.682539682539684,3416.0
90250259,NYTTIG TUB 150,-0.3687943262411348,-0.3464441193265543,11,3.859939778710589,29.305680793507666,67.0
90253074,RÅGRUND,0.0357142857142857,0.06538200750689291,21,4.497971992922922,56.31924497332787,379.0
90253535,AGAM,0.0,-0.09277619392082607,3,4.596257013204597,57.45977011494253,678.0
90258062,RINGBLOMMA,0.46739130434782616,0.4199959389460691,11,4.499446653739107,21.827586206896548,1437.0
90258156,SATSUMAS,-0.25646551724137934,-0.29774902147947513,21,4.687660731625771,63.218390804597696,339.0
90262653,TIDIG,-0.20717131474103578,-0.22932684315589527,21,4.498326156320998,52.404956941818945,463.0
90263860,BILLY,-0.07878921546730991,-0.07924338026778939,10,4.315441332543647,18.812411227526837,163.0
90264204,RINGBLOMMA,0.3559322033898305,0.3205420637832959,13,4.499446653739107,28.735632183908045,1437.0
90269174,BRIMNES,-0.3337595907928389,-0.3061498377578197,3,4.4054069629913055,122.03876525484566,166.0
90271493,DRAGAN,-0.5720198675496689,-0.5783791438281551,25,4.209358210163748,9.183908045977011,473.0
90275617,OXBERG,0.1781292984869326,0.1347395032647597,17,4.594480680488136,51.72413793103448,454.0
90277348,VÄRDERA,0.2125382262996942,0.18695837723447117,17,4.681093910688412,5.160919540229885,215.0
90278277,LILLÅSEN,0.1637931034482758,0.133914617543345,21,4.596010537810719,171.26436781609195,635.0
90278343,LÖNSET,-0.5225,-0.4788473705742409,23,4.1048336214591075,68.9655172413793,1305.0
90279700,IKEA 365+,0.25436276959954424,0.21520025201932114,24,4.693295100746423,4.586206896551724,739.0
90279719,IKEA 365+,-0.07637216536223163,-0.1120107049790994,32,4.499667581003468,5.571113400246654,2404.0
90279724,IKEA 365+,0.5798148510971787,0.5290449695890325,22,4.6979250500190295,2.7687420349814382,2105.0
90279842,KVITTERA,-0.4879168486966652,-0.5430611301397139,22,4.497775914890608,16.073170431388483,344.0
90280483,MANDAL,-0.4144542772861357,-0.39615979773633,7,4.404670803710799,458.6206896551724,323.0
90280826,KOPPLA,-0.38478097106768394,-0.37329600757041326,24,4.499100425911061,21.31804250492548,877.0
90281618,RISATORP,0.7530413625304136,0.6555581605520289,31,4.79694930245349,9.075526842024304,2016.0
90282180,LACK,0.21103526734926054,0.1447751618785027,31,4.499736544892146,15.647973114891828,3038.0
90290627,HOPPVALS,-0.04347826086956519,-0.01752791319114791,23,4.300990039387319,32.172413793103445,2805.0
90291288,GLANSNÄVA,-0.3984133366324385,-0.3599856538234656,4,4.067171157298361,31.00025709787914,104.0
90291858,SINDVIK,0.11481664114609019,0.11003958708087339,8,4.497144968760285,25.37557824963419,264.0
90292103,MOSSLANDA,0.6975953210989059,0.5487569408269001,36,4.699333163970693,11.482758620689655,6588.0
90298124,TYSSEDAL,-0.19875834079752255,-0.1945751310082731,6,4.497184899267133,98.36124459805822,268.0
90299449,TUFFING,-0.7528860581192394,-0.7492367075174745,24,3.8262108470897775,165.5093415491567,432.0
90301008,VEMUND,-0.12505348737697902,-0.1181316989200022,14,4.488660298456339,4.772554368053372,96.0
90301225,BRIMNES,0.15919811320754707,0.020953753299423925,19,4.696146002791252,113.79310344827586,1125.0
90301555,KALLAX,0.4721604889276927,0.4106207614505116,12,4.697146943776166,34.51508043514397,1526.0
90302079,SUNNERSTA,-0.3119266055045872,-0.32105025052448855,13,4.408154763855738,114.94252873563218,104.0
90302282,VEMUND,-0.8722943722943723,-0.8729105074712245,5,4.083621236636736,38.30179972311952,80.0
90303106,NYFORS,-0.22303579730357975,-0.26676696971843,22,4.594639673231275,96.05704394179722,468.0
90303446,VITTSJÖ,0.4420188507145029,0.4163077008863366,8,4.598430651319518,40.33838305583953,1642.0
90304889,VITMOSSA,0.798728813559322,0.7534731120047465,31,4.598290604455643,2.6238110856018366,1506.0
90305803,VITTSJÖ,-0.09384205835444226,-0.10756334822986192,18,4.497659538344187,68.14533898739346,326.0
90309245,KULLEN,-0.6725266021557216,-0.6885133466646884,28,3.906974794968877,115.45008026545055,1415.0
90311494,IKEA PS 2014,-0.13180668016194336,-0.29120436534900895,6,4.598188373567733,79.6501724137931,1420.0
90311540,LILLVIKEN,-0.3292978208232446,-0.3097320381070014,13,4.032390834744664,34.48275862068965,235.0
90314609,SKOGSKLÖVER,-0.0919117647058823,-0.0815476452626961,9,4.2027481346832545,28.72413793103448,1654.0
90314614,SKOGSKLÖVER,-0.16239316239316237,-0.18470193575741012,13,4.2027481346832545,34.47126436781609,1654.0
90314973,BOTAREN,-0.3111769352290679,-0.2791744235452373,24,4.106137122063723,9.160919540229884,1024.0
90315312,KNODD,-0.5434782608695652,-0.5210967811752713,17,4.499524442522387,25.118449389806173,1675.0
90318551,ÄNGSLILJA,-0.34513274336283184,-0.3403356391629915,5,4.203231280724614,34.358533791523485,1404.0
90319348,MAXIMERA,0.27522935779816515,0.2708543710808466,5,4.595148754544506,47.12643678160919,519.0
90322303,TACKAN,0.5509226713532513,0.543091173000233,34,4.599019157074698,1.1379310344827585,2638.0
90322360,OSTBIT,0.35767603419194377,0.24000703462944836,26,4.695416109459313,3.397831742379487,943.0
90323393,FIXA,0.21532649647601415,0.2255575097257223,22,4.210165666350443,2.2595483142107935,434.0
90323604,BRIMNES,-0.6207115628970775,-0.685953102822912,3,4.4010550171690355,249.99,925.0
90324482,HOPPVALS,-0.10969025291275925,-0.054744667214129336,4,4.300990039387319,33.54845408398708,2805.0
90325518,KULLABERG,-0.3726114649681529,-0.39481379616611,7,4.132794262514872,67.40306582506763,177.0
90326787,KNOXHULT,-0.11044704277892542,-0.10791738886614863,16,4.497334043676822,80.45977011494253,284.0
90326792,KNOXHULT,-0.08274231678486998,-0.09908132747061862,17,4.496340369047273,68.9655172413793,202.0
90327150,RINGHULT,0.25842696629213485,0.2989194627701611,3,4.575878529540741,36.7816091954023,90.0
90328526,BROGRUND,-0.1513297872340425,-0.10977816659802664,24,4.595372790746714,17.229885057471265,545.0
90330949,PLATSA,-0.026251546224719036,-0.04547760419041791,14,4.496373338695496,41.521019892425436,204.0
90330954,PLATSA,-0.35672169811320753,-0.4583414732422084,3,4.303839122514286,49.19645785503444,710.0
90331166,HJÄLPA,0.3001606240325258,0.26195023398341705,22,4.4979141999751295,10.344827586206897,368.0
90331374,RANARP,-0.28087649402390436,-0.2882748011118131,15,4.498123266178088,61.933929800412926,411.0
90331468,BARKABODA,-0.7602905569007263,-0.7705676160132364,5,4.005209275688422,343.67816091954023,77.0
90333052,JAKOBSBYN,-0.3246853315426072,-0.3518942562313769,12,4.3054694348148725,31.229481611568612,493.0
90333288,BROR,-0.14305177111716622,-0.1335067748587619,3,4.22908152652152,19.590557351356647,140.0
90333938,EKET,-0.47051886792452824,-0.4781305298164795,9,4.0223293765406,51.72413793103448,349.0
90334004,BROGRUND,0.16666666666666663,0.167110310847668,7,4.494999262052175,19.528735632183906,143.0
90336951,ULLVIDE,-0.09267734553775742,-0.05115980226220356,9,4.300772920683185,19.58076207268097,3611.0
90337620,EKBACKEN,-0.41801944193563717,-0.41206439876579504,14,4.304581772443279,88.95639164103045,592.0
90338417,BAGGANÄS,0.8065226735439501,0.8004929569994935,10,4.7894470768544215,5.450882806019671,570.0
90338422,BAGGANÄS,0.8264248704663213,0.8267085470518939,7,4.7894470768544215,5.154639175257731,570.0
90339233,STEFAN,-0.09206349206349204,-0.16878813260954276,5,4.400802971097982,40.229885057471265,1221.0
90339290,FJÄLLBO,-0.5088945362134688,-0.5279668259515785,27,4.401256163119193,171.24856815578465,774.0
90339389,INNERLIG,-0.5002245843097869,-0.4358778862644206,8,4.245948811904,124.09576245564342,82.0
90340651,MALM,-0.22241639795251084,-0.21527668132174804,6,4.49385405488855,91.94252873563217,113.0
90341170,IKEA 365+,-0.26910828025477707,-0.31496164867147747,21,4.687626070759551,40.2183908045977,338.0
90342971,TREBENT,0.4188554067460318,0.29885430435172433,20,4.68362409364461,2.293103448275862,253.0
90343466,GRIMO,0.2973303329213597,0.2650817155522079,16,4.690991577076483,63.218390804597696,471.0
90344456,VILTO,0.18627450980392157,0.151554591452333,17,4.688959601980953,91.94252873563217,381.0
90344927,EKET,-0.3790983606557377,-0.3937455508652856,3,3.837683326486901,30.980886368409994,295.0
90345502,SÄLJAN,-0.4197080291970802,-0.3897169718887198,5,4.331403159442697,184.1403364792778,71.0
90346752,MAJGULL,0.04397005152425931,0.03201931378149231,4,4.596694011662944,54.93236352838073,770.0
90346766,PERSILLADE,0.12810945273631835,0.10918766821629555,3,4.696288863681888,13.402184944182437,1169.0
90347351,SONGESAND,-0.6334580878325116,-0.6440326339209062,30,4.400765882363665,274.6584553559421,1281.0
90347676,FÄRGMÅRA,-0.0367816091954023,-0.031725096106790966,15,4.11007067904,9.346775887418609,617.0
90347723,FÄRGMÅRA,0.02702702702702703,0.004337607394182139,5,4.11007067904,7.154861944777911,617.0
90348015,RAGGISAR,0.19480519480519476,0.15261050646677826,7,4.641265082538668,7.988505747126436,127.0
90348063,SMARRA,0.3473238843761246,0.35158943773602264,18,4.593034441685561,22.712034308485094,356.0
90349326,HEMNES,-0.1923076923076923,-0.23385065674488373,27,4.400281596713954,367.044738500315,3515.0
90349374,HEKTAR,-0.2678571428571428,-0.25979791034958116,7,4.570396377163637,69.99,70.0
90350937,TEODORES,0.5961538461538461,0.488797521971548,19,4.695180395175493,34.48275862068965,896.0
90354327,HAMMARN,-0.20833333333333337,-0.2146679990410725,27,4.204150750849504,114.88505747126436,1089.0
90356072,LERHYTTAN,-0.3404799787854681,-0.3316987446144168,8,4.19404237044706,51.78632505208171,50.0
90357547,ASKERSUND,0.2399527186761229,0.24989402794080018,3,4.673463139701205,68.9655172413793,148.0
90359179,IKEA 365+,0.4230724725177974,0.44556904699289746,22,4.59604686068346,1.718390804597701,650.0
90360234,ÖVERST,-0.7493261455525606,-0.7260096905637616,9,3.9504791979313136,11.44902634593356,197.0
90360583,SJÖRAPPORT,-0.3181818181818181,-0.23597479451871672,15,4.593320208180513,9.130077964710711,471.0
90361894,STRANDMON,-0.18095238095238098,-0.09481798789682884,5,4.5993049309472775,264.46272896463904,3730.0
90362407,TILLBRINGARE,-0.17928699531519357,-0.18479526138961289,26,4.498457626801533,5.095226346244399,504.0
90366783,SONGESAND,-0.7479564032697548,-0.6651559858522123,17,4.114210847089778,226.42807983482447,432.0
90366839,SONGESAND,-0.4129236966104271,-0.3490394581470513,14,4.404627354373955,137.7052618275278,197.0
90368715,NORDVIKEN,-0.38291139240506333,-0.37531838222295155,5,4.5895795247616,563.3453561767358,232.0
90368800,MATÄLSKARE,-0.8507304778290924,-0.8580996743379118,6,3.6916361975619054,281.5436882389447,150.0
90369507,SCHOTTIS,0.1920289855072464,0.1355144771522098,31,4.201224974990776,6.885057471264368,3733.0
90371223,KUNGSFORS,-0.07947813095667408,-0.03060459586152956,8,4.311361305652033,27.574712643678158,228.0
90373043,LEN,-0.2931309540088427,-0.32641186238865777,14,3.8510600917333337,18.379310344827584,213.0
90373793,REINSVOLL,0.11552567237163813,0.1112461139344946,5,4.6632906765866675,104.49485402226422,102.0
90374919,KAFFEREP,-0.15188834154351394,-0.13195459073122512,20,4.4014335463838625,2.38154533844189,676.0
90375155,FEJKA,0.39655172413793105,0.4207227043248368,11,4.775666200746667,4.586206896551724,237.0
90376602,EKLATANT,0.14976228209191755,0.10984104788738094,5,4.691609297505524,6.885057471264368,910.0
90377705,OKSBY,0.4054054054054054,0.4118912015463739,3,4.748718026366943,14.683122734841806,103.0
90381284,TISKEN,0.1634054473728387,0.10620561954489662,28,4.40134990663555,4.581190504404155,719.0
90381788,NORDRUTA,0.5228832951945079,0.458513423139512,5,4.682588463203162,20.678160919540225,235.0
90382113,FEJKA,0.5664251207729468,0.5153581072870901,7,4.755035370944928,5.735632183908046,120.0
90382882,HJÄLPA,0.11202185792349727,0.10075281217698162,21,4.215844417897931,3.4482758620689653,272.0
90383457,NORDLI,-0.4717261511054669,-0.47659521618138034,14,4.155128286124138,84.30863909802372,98.0
90385362,LUSTIGT,-0.36189771766694845,-0.23951976526622276,4,4.667609420517648,14.260041239955175,118.0
90386427,HOPPVALS,-0.007462686567164201,0.027975581081669358,9,4.499206779497931,51.712643678160916,997.0
90387120,KNOPPÄNG,-0.29985736844786304,-0.2566224069177993,10,4.400685179883196,8.686051595765356,1434.0
90388978,VIKHAMMER,0.1689814814814814,0.16108125562497969,3,4.67988530223927,92.60588657573582,201.0
90392046,BRIMNES,-0.2565415244596132,-0.3200160594637908,23,4.499205997229192,148.04745427582796,996.0
90392763,CHAMAEDOREA ELEGANS,0.7132352941176471,0.6844024764550013,19,4.696179428612663,1.9425287356321836,1135.0
90395243,NEIDEN,-0.6000281317876116,-0.544711632999906,18,3.9141370313867045,67.81609195402298,689.0
90395436,EKBACKEN,-0.44334121355397954,-0.4197531487922563,6,4.239955488612175,103.9715649421666,97.0
90395554,SANNIDAL,0.10060915906674872,0.08692660768685624,4,4.496453221103084,24.712643678160916,209.0
90396313,STORSINT,-0.49759615384615385,-0.4952591156522041,6,4.495149886689157,17.229885057471265,148.0
90396935,FRIDANS,-0.12091503267973858,-0.11755368814192345,3,4.101863310370163,25.287356321839077,3414.0
90399284,RIMFORSA,-0.1288147431764453,-0.15641254299516205,8,4.648175072828236,549.068943788975,67.0
90399750,IKEA 365+,-0.7871980676328503,-0.7876906142501867,12,4.314044629097488,65.0028288539729,181.0
90400008,SKUBB,-0.13902439024390242,-0.1058533288900028,6,4.566601040902565,9.652819667713484,60.0
90401932,BILLY,0.03231292517006801,-0.03922787188809758,9,4.594715783347667,103.43678160919539,475.0
90404799,MALM,-0.1301857205192538,-0.11218975698238016,6,4.597605589329412,517.7749630541781,1070.0
90404983,DEJSA,0.1421517984744391,0.13188917766139951,20,4.689041993010946,45.97922070344615,384.0
90408542,SCHEFFLERA ARBORICOLA,-0.6544880231639905,-0.6535649088748074,10,2.955181672866667,23.23450492644527,174.0
90409872,BRIMNES,-0.15437158469945356,-0.1993553658768908,10,4.594617523120661,195.0743258990546,466.0
90412935,FRÖSÖN,0.2867132867132867,0.29012790561275376,19,4.637956073104227,10.344827586206897,53.0
90414270,LIVLIG,0.4967948717948718,0.4550629169912372,17,4.792432781939512,5.939943883947227,802.0
90415081,NYMÅNE,0.23469387755102045,0.2196549136650305,15,4.682657012560631,34.47126436781609,236.0
90419965,JONAXEL,0.7003773731714908,0.7003003429906324,12,4.6616946190469575,5.965603099385765,424.0
90420129,SUNNEBY,0.10408163265306125,0.0862708395610869,11,4.30810110489971,10.344827586206897,327.0
90420898,ALTAPPEN,0.19444444444444442,0.23086947154125523,17,4.498346778625051,13.233483791546986,469.0
90423825,ÅBÄCKEN,-0.12993920972644377,-0.14112341240973125,18,2.905655607058156,5.8015020553196806,264.0
90423887,NORDEN,-0.25471698113207547,-0.2553288153713612,16,4.638375097992542,286.3195286778721,2110.0
90424146,HANDSKALAD,-0.16927656797977328,-0.17656157339109116,22,4.595884488452449,14.93103448275862,615.0
90425626,BÄSTIS,0.700098814229249,0.651589792702778,18,4.698761215182902,0.915656144024828,3538.0
90427102,LEN,0.7617720050278789,0.743814335949293,18,4.7639237278511635,10.333333333333332,154.0
90427319,EDSBRUK,-0.006711409395973145,-0.007928315605694427,7,4.5959103315390895,10.70969469737547,619.0
90428489,FÖRNUFT,0.3666972829801778,0.29927135748706146,22,4.687449803961254,2.5918573266211493,333.0
90428842,EKET,-0.2083580089694465,-0.20121194359417174,22,4.107042820694272,17.818231730432327,891.0
90429097,NEREBY,0.8652666005218094,0.8679432411916574,14,4.746507596468966,4.536115170548179,98.0
90429771,YLLEVAD,0.018211920529801327,0.01642019875450548,3,4.210010634401743,0.6982156710628394,441.0
90432194,HÅLLBAR,0.732884087295852,0.708252057232311,28,4.599413657706594,4.159891734710161,4425.0
90433725,SPIKEN,0.40674603174603174,0.2758481067554418,21,4.592492452998271,13.076393668272539,329.0
90434174,SMÅSTAD,-0.03200568990042674,-0.027424054256214598,3,4.489406331452633,37.852718513420506,58.0
90434188,SMÅSTAD,-0.2620357634112792,-0.273647191134891,11,4.151990903986992,31.505986137366097,105.0
90434230,SMÅSTAD,-0.03056234718826406,-0.0376747027717937,11,4.334504706054322,18.458698661744346,63.0
90434310,ULRIKSBERG,0.4258064516129032,0.18024887849041166,19,4.584585095801184,148.2758620689655,151.0
90434961,FORSAND,-0.33977900552486184,-0.29775037246506464,3,4.4928114392000005,46.163315551908084,731.0
90437238,KLEPPSTAD,-0.6620678968891651,-0.6861368161039587,26,4.208956883412086,179.17179513248206,495.0
90439218,LINDBYN,-0.14256792287467135,-0.14177887645553577,20,4.696503873960635,114.33908045977012,1242.0
90439628,SKYDRAG,-0.18224729955212082,-0.188381364009984,14,4.053913692042106,15.362143228457558,134.0
90440764,UPPSNOFSAD,0.7113147772838214,0.6893559784448386,28,4.5969315443938745,1.7223580226404347,831.0
90441018,MISTERHULT,-0.024440019910403177,-0.03309903104085306,22,4.689988366341819,91.37356321839079,422.0
90442683,NATTJASMIN,0.25485436893203883,0.2609470585133402,11,4.4997441630728945,22.97701149425287,3129.0
90442980,EKBACKEN,-0.32729977684106126,-0.33696131749121877,18,4.304581772443279,77.01149425287356,592.0
90443927,SUNNERSTA,0.6268405875461835,0.6471665374852015,14,4.578108245297479,2.293103448275862,101.0
90444267,BUMERANG,0.12032552402202205,0.11634710429514752,20,4.496792355340239,2.9518787742420587,233.0
90444366,ROSENSKÄRM,-0.19166666666666665,-0.17304572410453578,33,4.201271059803707,20.678160919540225,3597.0
90447020,KOMPLEMENT,-0.17712418300653596,-0.17177365723732754,4,4.409211862874075,52.82372578335746,90.0
90447176,IDANÄS,-0.3981694943746023,-0.39844447636010066,4,4.497652714840816,739.7538944684557,325.0
90448736,BOAXEL,0.20075691538819151,0.19119222180317072,16,4.494999262052175,13.793103448275861,143.0
90448741,BOAXEL,0.5722070844686649,0.5595810289709456,9,4.584853960409303,3.6756983826927114,154.0
90449175,KLOCKREN,-0.18046357615894043,-0.12865536046568804,19,4.5895795247616,8.620689655172413,232.0
90449590,EKBACKEN,-0.43810207631452724,-0.40124754349741326,8,4.239955488612175,108.61494252873563,97.0
90449905,LACK,0.2879746835443038,0.24795368351107244,15,4.499783162184325,24.47840141052013,3695.0
90450569,STENSUND,-0.10810810810810811,-0.08376153365688782,5,4.4089628936072085,41.29387474191328,95.0
90452163,ENHET,0.497797776968562,0.4794454591084815,12,4.662024837848277,14.967989009648381,98.0
90452304,MILSBO,-0.13436014483095648,-0.13009813551116614,6,4.65363032832,286.2068965517241,77.0
90454001,KROKFJORDEN,-0.5466666666666666,-0.5443428400787983,21,3.5454891036783067,11.482758620689655,360.0
90454082,FÖRBÄTTRA,-0.49082568807339444,-0.5301723486993619,3,4.310017495306093,149.42528735632183,261.0
90454497,SÖDERHAMN,0.11780109522584438,0.10611375107612564,4,4.248367170425264,106.48739977090491,77.0
90455086,SAMLA,0.6996527777777778,0.6621622953850451,29,4.596868847584615,1.3390465988216391,814.0
90456590,MÅLA,0.006389776357827476,-0.007039620770806904,19,3.671272598103704,1.9492604564599862,198.0
90456849,FJÄLLBRÄCKA,-0.31631740279866905,-0.30393009776153157,8,4.401293733667621,97.00737433909225,751.0
90457071,SÄFFEROT,0.4438559322033898,0.39968000412956556,7,4.598386923337709,15.438324282389448,1597.0
90457189,BRYNDUM,0.0,0.008964818157319976,9,4.648777688260466,9.555822328931573,824.0
90457467,FJÄLLARNIKA,-0.23194533720720956,-0.16855586592856953,16,4.400297068136877,66.64402293249387,3331.0
90457486,SUSIG,-0.445318141307954,-0.44215893356256053,20,4.112841126888354,9.08924888322295,480.0
90457735,ENHET,0.17441860465116277,0.157986420699599,5,4.494560008043244,31.365660874474624,130.0
90458221,PAX,-0.48684210526315785,-0.5162740000337338,11,4.205845904822392,91.95402298850574,768.0
90458235,PAX,-0.5779288702928871,-0.5829053902278166,11,4.112841126888354,103.44827586206895,480.0
90458768,IDANÄS,-0.4802355901710278,-0.48055829314106224,4,4.496306794451377,348.7349426348201,200.0
90458810,IDANÄS,-0.07757823213694615,-0.05995637787465376,16,4.593454475352765,144.5800592554425,380.0
90458867,IDANÄS,-0.6150234741784038,-0.5891385536459565,7,4.310626924678328,688.5057471264367,245.0
90458891,IDANÄS,-0.4273182957393484,-0.42080412904211534,3,4.4063368228687905,391.80135174845725,139.0
90460568,VILDKORN,0.054506933744221886,0.03150410347397383,24,4.2035509128210204,9.183908045977011,1276.0
90460587,VILDKORN,0.08650519031141868,0.05020083053333428,20,4.206151112704686,7.985495347564313,729.0
90461997,ÄNGSKORN,-0.2032014157014157,-0.1970320095036004,4,4.302032640865746,30.674693871149863,1357.0
90465924,NEREBY,0.23577328661622574,0.2559335167964856,14,4.409044374458182,10.161666666666665,92.0
90466155,GLIS,0.6496732026143791,0.620923182472835,11,4.5932509875398955,3.4367816091954024,368.0
90467112,OFTAST,0.5420005761575528,0.5331747126897496,8,4.738381020857229,0.7226664267329456,169.0
90467211,LÅNGDANS,-0.14814814814814814,-0.16766255251732926,7,4.12920037073242,24.769442532690984,201.0
90467838,BJÖRKÅSEN,0.4525862068965517,0.38229729667196327,23,4.499316537513073,28.72413793103448,1160.0
90469489,SMUSSLA,0.37085524848834617,0.38194261925712675,14,4.672294850254088,48.5834995920177,141.0
90471840,SANDVEDEL,-0.1787447486600029,-0.24837412137929266,10,4.207293462206985,39.486940955455054,612.0
90473486,SKOGSVIKEN,0.33639143730886856,0.3155636999681541,21,4.4979408726097185,1.1379310344827585,373.0
90474438,STUK,0.14828317302720032,0.12092640279427255,32,4.598660607295835,8.012241379310344,1927.0
90474443,STUK,0.095771144278607,0.05890546465439846,31,4.598660607295835,9.183908045977011,1927.0
90474532,FÖRUT,0.25607902735562305,0.257662675726889,10,4.4122824838321,0.7824199655513563,63.0
90474848,TROTTEN,0.6699999999999999,0.6525678722463021,9,4.718353699873685,53.234530045568754,58.0
90475273,HAVSTORP,-0.023640661938534313,0.0008756492145169874,9,4.407895882463492,34.48275862068965,108.0
90476343,NEREBY,0.43329502931730457,0.43883465248086345,14,4.4939464751157905,4.742772604294386,115.0
90476404,VATNESTRÖM,-0.8342580785618761,-0.8132163306998123,8,4.112764233912975,930.8306095208447,483.0
90477168,FÄRGKLAR,-0.15817223198594021,-0.16369716221477512,3,4.593437987885139,8.994589720468891,379.0
90477352,BILLY,0.2739071038251366,0.26828748717647916,3,4.497334043676822,10.501995379122032,284.0
90477371,OXBERG,0.255420054200542,0.2685347949488876,5,4.586842834294949,28.210915059499385,180.0
90477677,HAUGA,-0.049943693693693725,-0.03437241565564598,10,4.494968007440001,109.71294425251142,142.0
90477743,NYMÅNE,-0.7709435626102292,-0.7778687207440118,4,3.839847571589189,74.70114942528735,278.0
90477941,REMSTA,0.23621700879765398,-0.02299322353639183,12,4.492731930069487,191.33309364478882,98.0
90478120,PILSKOTT,-0.6949221046443268,-0.6985352257381298,18,4.242545196207408,114.9310344827586,90.0
90478177,FÄRGKLAR,-0.1784,-0.09183174924808594,3,4.596507883633244,9.785483397002645,728.0
90478276,BOYSENBÄR,-0.022490891996709367,-0.019071297656096508,4,4.211781746642052,4.442051784962101,372.0
90478479,VATNESTRÖM,-0.8,-0.7196593137556526,7,4.112764233912975,756.3661390227115,483.0
90479285,RAKKESTAD,0.16470588235294117,0.1830715846600869,3,4.4900602616098775,11.494252873563218,63.0
90479737,LYCKSELE,0.44397620708362395,0.4502580128160055,4,4.4067221702054065,73.5632183908046,130.0
90479756,LYCKSELE,0.3930418584264738,0.40022050984653096,8,4.4067221702054065,96.43840882185087,130.0
90480161,LÄTTBAKAD,0.39148899108138235,0.384146888205015,14,4.767512466965445,5.454022988505747,173.0
90480175,BAKTRADITION,-0.2152,-0.1718431789734397,19,4.4018254700741295,4.586206896551724,527.0
90480401,KVISTBRO,0.4691512978142076,0.47023894768751046,26,4.696545004855215,34.47126436781609,1257.0
90483268,VIHALS,-0.3867868721729809,-0.3821423221514247,18,4.496915253603065,204.20359026978846,243.0
90483584,MYLLRA,-0.02995927266743459,-0.06547060686679684,8,4.7455691332491226,421.84632321520394,96.0
90484244,IKEA 365+,-0.4714738510301109,-0.5195072104653258,7,4.499456000804324,17.229885057471265,1462.0
90484258,GULLIGAST,-0.530357142857143,-0.5057879541443329,18,4.671395332405195,45.96551724137931,136.0
90484263,GULLIGAST,0.5633802816901409,0.5611795020987738,19,4.771004117712149,3.908316191595651,196.0
90484654,IVAR,-0.30861340100890144,-0.3132914949514518,4,2.8600703249806454,17.870959340191476,478.0
90485597,LINDBYN,-0.35864075537988577,-0.349283975223558,10,4.596335979170745,64.30922521086528,693.0
90486139,ALEX,-0.21523995111928362,-0.28782712145180683,22,4.498844879756671,137.6991289285475,679.0
90486455,HUVUDROLL,-0.15909090909090906,-0.22138406885957151,19,4.696690369038618,12.724066999706142,1313.0
90486686,VITROCKA,-0.2697715289982425,-0.383789136864708,3,4.575878529540741,8.994589720468891,134.0
90486728,VANNAREID,-0.601634382566586,-0.5585187049201327,8,4.032263311773229,129.17330421216633,236.0
90487860,IDANÄS,-0.5165184243964422,-0.5102360412821162,13,4.493710009300001,320.6896551724138,110.0
90488204,ANSPRÅKSLÖS,0.2727272727272727,0.35386184145375327,3,4.746042445133913,3.4788430637386183,149.0
90489086,TONSTAD,-0.6657614827257685,-0.6554232290003252,8,4.2321320362965045,458.6206896551724,125.0
90489227,SKÖTSAM,-0.12411347517730498,-0.12262105903362547,19,4.494165805727537,6.882312456985547,120.0
90489883,SMÅGÖRA,-0.06557377049180324,-0.35530106746166384,15,4.489120016086488,80.44827586206895,56.0
90489901,ÖSARP,-0.025947459086993974,-0.029379856551149542,10,4.3175778691220135,16.827501308844962,141.0
90490476,GOSIG RÅTTA,0.6562283437283438,0.6727246280510355,8,4.79435400179268,4.516851284225955,400.0
90491089,TRETUR,-0.15017174753112927,-0.2836528739858433,14,4.3025759273644235,37.21032159124202,1067.0
90491895,NILSERIK,0.1547920892494929,0.1516352936308287,14,4.495207626133334,58.11082344516839,150.0
90492847,POÄNG,0.4037037037037037,0.37522199217851393,5,4.400440407786809,84.0,2243.0
90493007,EKOLN,-0.4112030462666056,-0.414118714527895,14,3.919220925366154,10.22164287162943,503.0
90493446,VISTHUS,-0.08692810457516331,-0.1639470434708456,19,4.694264168216667,424.13793103448273,750.0
90493955,TORALD,0.46982758620689646,0.44628487033193776,27,4.498833161145508,25.02979737783075,672.0
90495596,KALLAX,-0.17763157894736845,-0.18086849085372939,15,4.215523247264865,22.988505747126435,278.0
90496384,IDÅSEN,-0.18551461245235068,-0.18511560962077653,13,4.662982194877312,446.0852176588217,101.0
90496398,IDÅSEN,-0.7682965177778518,-0.7611630374683516,14,4.221572212161503,317.14176629770554,195.0
90496954,STENKOL,0.23333333333333334,0.26335746119672726,17,4.4986692251081,5.867371926731316,587.0
90497699,ÅKERBÄR,0.42076502732240434,0.41455304364513595,7,4.583819137828572,1.8458698661744348,143.0
90498627,SPIKRAK,-0.029881408913666974,0.029831465774895566,4,4.527566532647379,2.793495477368785,312.0
90498873,SILVTJÄRN,-0.5497719380086041,-0.5458385427881248,20,3.476284663415261,11.482758620689655,231.0
90499066,ANGERSBY,-0.023160173160173103,-0.03153929403929401,4,4.334504706054322,403.34748090337155,63.0
90500121,JAKOBSFORS,-0.3119169067315062,-0.3249437610236088,8,4.495178929283833,136.86981354470734,149.0
90500164,KALLFRONT,-0.03178555618794665,-0.02959088554208078,4,4.40367114830406,22.97701149425287,253.0
90502158,LUGNARE,0.09383133998879774,0.05756711844574747,22,4.498218763695576,3.442528735632184,434.0
90503799,PÄRONHOLMEN,-0.6812683801313298,-0.6645913141488062,10,4.325878529540741,202.858180969506,90.0
90503916,HEMMAFIXARE,0.04779174725983237,0.00717823717346601,30,4.6956939210072335,14.93103448275862,1005.0
90503921,HEMMAFIXARE,0.09422348484848486,0.061063513328301705,30,4.6956939210072335,13.071043045917417,1005.0
90504044,NYMÅNE,-0.7216006884681583,-0.717986874695721,6,4.124407943474809,84.66903937878851,244.0
90504341,VALLHORN,-0.16346153846153846,-0.1506778292829771,7,2.935782695450747,8.994589720468891,116.0
90504666,UPPSTÅ,-0.08406183368869938,-0.08231812988289164,18,4.568986680838096,6.885057471264368,66.0
90505487,ÅKERBÄR,0.021739130434782594,0.04939023452505539,17,4.58371800744,7.867448151487826,142.0
90506104,SNURRAD,-0.048335974643423096,-0.08441572144491319,23,4.784525888255361,30.87602742642988,383.0
90506547,TRIPPEVALS,-0.6759091822382961,-0.6432215988169488,18,4.017072669146667,55.38599631886871,462.0
90506750,KLACKENÄS,-0.7889647326507395,-0.7932611352633987,17,4.244610496994175,401.1494252873563,85.0
90507603,HUVUDSPELARE,-0.140625,-0.048274137260380226,25,4.30453714478961,71.06963388370423,598.0
90507844,LÅNESPELARE,0.34117117117117113,0.4229770459099081,14,4.402005808851614,12.61461530230315,478.0
90508508,KALLAX,0.2636481687250456,0.20105514158422896,6,4.5917297815568245,27.752168115875968,297.0
90509819,LADDA,0.7727272727272727,0.7736347990628225,17,4.696945132586963,5.735632183908046,1424.0
90510813,SEGERÖN,-0.7559523809523809,-0.724762786103827,8,4.252814726326438,228.73563218390802,69.0
90510894,TVÄRHAND,0.6436170212765957,0.6414969874849914,21,4.692147738307308,12.381280110116997,543.0
90511105,NÄMMARÖ,0.2622950819672131,0.14916882017426242,19,4.673779054704763,57.47126436781609,150.0
90511233,RÖNNINGE,-0.09645669291338582,-0.1136380616861297,7,4.563817794311112,107.68126346015792,54.0
90512242,LINANÄS,-0.6535866477272727,-0.654489055962451,8,3.15592191184762,445.7044722027391,150.0
90512379,VODSKOV,-0.8695252116304748,-0.8618333128859444,4,4.14047393158481,187.69495608807478,140.0
90512666,TOLKNING,0.7346790890269151,0.7329544428929553,14,4.669408897155556,91.94252873563217,126.0
90514095,KNÖCKLA,-0.8589015151515151,-0.8022750414565445,8,4.108595270417204,29.120992382909254,726.0
90514514,KAPPELAND,0.16728470732454798,0.18077128166776527,18,4.739756128062137,52.06454743642671,85.0
90515684,VÄRMANSÖ,-0.7540983606557378,-0.7392278073180294,9,4.248367170425264,250.86255567404805,77.0
90516805,TÄTING,0.573666823748935,0.5700560708658816,10,4.6804216941795564,17.229885057471265,207.0
90516914,TÖVÄDER,-0.038775510204081626,-0.09189945245910772,17,4.225959780736724,12.914572864321606,159.0
90517287,VIMLE,0.29411764705882354,0.3122737266949791,3,4.251627878543821,47.78407897500525,71.0
90517782,SKUGGNÄVA,0.5261904761904761,0.5449124685111303,19,4.681334242332204,17.887130075705436,218.0
90518456,TROFAST,0.6616073543649322,0.6595427882326067,4,4.686276888443614,11.74712643678161,303.0
90518574,TROFAST,0.8237704918032787,0.6962113166942143,17,4.781477257284776,6.896551724137931,317.0
90519130,SÖDERHAMN,-0.13178294573643412,-0.17997833180128758,5,3.8812650825386683,107.74806543246156,57.0
90519917,ROLFSTORP,-0.2027027027027027,-0.22564080237690637,25,2.7734764678846515,8.585337915234822,412.0
90519936,GLITTRAN,-0.2590799031476997,-0.2563363126277592,7,4.495149886689157,136.7816091954023,148.0
90521538,HASVIK,-0.6333333333333333,-0.6389305995622293,3,4.304241094370865,205.7471264367816,642.0
90521915,JÄTTESTA,0.2972955211808715,0.2888984265073195,14,4.740335396061539,114.9310344827586,86.0
90521963,UPPFYLLD,-0.030254777070063694,-0.0226473008876793,21,3.735776003132632,1.1379310344827585,362.0
90522043,BILLY,0.20494384186818393,0.00011570357705223873,12,4.597821807015385,49.20386662053741,1178.0
90522420,KALLAX,-0.08108108108108109,-0.099499200069328,5,4.4960916562640785,53.31535035443196,188.0
90523617,OSKARSHAMN,0.6866530208921513,0.6954921452482371,12,4.777018078482962,114.36206896551724,252.0
90524179,BEVARA,0.803030303030303,0.7505104268950914,21,4.788180726076952,1.0767574219350868,507.0
90524184,BELÖNING,0.19076492537313428,0.20418331660929576,14,4.583083644093506,2.4710020640134887,136.0
90525169,BELÖNING,0.3866666666666667,0.37225705372347334,19,4.498457626801533,1.0344827586206897,504.0
90525961,EMMISLÖV,0.9053030303030303,0.9035074571666072,9,4.752632680842749,44.82758620689655,113.0
90526357,ENRUM,0.7755905511811023,0.7477790297924902,9,4.783497024442553,4.586206896551724,358.0
90527880,LJUNGAN,-0.9013157894736842,-0.802350460329829,19,3.779010246400001,36.01180714988521,68.0
90528403,FENOMEN,0.34602665110397823,0.3900504710906814,12,4.591078360241096,2.2169014200724475,274.0
90528441,BLÅVINGAD,0.09782062329455687,0.04035664084434754,6,4.662349411883762,18.734217062323108,99.0
90528691,UPPFYLLD,0.33122028526148967,0.3175368344686439,21,4.593454475352765,2.28735632183908,380.0
90528894,VEDBÄK,0.0013594164456233737,0.00822932379295267,18,4.668534865645715,45.96551724137931,122.0
90529148,UPPFYLLD,0.653968253968254,0.6137800185471497,7,4.736029702993815,2.28735632183908,79.0
90529389,UPPFYLLD,-0.1770624956887632,-0.21571055545896842,22,4.497693069313468,5.735632183908046,331.0
90530081,TROFAST,0.6865380241859729,0.6786298729175275,10,4.686276888443614,9.195402298850574,303.0
90530533,VARDAGEN,-0.33745247148288976,-0.23462204457399297,3,4.499592138394327,11.03838473485689,1956.0
90530585,VATTENSTEN,-0.16601307189542483,-0.14876675359114394,7,3.6791133457333345,11.482758620689655,78.0
90530627,TEODORES,0.6867088607594937,0.6800359251678865,3,4.695180395175493,34.47126436781609,896.0
90531288,SOTNÄTFJÄRIL,-0.4700980392156863,-0.4810535889403981,14,4.008736547111301,41.64760584531855,920.0
90531330,VALLASÅN,0.4702797202797203,0.44875841560304874,14,4.68920314017255,8.740242197741708,390.0
90531764,HAVBÄCK,-0.5644171779141105,-0.5858953732464328,7,4.318148579158442,160.91954022988506,136.0
90531896,JOGGESÖ,-0.6227166276346604,-0.6327714052243956,18,3.9900439746882888,91.30915153830553,93.0
90531900,KJUGE,0.822170823277018,0.7976174103443616,20,4.497596660269851,12.103412810197899,317.0
90532099,BROGRUND,-0.6099450549450549,-0.6040437208628185,18,3.7832723951238107,68.68669885423553,66.0
90532117,DALSKÄR,-0.6155563186813187,-0.6238115218986788,16,3.8837146106810825,75.39720296798113,56.0
90532589,TOBIAS,-0.558091286307054,-0.5976672423343212,9,4.006986258474339,97.94299147810756,1155.0
90532626,RÖNNVECKMAL,-0.3808353808353808,-0.3882427122067612,9,4.116696817729504,32.172413793103445,365.0
90532631,RÖNNVECKMAL,-0.41747981891567576,-0.418379688243645,10,4.116696817729504,35.352000094575104,365.0
90532773,FEJKA,0.19480519480519487,0.17050291328699552,7,4.718353699873685,13.547574039067422,58.0
90533174,EKENÄSET,0.3944099378881988,0.25639981218818514,11,4.594951320136435,202.66005410279533,498.0
90533466,MÖRTFORS,-0.2149078150798019,-0.1544693909794224,18,4.046983546917648,44.843910326171454,50.0
90534437,PÅLYCKE,0.13346284387281174,0.06538648864674237,20,4.115987202975999,2.9664605769269583,382.0
90534461,LUSTEBO,-0.06471675987732278,-0.07134881426403639,14,4.56702381253671,91.16448928281591,61.0
90534625,SÄTTING,-0.3697136197136197,-0.3428624798132412,20,4.128295934470796,8.034482758620689,208.0
90534791,LILLÅNÄS,-0.3066037735849057,-0.28843169325650325,13,4.489406331452633,102.29885057471263,58.0
90538218,ÄLVGRÄSMAL,0.06920438052513525,-0.026336724416900634,14,4.309506398606803,8.674844311155638,276.0
90539166,HUVUDSPELARE,0.43010796003867224,0.46480379019736096,6,4.674970915854546,118.91760153610319,158.0
90539345,LUNNOM,0.4407496055651176,0.4347080842233078,6,4.489808622663292,2.80749697415573,61.0
90540184,DVÄRGHYACINT,0.0793103448275862,0.0960841235360221,11,4.40592191184762,5.735632183908046,150.0
90540706,HOLMERUD,0.07597569091051437,0.08121159331324602,14,4.577922721952542,68.95402298850574,100.0
90540853,PUGG,-0.2922885572139304,-0.29315452950338805,19,4.586974405952001,17.229885057471265,182.0
90541353,TAGGÖGA,-0.45390625000000007,-0.45526985494639227,19,4.495576270276923,13.547574039067422,164.0
90541367,KORKEN,0.3071631829470199,0.3187693860380767,12,4.5791590495232,2.28735632183908,128.0
90542135,LEN,0.125648628613788,0.09937331556744908,10,4.48897097521096,18.379310344827584,55.0
90542178,SMÄLLSPIREA,0.6171497584541062,0.6043237726094093,5,4.755677722788572,4.586206896551724,122.0
90542499,HAVSTEN,-0.9181286549707602,-0.9036830252504141,17,3.063159553912645,137.9310344827586,69.0
90543210,PLOGFÅRA,0.3931349426825258,0.38907756784518865,14,4.708748252800001,8.420219144027751,50.0
90543762,LÅGASKÄR,0.20013661202185795,0.1775936860983553,17,4.661016647702656,68.95402298850574,95.0
90545228,MIDDAGSMAT,-0.7736000000000001,-0.780070687244174,9,4.124131627133584,19.58076207268097,247.0
90548062,ISKUB,-0.06217948717948718,-0.04041674611001725,10,4.22514193668143,2.125752599890531,285.0
90549052,STOPP,-0.1853146853146853,-0.1740971510679348,30,4.109630845166265,4.591954022988506,646.0
90549330,SOLHETTA,0.3183150183150183,0.31078419799627716,16,4.404949657663682,5.159195764436622,183.0
90549405,KRANBALK,-0.5793650793650794,-0.5755191059846247,19,4.103732673296204,45.96551724137931,61.0
90549636,DVALA,-0.005020213400490414,0.006878460206660414,4,4.400108742101601,18.954022988505745,9136.0
90549679,DVALA,-0.07078651685393261,-0.0943893583233418,5,4.302716113887657,16.080459770114942,1011.0
90550210,STOPP FILT,-0.02702702702702703,-0.00047020478439492125,6,4.53236262846786,5.140575713598954,1827.0
90551224,FRIHETEN,-0.5326086956521738,-0.48820127397263674,11,4.203775580271487,446.662078458362,1199.0
90551498,UPPÅTVIND,0.5833333333333334,0.5658797415178347,17,4.658830665330842,5.613165013525698,89.0
90551634,AFTONSPARV,-0.5418593651461004,-0.5027732669066317,18,4.566167288187014,17.58479177496679,59.0
90552266,PLUFSIG,-0.4084185045723507,-0.36887623284214305,8,4.690784270272803,31.833629576964093,460.0
90552308,FLOTTILJ,0.07936507936507936,0.0803967812981597,19,4.233296240510146,8.296576349506406,120.0
90553162,ÄNGSJÖN,-0.2558139534883721,-0.2504977412235609,7,4.574950780676923,435.63218390804593,86.0
90553280,RADERMACHERA,-0.42929956073338427,-0.39589084949968134,12,4.323887873422223,16.438929086181545,99.0
90553685,KLINGSTORP,0.4377615062761506,0.43629562965415597,19,4.5775420792275865,8.0,98.0
90554388,SKÅLBODA,0.302547770700637,0.4409253397068611,11,4.671018955200001,83.91094307918505,134.0
90554538,VISSLAÅN,0.3146766169154229,0.3381471280359175,19,4.7721743551139015,11.482758620689655,205.0
90555364,SÅGMÄSTARE,-0.27510890083339007,-0.27495938797497854,18,4.489936014880001,100.00760571032994,62.0
90555712,FINMAT,-0.9190476190476191,-0.9186911588135334,9,3.9684983027200014,73.40894770006301,52.0
90556071,SEKTION,-0.18899666249478514,-0.19468132949060943,4,2.8682896353215197,7.022988505747126,61.0
90556491,HÅRSLINGA,0.30753553164641034,0.3045771925198812,18,4.64047136743784,22.97701149425287,56.0
90556684,SKOLÄST,0.11351603690685413,0.10336911140319277,4,4.409753737160785,2.28735632183908,84.0
90556702,VIDEVECKMAL,-0.088,-0.11647710809669372,27,4.205853351834905,2.28735632183908,767.0
90557259,SVENSHULT,0.0034153005464480635,-0.004002330907169831,19,4.3405055244985515,17.229885057471265,51.0
90557443,RÅDHUSVIN,0.0018153556885950883,0.014223732263774769,6,4.576099827434863,60.796414912471626,91.0
90557725,VILSTA,-0.8586896265995998,-0.8402781121238316,12,3.4424306930849315,266.7534695231284,128.0
90557886,GRÖNSTA,0.011111111111111072,-0.007291390919250586,17,4.5819088971555555,80.44827586206895,126.0
90558046,NÄSFJÄLLET,-0.5778546712802769,-0.579387265529134,3,3.7844402558409946,34.76549688422433,143.0
90558353,NISSEHOLM,-0.7548543689320388,-0.648233882645626,5,3.6962180074400006,132.84776364382438,142.0
90559456,SANDSKÄDDA,0.6650793650793652,0.6541367444115732,7,4.748718026366943,2.28735632183908,103.0
90559767,SMAKSAM,-0.5593864468864469,-0.5766652871637351,12,3.688954738356045,7.459770114942528,73.0
90560087,TELEGRAFLINJE,-0.8980263157894737,-0.8944664833726107,3,4.036916180690412,171.3695801789401,55.0
90560676,VARDAGEN,-0.7012318990691427,-0.7014126356288004,14,4.4088042583221245,67.76897957461227,95.0
90561807,LAGERPOPPEL,0.6883720930232557,0.6275124252259136,5,4.5796475093,3.4411562284927735,110.0
90562067,BÖNSYRSA,0.008928571428571452,0.0019575001393587407,8,4.646926279402411,7.846937906677404,65.0
90562246,LISTERBY,-0.719047619047619,-0.7190541425554142,5,4.250493199894507,228.73563218390802,73.0
90563444,KUSTGRAN,0.496551724137931,0.4911667192953576,5,4.569351543416471,12.151976618981696,67.0
90563458,SANDTRAV,-0.03286384976525819,-0.036623758044607144,5,4.315356490057143,13.99,164.0
90563482,MYRULL,-0.08809523809523817,-0.11869679828622981,19,4.411305468072729,35.886575735821964,70.0
90563571,RÖDFLIK,0.2866541353383459,0.2561263722591244,20,4.782117813228819,35.17892005181903,329.0
90563689,NÄTBARB,0.48834219599135165,0.4925417317823178,14,4.657643088369231,1.7850038986044587,86.0
90564288,PRAKTVIAL,0.11772151898734173,0.11427050523824452,3,4.493900615078788,25.54370127205581,114.0
90564778,TÄLLÅSEN,-0.41265822784810124,-0.3903178941311853,3,4.407480309702256,251.72413793103448,115.0
90565768,SKANSNÄS,-0.556235827664399,-0.5646273774562369,6,4.071259836438262,111.33465231827225,97.0
90566367,RÖDALM,-0.08743169398907108,-0.13137403292889077,3,4.571987969789248,10.15592942141978,75.0
90566744,KRYLBO,-0.08913043478260874,-0.07468787987775376,5,4.4965445544652365,89.9458972046889,215.0
90567003,FARMARKVAST,0.45914396887159536,0.43872099760569006,19,4.783274612373046,8.034482758620689,353.0
90567630,PEPPRIG,-0.6778656126482214,-0.6739527216417938,18,3.6432440482876407,12.103412810197899,338.0
90567748,SLIBB,0.5933095672359476,0.5806255903294228,16,4.495346134048556,1.1212648860421006,155.0
90568620,KUGGIS,-0.04695444376652433,-0.07613470219822278,4,4.498114475855737,6.053846381267921,409.0
90569097,VIHALS,0.37142857142857144,0.3731353972681433,15,4.723393594943211,91.94252873563217,63.0
90569926,SKÅDIS,-0.030487804878048697,-0.0008641082173533506,3,4.595157771729368,12.310217480508824,520.0
90570246,EMMISLÖV,0.9031007751937984,0.9045381608961518,9,4.752632680842749,45.96551724137931,113.0
90570345,EKBACKEN,-0.5236406619385343,-0.49607445714358284,5,4.239955488612175,163.62330734509644,97.0
90570406,GUNDE,0.3653873642081189,0.3456299365732875,8,4.663937493074027,10.908045977011493,199.0
90570661,SÅPÖRTMAL,-0.7821316614420062,-0.7661920617999828,13,3.6864880965752813,14.350323043790379,160.0
90570963,VALLKRASSING,0.35812356979405036,0.3719180211075697,3,4.404737529478096,8.034482758620689,192.0
90571199,PARKOLVON,0.8879137498919714,0.8848333207128923,18,4.739756128062137,5.016910897466639,85.0
90571528,MATCHSPEL,-0.6327433628318584,-0.6469262987718827,21,4.110381300633766,186.10049955921247,598.0
90573320,IDEALISK,0.009105960264900681,-0.016539915284243863,11,4.491342808498926,3.4367816091954024,75.0
90574391,ALMONDY,-0.06652276295133441,-0.07419688806450155,12,4.682449725858168,6.789693521138439,233.0
90574433,BOLMEN,0.7957317073170732,0.7734316742612776,13,4.694924978329954,1.3227513227513228,850.0
90574800,BRIMNES,-0.6086956521739131,-0.6002295035537905,3,4.400313052608685,249.99,3160.0
90574895,HIMALAYAMIX,0.7089552238805971,0.7034443582951045,3,4.733278292369893,2.28735632183908,75.0
90575258,SLÅNHÖSTMAL,-0.29869972260748956,-0.36268866638681163,4,4.3073164429068065,51.45131568397172,364.0
90575324,KORSKOVALL,0.32077980617534363,0.31855830353248865,22,4.59557704786146,23.87579159022833,571.0
90575606,BOAXEL,0.41059147180192573,0.39391729966394035,3,4.5734171550040825,10.258514567090685,80.0
90575890,SUNDSÖ,0.2678761438603958,0.32222588705624833,4,4.744098028742343,35.91900479492713,93.0
90576031,SLÅNHÖSTMAL,0.09281437125748504,-0.002116239460350955,5,4.401467376387021,5.026672137874436,660.0
90576899,SKOGSDUVA,0.15714285714285714,0.052710364373247,23,4.852911065825883,17.17640320733104,152.0
90576903,SKOGSDUVA,0.2571428571428572,0.2634909995827926,23,4.778894153708844,8.034482758620689,276.0
90577709,ANTILOP,0.3129370629370629,0.2852704572345923,19,4.494871854715924,9.183908045977011,139.0
90578092,SLÅTTIS,-0.5454545454545454,-0.46182753280149613,5,4.412920534940261,8.220893260185505,128.0
90579138,PILTANDVINGE,-0.06296091445427729,-0.09151392046780757,8,4.303648669961358,21.77191756361409,748.0
90579157,PRESSA,0.5965686274509804,0.49122419585675486,20,4.498768931483792,4.701912808220803,636.0
90579162,PRESSA,0.5709876543209876,0.5840922552367415,3,4.498768931483792,4.817618719889882,636.0
90579195,PILTANDVINGE,-0.10130718954248369,-0.03675480507248265,5,4.303648669961358,22.97701149425287,748.0
90579510,RODGERSIA,0.5977179028026486,0.5791875434593798,14,4.7771870632,16.700440975685012,254.0
90579770,BRUNSTA,-0.13555555555555554,-0.1339418242921412,11,3.315883904339824,7.867448151487826,95.0
90580434,KEJSAROLVON,-0.46741854636591484,-0.43250726914726806,3,4.225669727320671,67.40306582506763,161.0
90580896,HEMLAGAD,-0.7279056252905626,-0.7258374698017077,14,4.214727183302564,17.620803664894332,294.0
90580919,HEMLAGAD,-0.8974679386103227,-0.894317477346385,8,3.573616857768422,28.72413793103448,58.0
90581462,GLADELIG,0.4447630498829098,0.42876095426533,18,4.693670806308046,3.1262376058347634,678.0
90581495,GLADELIG,-0.040059240812014174,-0.05663480534831704,8,4.574206744459406,5.559507489557068,83.0
90581990,MAMMUT,0.6252276867030966,0.4883664828428083,12,4.693634221373411,18.162684578411607,674.0
90582089,TROFAST,0.7965801886792453,0.7889356523969108,3,4.6841542488863315,2.448819668919581,260.0
90582579,SUNDSÖ,0.4877049180327868,0.42548051564445005,4,4.747856144457144,55.476044922509935,101.0
90582758,RÖDFLIK,-0.04183673469387755,-0.04988564600967407,16,4.562244654933334,34.47126436781609,51.0
90583381,SKALAD,0.4148276500349636,0.41036529896815954,4,4.59038701546273,1.603448275862069,253.0
90583705,VECKLARFLY,-0.5622645951035782,-0.5644940848950946,10,4.16525388969796,63.206896551724135,80.0
90584700,FAZER,-0.3571428571428572,-0.40561253873761677,15,4.226714425525582,3.306878306878307,154.0
90585337,ÄNGSNEJLIKA,0.1276952363264927,0.10333238284692212,14,4.587353792186408,45.96551724137931,188.0
90585422,EKTANDVINGE,0.05057471264367819,0.06012748618558737,15,4.497050846851282,30.672958555601152,255.0
90585832,DITTE,-0.03664228491814697,-0.018835723946517224,8,4.567838039387655,12.268109385779397,63.0
90585926,STOCKHOLM 2025,-0.41468253968253965,-0.41798236548869244,19,4.4902997733783145,68.95402298850574,65.0
90585950,STOCKHOLM 2025,-0.7333553791887124,-0.7367204492057267,18,4.235345239926155,171.26436781609195,112.0
90585988,STOCKHOLM 2025,-0.22817460317460314,-0.23028701963307058,19,4.574459619513726,57.45977011494253,84.0
90586073,ANNAKAJSA,-0.1832709236631192,-0.20469478812618,4,4.497892359137173,69.94293807055135,364.0
90586092,STOCKHOLM 2025,-0.29174739487877677,-0.2744657164450632,18,4.489265082538668,1608.0459770114942,57.0
90586657,FJÄRILSBUSKE,0.17445482866043613,0.20361941834243158,7,4.568230258419513,4.526074122663168,64.0
90586841,RODGERSIA,0.4522479472338134,0.44702474334507003,6,4.694871805809546,23.08664383867027,841.0
90587690,FJÄLLBO,-0.5765765765765765,-0.560016307265253,19,4.185265082538668,171.26436781609195,57.0
90590145,TIOKRONA,0.552719298245614,0.5461204582164835,8,4.756301980214085,10.882882606919168,124.0
90590206,ULLVIDE,-0.14494382022471913,-0.15170966846996808,3,4.300772920683185,34.47126436781609,3598.0
90590720,NORSÄLVEN,-0.4608932461873638,-0.4716668069612934,10,4.261265082538668,74.78247378387411,57.0
90591588,STOCKHOLM,-0.3779527559055118,-0.36307164892733723,19,4.649941831709092,103.43678160919539,70.0
90591705,METOD,-0.1867612293144208,-0.11070011374552063,3,4.316836633677109,51.72413793103448,148.0
90591734,KÖRSBÄRSBJÖRK,0.7874015748031495,0.804575388873463,7,4.726129537980953,1.3300270513976558,66.0
90591814,VAPPEBY,-0.3222222222222222,-0.254776455379126,8,4.404627354373955,14.62187462969546,197.0
90592125,KUPONG,-0.02791878172588832,0.015656591221026004,19,4.089074795547827,1.4285714285714286,74.0
90593605,RÅDMANSÖ,-0.7720048899755502,-0.7635597145883418,19,4.168030650961702,286.2068965517241,76.0
90594855,STENFRÖ,0.6483050847457626,0.6516135302984843,17,4.682657012560631,19.58076207268097,236.0
90595874,BARNDRÖM,0.3686046511627907,0.36477039287270635,13,4.585607078400001,17.17640320733104,165.0
90596171,BRUGDHAJ,0.20612186701928997,0.21461979797989242,14,4.797370271671796,11.482758620689655,60.0
90596897,FJÄDERHARV,-0.37922705314009664,-0.3563471552070916,9,4.2230898552281415,7.537301953545608,181.0
90596901,FJÄDERHARV,-0.2087141601814288,-0.21785007330652725,12,4.2230898552281415,5.155323070567746,181.0
90597439,NATTJASMIN,0.1581632653061224,0.18776615442673172,3,4.498442710232882,18.379310344827584,499.0
90597707,STENFRÖ,0.6014492753623188,0.6026635679592969,5,4.682657012560631,20.64005505849965,236.0
90598491,PONNYFISK,0.7978722367208019,0.802364012862215,14,4.802376599882928,2.28735632183908,64.0
90598759,GURLI,0.7535211267605634,0.6990315792972991,7,4.59631003001473,3.3588818755635708,688.0
90598783,GURLI,0.24336283185840707,0.21441346977139017,7,4.254700966552382,6.885057471264368,70.0
90599481,VINTERROCKA,-0.4404388714733542,-0.46905592827932835,9,4.081137437528714,5.735632183908046,83.0
90599645,IKEA 365+,-0.0950570342205323,-0.07917871755378132,17,4.5734171550040825,6.740306582506762,80.0
90600291,GREJIG,0.5627705627705628,0.5222572165004977,19,4.71260396042817,5.145977735769796,53.0
90600390,PELARTUJA,-0.027380952380952395,-0.05678279451674214,9,4.494805685099355,45.96551724137931,137.0
90600663,TRAMPSJÖN,0.08329510703363915,0.12942395417964922,18,4.573143105055671,8.379183550286164,79.0
90601605,NATTBAD,-0.7916666666666666,-0.7611784511784512,5,4.036916180690412,49.99,55.0
90602049,KACKLA,0.4078947368421053,0.33538320697512763,9,4.6764432149219255,3.4367816091954024,175.0
90602167,RÖDSYRA,0.6650909490246191,0.6575068687413956,14,4.799936014880002,3.4367816091954024,62.0
90603162,BACKMÅRA,0.11940298507462688,0.1244230867121676,11,4.592783604405541,11.482758620689655,343.0
90603869,GULLSUDARE,-0.013888888888888888,-0.03783428743899995,19,3.675457971330613,4.095778197857593,80.0
90604034,GLADOM,0.6907675194660734,0.6810156702512591,7,4.69861648278593,17.229885057471265,3166.0
90604312,EKBACKEN,-0.43560606060606066,-0.39818772434651006,9,4.239955488612175,103.44827586206895,97.0
90604331,SÄLJAN,-0.09705159705159705,-0.10172522607599964,9,4.497853016507733,80.45977011494253,357.0
90604350,VITTSJÖ,0.13730341361493065,0.1769954002975196,4,4.5963308185780285,70.43483619351464,692.0
90604699,SVARTPOPPEL,0.8702770780856424,0.7831909304074675,11,4.794528113924514,5.9990770650669125,1138.0
90604878,FÄRGKLAR,0.33650793650793653,0.3691895855705521,11,4.674087536414119,3.4185522578117347,152.0
90605123,UPPFYLLD,0.09684672138681312,0.10834226224198278,12,4.4089628936072085,2.28735632183908,93.0
90605255,SANDSBERG,0.19047619047619047,0.1618051614089803,7,4.489936014880001,17.621706337545305,62.0
90605689,BETTHAJ,0.10807515480357031,0.08907730390130483,14,4.414630605741178,2.3030939537153436,50.0
90606090,ÖBONÄS,0.18973747016706444,0.09947466270962067,17,4.1718525976449445,3.4367816091954024,71.0
90606405,HAMPFLOCKEL,-0.6060606060606061,-0.60513475463225,11,3.7849680074400007,52.410626434896685,142.0
90607141,KLADDIG,-0.4112519809825673,-0.4101853177126322,13,4.258163053043039,6.99,61.0
90607363,IKEA 365+,0.5673854447439353,0.6058292549114775,5,4.812031661432968,2.9811336825518504,73.0
90607688,STOENSE,-0.19565217391304357,-0.19129851872210646,25,4.599471256584208,106.96338837042354,4909.0
90607730,SANDSKÄDDA,0.4112,0.386156154379451,11,4.656384962281189,2.28735632183908,89.0
90607947,GLADELIG,-0.06488786610878661,-0.08177962144210231,8,4.679221137690567,10.903113653083988,194.0
90608070,ARBETSTÅG,0.6041666666666667,0.5785754499162791,13,4.759707020716883,8.994589720468891,136.0
90609022,EKBACKEN,-0.5221130221130221,-0.5107155091670169,3,4.239955488612175,171.26436781609195,97.0
90609055,EKBACKEN,-0.43245351267190396,-0.41054006369333657,6,4.239955488612175,103.44252873563218,97.0
90609060,EKBACKEN,-0.33612526899988676,-0.36050527796579246,14,4.304581772443279,79.3103448275862,592.0
90610191,KUGGIS,0.19807384594208635,0.21875628421457646,14,4.498114475855737,2.1752767440653904,409.0
90610860,ENERYDA,0.5872395833333334,0.5788198990829561,13,4.594480680488136,5.747126436781609,454.0
90611812,TOFTBO,0.6712328767123288,0.6529921257144206,7,4.796022359737436,5.735632183908046,1542.0
90612086,BROKGLIM,-0.20407171877760116,-0.2061377457901273,4,4.586288848370526,27.736087756184816,172.0
90612091,BROKGLIM,0.17614135206321332,0.1745402085604237,6,4.586288848370526,8.503394380357161,172.0
90612185,SOLFIBBLA,-0.14102754237288137,-0.1535702495917563,4,4.3103898929011155,30.996815941650645,251.0
90612699,KLOKHET,0.13219952523738132,0.1312349056371825,10,4.572577696741053,4.737025477857603,77.0
90614207,PROFETBLOMMA,0.49449035812672176,0.47195995453023354,7,4.411435415981611,4.586206896551724,69.0
90614575,FLISAT,-0.013986486486486427,0.0918447500420285,10,4.691593284714504,20.202221994255233,506.0
90614641,TIGERFINK,-0.2574679943100996,-0.27712681936007066,19,3.7711773884314144,17.241379310344826,173.0
90615056,GULLSTRÅLE,0.3488943488943489,0.3476135432953615,3,4.768178877899488,34.27368008619845,177.0
90615443,DVALA,0.07976190476190478,0.014326256818516903,3,4.302716113887657,10.908045977011493,1011.0
90615848,SOLFIBBLA,0.13697984630998986,0.13563389161233522,8,4.490638153376745,18.195516308572493,68.0
90616414,SOLFIBBLA,0.33625,0.3228003624328455,5,4.490638153376745,11.482758620689655,68.0
90617932,TRATTKAKTUS,0.9247648855147578,0.9223271651424473,18,4.9169057728,5.735632183908046,100.0
90618050,VÅRVIAL,0.36698413209999897,0.3885781939056741,8,4.499122007841221,12.632183908045976,901.0
90620147,SLÅNHÖSTMAL,0.02097902097902099,-0.010854712116882288,21,4.401467376387021,4.586206896551724,660.0
90621062,VIHALS,0.6191588785046729,0.6449169717830413,3,4.754036156965927,32.73204329288291,117.0
90625319,MALM,0.2260928961748634,0.18118568289137418,9,4.599013959572445,52.404956941818945,2624.0
93763609,IVAR,-0.28110530768872044,-0.2881910584034808,8,3.893610168177778,22.765668563373858,108.0
94528885,BAREN,-0.3057142857142857,-0.41622989548677625,5,4.052870201228388,7.99,137.0
99010986,KOMPLEMENT,0.6002139196001186,0.5742891621688598,6,4.696897803655212,21.264367816091955,1402.0
99017186,KALLAX,0.20440025775568438,0.10417408025569337,12,4.693625008958611,96.47636832510783,673.0
99017445,KALLAX,0.19467500114800018,0.19136587429589014,6,4.693625008958611,100.68988654365148,673.0
99027227,KALLAX,0.19477124183006533,0.18870352429033385,13,4.671395332405195,83.7009031716026,136.0
99031408,HEJNE,-0.4793163240029725,-0.5030435971398662,14,4.328519195820409,179.87356321839079,80.0
99071507,BESTÅ,-0.932146829810901,-0.9266002526547062,3,3.8393162706346664,459.7701149425287,282.0
99157501,BOHOLMEN,0.19952720637027205,0.22203380669220624,8,4.664186025938212,71.23762259637823,105.0
99181068,FLISBERGET,0.16819952237448116,0.08881373372306188,8,4.663594059424794,87.969617386926,103.0
99183581,GRIMO,0.2688679245283019,0.25603385004573453,5,4.68846827536754,61.710255656773434,364.0
99239451,SLÄKT,-0.2520661157024793,-0.247870891738435,19,4.494207778348202,171.24856815578465,121.0
99239494,NORDLI,-0.5490430622009569,-0.5393039799217106,15,4.319963437074286,157.60495526496902,122.0
99239502,NORDLI,-0.5644257703081232,-0.5667368915257779,15,4.410583842451065,349.18845807033364,76.0
99241760,FONNES,0.0056022408963585235,-0.003056342980672292,3,4.40523621679158,24.137931034482758,172.0
99258294,VIMLE,0.2722902097902098,0.2441059362363029,10,4.226714425525582,52.5833027758421,154.0
99260838,KOMPLEMENT,-0.022054492812925236,-0.013458439036746258,18,4.406066348721952,26.413793103448274,146.0
99269080,IKEA 365+,0.19585987261146504,0.14297572239829065,19,4.597841657987075,4.282271023031602,1189.0
99269160,LANDSKRONA,-0.6160990712074303,-0.5106615090267914,5,4.488660298456339,366.66666666666663,53.0
99270465,LANDSKRONA,-0.7777484143763214,-0.7604241281545057,10,4.005209275688422,1090.8045977011493,77.0
99281039,IDÅSEN,-0.21666666666666667,-0.21138639265342551,9,4.578990977341936,355.17241379310343,106.0
99290623,BERGSHULT / RAMSHULT,-0.26692708333333337,-0.272017827981352,7,4.15373849739832,31.335096483494958,101.0
99291745,HYLLIS,-0.136223044942391,-0.2060823317886126,18,4.304886155927273,27.847345609466288,554.0
99297144,JONAXEL,-0.19978758937521504,-0.18750648820301788,14,4.404382736521587,53.849860963272846,209.0
99299039,BILLY / OTTEBOL,-0.22882983676953722,-0.21709298360684343,4,4.5736856685899,183.40057494847161,81.0
99304663,VINLIDEN,-0.4625668449197861,-0.411607857899418,3,4.239955488612175,780.4597701149424,97.0
99305422,SÖDERHAMN,0.45714285714285713,0.436776665600195,5,4.562784017005715,246.1159821565913,52.0
99305691,SÖDERHAMN,-0.29891304347826086,-0.31525051573064333,10,4.324303314699131,690.8045977011493,97.0
99306860,EKET,-0.38760217983651224,-0.39956787254180165,3,4.254057425769413,68.56695072974826,67.0
99325477,BERGSHULT / RAMSHULT,0.03695664747313762,0.02311567179961067,6,4.494771955781818,28.193767500616424,136.0
99336353,EKET,-0.102287166454892,-0.09169542785220386,5,4.412754887056412,41.482881747532026,60.0
99336517,ENHET,0.1980577561972911,0.1333588891728427,4,4.583919019693827,70.81271316349208,144.0
99387007,LYCKSELE LÖVÅS,-0.035502958579881616,-0.0813970667662335,17,4.403811805327204,343.42739160357877,243.0
99387738,BERGMUND,-0.15186915887850466,-0.14805313610387041,3,4.4984025420444445,107.73827015378588,486.0
99393107,UPPSNOFSAD,0.657397107897664,0.659951111431476,21,4.5936768960932035,2.586206896551724,394.0
99395936,BILLY,-0.5675313400794031,-0.5827134777153508,12,4.256726928276544,148.73366528795972,63.0
99399005,VIMLE,0.11328125,0.04794724065880037,3,4.491867486771718,516.0919540229885,81.0
99399109,VIMLE,-0.8108164983164983,-0.8139314526131175,12,3.7944088971555563,1031.00686733377,126.0
99399835,TEODORES,0.5219804750282755,0.38117991854008654,24,4.778303780386015,68.82979815933957,268.0
99401433,VIMLE,-0.5454545454545454,-0.559831639365405,5,4.110741637708109,654.0229885057471,56.0
99412686,BESTÅ,-0.938122332859175,-0.9262965089656107,3,3.512192665208164,360.82474226804123,117.0
99417170,LAGKAPTEN / OLOV,-0.3482843137254902,-0.3471639955820884,8,4.096410366945883,79.47812993539124,67.0
99417486,LAGKAPTEN / OLOV,-0.35344827586206895,-0.3246579091406678,3,4.096410366945883,109.19540229885057,67.0
99425721,VRESJÖN,-0.7752808988764045,-0.8023547136854468,13,3.8446263956425537,257.47126436781605,76.0
99428098,FYRESDAL,-0.21666666666666667,-0.2863779353834787,7,4.338817794311112,320.6666666666667,54.0
99429168,POÄNG,-0.6282608695652174,-0.623227836475119,3,4.401786142173071,261.34440855253035,539.0
99429559,TROTTEN,0.3390066964285714,0.329583559423619,14,4.682519369803176,131.60919540229884,234.0
99429578,TROTTEN,0.13551401869158874,0.07840774797599585,21,4.691672743271078,217.24137931034483,511.0
99429700,BESTÅ,-0.8665183537263625,-0.8515912953018993,3,3.154498919912728,201.00502512562812,92.0
99431982,LAGKAPTEN / ALEX,-0.009999999999999898,-0.06775363971438472,19,4.595539180120547,218.16930488644184,566.0
99439822,BESTÅ,-0.12872628726287272,-0.11331337826332724,5,4.561689429270589,86.14501076812634,50.0
99440496,KIVIK,0.5133689839572193,0.4662504382627043,11,4.586640416361027,199.96923550223042,177.0
99440585,KIVIK,-0.6346472537878788,-0.6374607630840106,10,4.056516422002759,849.4252873563219,127.0
99440590,KIVIK,-0.6633333333333333,-0.6586090611931199,13,4.027135368180133,745.9770114942528,287.0
99440774,SAMLA,0.6481530420483909,0.5782330092560798,36,4.699299328963003,13.834171548826053,6269.0
99442674,KALLAX,0.3763661202185792,0.37528024986449454,3,4.852065156828743,79.99,149.0
99444215,FÖRNUFTIG,-0.5148148148148148,-0.5246125558182296,6,4.496903389193847,98.23042210895727,242.0
99445451,LOBERGET / MALSKÄR,0.2770700636942675,0.3596726661460532,17,4.591016831691034,61.69066509942208,273.0
99449637,SÖDERHAMN,0.08877840909090906,0.007675917832167839,4,4.321014144288722,275.8620689655172,115.0
99449642,SÖDERHAMN,-0.32421875,-0.33654237809081716,5,4.209612722155648,516.0919540229885,460.0
99452093,SÖDERHAMN,0.5426356589147288,0.45479488361673753,3,4.562784017005715,156.7146635321775,52.0
99485343,OSKARSHAMN,0.24534161490683237,0.10693266805498156,15,4.683922924052555,434.48275862068965,256.0
99489628,HYLTARP,-0.3910792151162791,-0.39423489375342574,4,4.24139532603964,786.1930843742693,93.0
99490274,EKET,-0.04509803921568628,-0.050016542077498415,3,4.404853078977562,28.735632183908045,187.0
99494502,BRIMNES,-0.6696165191740413,-0.5653082195696416,3,4.210735703715888,479.38144329896903,410.0
99494795,PAX,-0.25907990769762707,-0.2626023824793116,6,4.585028052818391,247.1264367816092,156.0
99496596,TONSTAD,-0.6933761219475505,-0.6856895725185481,8,4.2321320362965045,591.2199558471441,125.0
99496600,TONSTAD,-0.7073039742212675,-0.6851469120670958,12,4.2321320362965045,642.5287356321838,125.0
99496718,TONSTAD,-0.697752808988764,-0.6683116218033283,5,4.2321320362965045,745.9770114942528,125.0
99496737,TONSTAD,-0.6977698941984656,-0.6997493823760347,4,4.2321320362965045,611.719882051334,125.0
99499991,NYHAMN,-0.8423248901864857,-0.7279344480818105,8,3.7559460131292184,380.76071110909606,225.0
99501927,POÄNG,-0.25625,-0.3551662904592848,5,4.594768837731727,262.06896551724134,480.0
99501970,POÄNG,-0.6317460317460317,-0.5163201104068105,5,4.401786142173071,235.07689293760407,539.0
99506816,LÅNGFJÄLL,-0.55078125,-0.5246446531198686,3,4.315701579721348,240.22988505747125,160.0
99513954,MITTZON,-0.264,-0.24690004213171965,5,4.495319076688373,194.25287356321837,154.0
99514388,MÅRENÄS,-0.5990615410233842,-0.5959979069213446,8,4.176129537980953,125.85632183908045,66.0
99514859,HYLTARP,-0.6389935389935391,-0.6084370932393967,6,4.258908733210258,1090.8045977011493,61.0
99516759,BACKSJÖN,-0.3511271529888551,-0.34670311025541145,10,4.413265082538668,152.49526280057148,57.0
99516764,RUTSJÖN,-0.29266321913380733,-0.29539078238463085,10,4.489120016086488,139.65517241379308,56.0
99521464,FYRESDAL,-0.03125,-0.17089939522719846,3,4.338817794311112,470.1149425287356,54.0
99521497,HEMNES,-0.1653337647928994,-0.24567466003984598,6,4.401293733667621,547.331346331636,751.0
99521510,UTÅKER,-0.28402366863905326,-0.2725826992347911,5,4.315701579721348,369.4770063119928,160.0
99526013,MITTZON,0.13476089588377727,0.12427699966602657,4,4.658830665330842,207.12515719694983,89.0
99527569,MITTZON,-0.07982300884955751,-0.08050306638111429,18,4.652118273808696,420.3709515857087,74.0
99530270,MITTZON,-0.7479508196721312,-0.745711253706324,4,4.310791047067182,483.33248891275787,241.0
99552101,EKTORP,-0.7587630008868822,-0.571493288174287,14,4.2510542354488905,303.3584893719692,72.0
99552177,KALLAX,0.07016348773841963,0.06357331090732735,13,4.643524117825643,108.24742268041237,60.0
99552950,KALLAX,0.3408469945355191,0.3175198978046754,4,4.726998602240001,89.06896551724137,67.0
99554826,LISABO / LISABO,-0.027559055118110187,-0.029151019037830062,5,4.719414041433767,467.3090158293186,59.0
99554869,SANNIDAL,0.32288828337874653,0.3276819296679825,3,4.578990977341936,17.631501616220984,106.0
99554968,KOMPLEMENT,0.5006830601092896,0.5048933507829361,4,4.721454192283545,35.93735750402789,61.0
99560281,AULI,-0.16246498599439774,-0.1687106458862012,9,4.651592100993408,389.6551724137931,73.0
99561153,KUGGIS,0.8511896687376217,0.7762134470909791,24,4.694267897626149,2.8620689655172415,751.0
99575254,NÄMMARÖ,0.0714285714285714,0.08810719758863095,7,4.812987839026088,167.81609195402297,74.0
99581486,BILLY / OXBERG,0.03271692745376953,0.0018418909279457934,11,4.694126508253867,146.62529092319627,732.0
99581815,BILLY,0.1006535947712418,0.08017893274430743,3,4.694315975729549,167.8218861583701,757.0
99590396,KILSVIKEN,-0.7318268895855102,-0.7431114761574532,4,4.139474575249382,299.6591089844952,144.0
99597374,BESTÅ,-0.6668660287081339,-0.6640958014029322,3,4.243347935758491,194.4362817122147,89.0
99597802,BESTÅ,-0.8955696202531646,-0.896251794714018,3,3.377214558981819,265.51724137931035,70.0
99597821,BESTÅ,-0.9145569620253164,-0.9179909615481213,3,3.512192665208164,328.735632183908,80.0
99612242,BESTÅ,-0.9266503667481663,-0.931328362202331,3,3.377214558981819,349.1770496846639,70.0
99615801,AULI / MEHAMN,-0.5047153590615349,-0.5107624387665534,4,4.494596518056376,341.9540229885057,132.0
99620751,SAMLA,0.27777777777777773,0.26346482701884605,15,4.561689429270589,17.2183908045977,50.0
99622854,BESTÅ,-0.9456586558530622,-0.9430536855096057,10,2.8114591255787618,367.1919457498032,95.0
99902939,BRIMNES,-0.5180084745762712,-0.4395589801563534,5,4.301536493232765,287.63505402160865,1801.0
99904189,FARDAL,-0.01367861352191152,-0.024186811718738543,8,4.588104480321461,94.97333319822604,201.0
99929241,RÄCKA,0.4489023870417732,0.4231121165247474,14,4.498567404253381,10.599878672636066,544.0
99931611,MALM,-0.5906880457053467,-0.5831872263670774,4,4.303425099498039,380.93298340544686,798.0
